sentiment,sentence,label,word_count,char_count,avg_word_length,digit_count
neutral,according to gran  the company has no plans to move all production to russia  although that is where the company is growing,0,22,123,5.590909090909091,0
neutral,technopolis plans to develop in stages an area of no less than 100000 square meters in order to host companies working in computer technologies and telecommunications  the statement said,0,29,186,6.413793103448276,6
negative,the international electronic industry company elcoteq has laid off tens of employees from its tallinn facility  contrary to earlier layoffs the company contracted the ranks of its office workers  the daily postimees reported,-1,33,224,6.787878787878788,0
positive,with the new production plant the company would increase its capacity to meet the expected increase in demand and would improve the use of raw materials and therefore increase the production profitability,1,32,204,6.375,0
positive,according to the company s updated strategy for the years 20092012  basware targets a longterm net sales growth in the range of 20  40  with an operating profit margin of 10  20  of net sales,1,35,191,5.457142857142857,16
positive,financing of aspocomp s growth aspocomp is aggressively pursuing its growth strategy by increasingly focusing on technologically more demanding hdi printed circuit boards pcbs,1,24,175,7.291666666666667,0
positive,for the last quarter of 2010  componenta s net sales doubled to eur131m from eur76m for the same period a year earlier  while it moved to a zero pretax profit from a pretax loss of eur7m,1,36,186,5.166666666666667,10
positive,in the third quarter of 2010  net sales increased by 52  to eur 2055 mn  and operating profit by 349  to eur 235 mn,1,24,115,4.791666666666667,16
positive,operating profit rose to eur 131 mn from eur 87 mn in the corresponding period in 2007 representing 77  of net sales,1,22,116,5.2727272727272725,11
positive,operating profit totalled eur 211 mn  up from eur 186 mn in 2007  representing 97  of net sales,1,18,95,5.277777777777778,12
positive,teliasonera tlsn said the offer is in line with its strategy to increase its ownership in core business holdings and would strengthen eesti telekom s offering to its customers,1,29,175,6.0344827586206895,0
positive,stora enso  norske skog  mreal  upmkymmene credit suisse first boston  cfsb  raised the fair value for shares in four of the largest nordic forestry groups,1,25,155,6.2,0
positive,a purchase agreement for 7200 tons of gasoline with delivery at the hamina terminal  finland  was signed with neste oil oyj at the average platts index for this september plus eight us dollars per month,1,35,202,5.771428571428571,4
positive,finnish talentum reports its operating profit increased to eur 205 mn in 2005 from eur 93 mn in 2004  and net sales totaled eur 1033 mn  up from eur 964 mn,1,31,155,5.0,20
positive,clothing retail chain seppl s sales increased by 8  to eur 1552 mn  and operating profit rose to eur 311 mn from eur 171 mn in 2004,1,27,131,4.851851851851852,15
positive,consolidated net sales increased 16  to reach eur74 8 m  while operating profit amounted to eur0 9 m compared to a loss of eur0 7 m in the prior year period,1,31,156,5.032258064516129,9
positive,foundries division reports its sales increased by 97  to eur 631 mn from eur 575 mn in the corresponding period in 2006  and sales of the machine shop division increased by 164  to eur 412 mn from eur 354 mn in the corresponding period in 2006,1,46,243,5.282608695652174,25
positive,helsinki  afx   shares closed higher  led by nokia after it announced plans to team up with sanyo to manufacture 3g handsets  and by nokian tyres after its fourthquarter earnings report beat analysts  expectations  dealers said,1,35,227,6.485714285714286,1
positive,incap contract manufacturing services pvt ltd  a subsidiary of incap corporation of finland  plans to double its revenues by 20072008,1,20,133,6.65,8
positive,its board of directors will propose a dividend of eur0 12 per share for 2010  up from the eur0 08 per share paid in 2009,1,25,120,4.8,14
positive,lifetree was founded in 2000  and its revenues have risen on an average by 40  with margins in late 30s,1,20,103,5.15,8
positive,filippova  a trilateral agreement on investment in the construction of a technology park in st petersburg was to have been signed in the course of the forum  days of the russian economy  that opened in helsinki today,1,37,216,5.837837837837838,0
positive,megafon s subscriber base increased 161  in 2009 to 505 million users as of december 31  while its market share by the number of customers amounted to 24  as of late 2009  up from 23  as of late 2008  according to teliasonera estimates,1,43,235,5.465116279069767,24
positive,net income from life insurance doubled to eur 68 mn from eur 32 mn  and net income from nonlife insurance rose to eur 52 mn from eur 15 mn in the corresponding period in 2009,1,35,174,4.9714285714285715,12
positive,net sales increased to eur193 3 m from eur179 9 m and pretax profit rose by 342  to eur43 1 m  eur1  usd1 4,1,24,107,4.458333333333333,17
positive,net sales surged by 185  to eur167 8 m teleste said that eur20 4 m  or 122   of the sales came from the acquisitions made in 2009,1,27,129,4.777777777777778,17
positive,nordea group s operating profit increased in 2010 by 18 percent yearonyear to 364 billion euros and total revenue by 3 percent to 933 billion euros,1,26,147,5.653846153846154,13
positive,operating profit for the ninemonth period increased from eur13 6 m  while net sales increased from eur394 7 m  as compared to the corresponding period in 2005,1,27,158,5.851851851851852,11
positive,operating profit for the ninemonth period increased from eur3 1 m and net sales increased from eur61 5 m  as compared to the corresponding period in 2007,1,27,153,5.666666666666667,9
positive,operating profit for the threemonth period increased from eur1 2 m  while revenue increased from eur20 2 m  as compared to the corresponding period in 2005,1,26,155,5.961538461538462,9
positive,the brazilian unit of finnish security solutions provider fsecure signed up 1500 new clients last year  online news source reseller web quoted the division s commercial director  vladimir brando  as saying,1,31,205,6.612903225806452,4
positive,the company s net profit rose 114  on the year to 822 million euros in 2005 on sales of 6865 million euros  138  up on the year  the company said earlier,1,31,153,4.935483870967742,17
positive,the lithuanian beer market made up 1441 million liters in january  a rise of 08 percent from the yearearlier figure  the lithuanian brewers  association reporting citing the results from its members,1,31,198,6.387096774193548,6
positive,viking line s cargo revenue increased by 54  to eur 2146 mn  and cargo volume increased by 24  to 70116 cargo units,1,22,115,5.2272727272727275,13
positive,the fair value of the property portfolio doubled as a result of the kapiteeli acquisition and totalled eur 26862 12597 million,1,21,126,6.0,10
positive,10 february 2011  finnish media company sanoma oyj hel  saa1v said yesterday its 2010 net profit almost tripled to eur297 3 m from eur107 1 m for 2009 and announced a proposal for a raised payout,1,36,195,5.416666666666667,23
positive,a helsinki  eliiv today reported eps of eur1 13 for 2009  an increase over eps of eur1 12 in 2008,1,20,97,4.85,14
positive,aspo plc stock exchange release february 11  2011 at8 45 am esl shipping ltd  part of aspo group  has signed a new  longterm contract with rautaruukki corporation for the marine transport of raw materials on the baltic sea,1,38,222,5.842105263157895,9
positive,commission income increased by 22  to eur 44 mn  and lending volume rose by 135,1,15,79,5.266666666666667,7
positive,in january  traffic  measured in revenue passenger kilometres rpk  went up by 32  and capacity  measured in available seat kilometres ask  rose by 122,1,24,150,6.25,5
positive,in januaryseptember 2010  fiskars  net profit went up by 14  yearonyear to eur 654 million and net sales to eur 5253 million from eur 4877 million,1,26,146,5.615384615384615,17
positive,net income from life insurance rose to eur 165 mn from eur 140 mn  and net income from nonlife insurance to eur 226 mn from eur 152 mn in 2009,1,30,142,4.733333333333333,16
positive,nyrstar has also agreed to supply to talvivaara up to 150000 tonnes of sulphuric acid per annum for use in talvivaara s leaching process during the period of supply of the zinc in concentrate,1,34,191,5.617647058823529,6
positive,sales for both the department store division and hobby hall increased by 7   while sales for the clothing store subsidiary seppala decreased by 4,1,24,145,6.041666666666667,2
positive,sales have risen in other export markets,1,7,40,5.714285714285714,0
positive,sales increased due to growing market rates and increased operations,1,10,68,6.8,0
positive,the agreement strengthens our longterm partnership with nokia siemens networks,1,10,78,7.8,0
positive,the agreement was signed with biohit healthcare ltd  the ukbased subsidiary of biohit oyj  a finnish public company which develops  manufactures and markets liquid handling products and diagnostic test systems,1,30,209,6.966666666666667,0
positive,the company also estimates the already carried out investments to lead to an increase in its net sales for 2010 from 2009 when they reached eur 1417 million,1,28,156,5.571428571428571,12
positive,the company s order book stood at 15 bln euro  22 bln on september 30  2007  up by 242 pct on the year  with international orders amounting to 365 mln euro  5343 mln,1,33,165,5.0,20
positive,the company said that paper demand increased in all of its main markets  including of publication papers  and that it increased average paper prices by 4 percent compared with last year,1,31,185,5.967741935483871,1
positive,the world s second largest stainless steel maker said net profit in the threemonth period until dec 31 surged to euro603 million us 781 million  or euro3 33 us 431 per share  from euro172 million  or euro0 94 per share  the previous year,1,43,237,5.511627906976744,20
positive,within the framework of the partnership  nokia siemens networks has signed an initial framework purchase agreement with sitronics subsidiary  jsc mikron  which is the largest manufacturer and exporter of microelectronic components in russia,1,33,240,7.2727272727272725,0
positive,seppala s revenue increased by 02  to eur10 1 m in finland  revenue went down by 24  to eur6 8 m  while sales abroad rose by 62  to eur3 3 m sales increased in all the baltic countries as well as in russia and ukraine,1,45,217,4.822222222222222,13
positive,shares of standard chartered  stan  rose 12  in the ftse 100  while royal bank of scotland  rbs  shares rose 2  and barclays shares  barc   bcs  were up 17,1,28,155,5.535714285714286,8
positive,shares of nokia corp rose thursday after the cell phone maker said its thirdquarter earnings almost doubled and its share of the global handset market increased,1,26,160,6.153846153846154,0
positive,in its financial report  published on friday  seb said its net profit soared to sek6 745 bn in 2010 from a yearearlier sek1 114 bn and proposed a 50  dividend increase to sek1 50 per share,1,36,188,5.222222222222222,17
positive,sales for the department store division increased by 15  and sales for the clothing store subsidiary seppala increased by 8  meanwhile sales for hobby hall decreased by 12,1,28,171,6.107142857142857,5
neutral,at the request of finnish media company alma media s newspapers  research manager jari kaivooja at the finland futures research centre at the turku school of economics has drawn up a future scenario for finland s national economy by using a model developed by the university of denver,0,48,284,5.916666666666667,0
neutral,in sweden  gallerix accumulated sek denominated sales were down 1  and eur denominated sales were up 11,0,17,103,6.0588235294117645,3
neutral,the company supports its global customers in developing new technologies and offers a fast route from product development to applications and volume production,0,23,159,6.913043478260869,0
neutral,when this investment is in place  atria plans to expand into the moscow market,0,14,78,5.571428571428571,0
neutral,the new agreement is a continuation to theagreement signed earlier this year with the lemminkainen group  whereby cramo acquired the entire construction machine fleet oflemminkainen talo oy ita  ja pohjois suomo  and signed asimilar agreement   said tatu hauhio  managing director ofcramo finland,0,42,296,7.0476190476190474,0
positive,at first the contract envisaged the construction of three ferryboats with an option for two more units  further confirmed at a total value of 500 mln euro   6458 mln,1,29,165,5.689655172413793,7
neutral,in june it sold a 30 percent stake to nordstjernan  and the investment group has now taken up the option to acquire eqt s remaining shares,0,26,138,5.3076923076923075,2
positive,kesko corporation stock exchange release 28022008 at 0930 1  1  kesko corporation and aspo plc today signed an agreement by which aspo acquires the share capital of kaukotelko ltd  a subsidiary wholly owned by kesko,1,35,215,6.142857142857143,14
positive,sponda plc stock exchange release 5 december 2006 at 1545 eur 15 billion syndicated credit facility for sponda sponda has signed an agreement for a oneyear syndicated credit facility for a total of eur 15 billion,1,36,212,5.888888888888889,13
neutral,stock exchange announcement 20 july 2006 1  1  basware share subscriptions with warrants and increase in share capital a total of 119 850 shares have been subscribed with basware warrant program,0,31,194,6.258064516129032,14
positive,the contract covers hdo platform  ac800 and cxe880 optical fttb nodes designed to increase the forward and return path capacity of the transmission networks,1,24,156,6.5,6
neutral,the new plant is planned to have an electricity generation capacity of up to 350 megawatts  mw  and the same heat generation capacity,0,23,133,5.782608695652174,3
positive,the omx helsinki 25 index was up 092 pct at 251867 and the helsinki cap portfolio index was 091 pct higher at 471119,1,23,116,5.043478260869565,20
neutral,so  the sales growth of cars considerably influence on the tires market,0,12,71,5.916666666666667,0
neutral,a maximum of 666104 new shares can further be subscribed for by exercising b options under the 2004 stock option plan,0,21,117,5.571428571428571,10
neutral,as a result of the share issue  the number of the company s shares increases by 391630 shares and the share capital by a total of eur 1566520,0,28,141,5.035714285714286,13
neutral,finnish real estate investor sponda plc said on wednesday 12 march that it has signed agreements with danske bank as  helsinki branch for a 7year eur150m credit facility and with ilmarinen mutual pension insurance company for a 7year eur50m credit facility,0,41,256,6.2439024390243905,9
neutral,on the route between helsinki in finland and tallinn in estonia  cargo volumes increased by 36   while cargo volumes between finland and sweden fell by 9,0,26,153,5.884615384615385,3
neutral,other measures included increasing synergies and economies of scale within the grimaldi group and personnel adjustments  divestments and redelivery of excess tonnage,0,22,165,7.5,0
positive,rinkuskiai raised the sales by 181 percent  to 137 million liters  while the sales of kauno alus grew by 143 percent  to 960000 liters,1,24,134,5.583333333333333,15
neutral,telecomworldwire7 april 2006tj group plc sells stake in morning digital design oy finnish it company tj group plc said on friday 7 april that it had signed an agreement on selling its shares of morning digital design oy to edita oyj,0,41,232,5.658536585365853,6
positive,telecomworldwire7 april 2006tj group plc sells stake in morning digital design oy finnish it company tj group plc said on friday 7 april that it had signed an agreement on selling its shares of morning digital design oy to edita oyj,1,41,232,5.658536585365853,6
neutral,the 718430 new series a shares will become subject to trading on the helsinki stock exchange s main list  together with the old series a shares  on july 3  2006,0,30,160,5.333333333333333,11
neutral,the fuel purchase contracts have been signed with three months  delivery from this september to november,0,16,104,6.5,0
neutral,tiimari operates 194 stores in six countries  including its core finnish market  and generated a turnover of 765 mln eur in 2005,0,22,128,5.818181818181818,10
positive,under this agreement biohit becomes a focus supplier of pipettors and disposable pipettor tips to vwr customers throughout europe,1,19,129,6.7894736842105265,0
positive,the combination of all services enabling us to offer a complex and strengthened service chain not only limited to the baltic port connections but also for getting access to the world wide grimaldi network into the mediterranean  africa and north america  says uwe bakosch,1,44,271,6.159090909090909,0
neutral,no blindspots coming from 1 vantage point allows investigators to see the whole story in high resolution with no unbroken video,0,21,127,6.0476190476190474,1
positive,the company still expects its turnover in 2010 to slightly increase from the level of 2009  adding that  market predictability is still too poor for trustworthy forecasts on the market development of the contract manufacturing business during the current year,1,40,259,6.475,8
positive,the acquisition will considerably increase kemira s sales and market position in the russian metal industry coatings market,1,18,123,6.833333333333333,0
positive,in januaryseptember 2007  finnlines  net sales rose to eur 5054 mn from eur 4735 mn in the corresponding period in 2006,1,21,119,5.666666666666667,16
positive,adjusted for changes in the group structure  the division s net sales increased by 17,1,15,85,5.666666666666667,2
positive,the change will optimize the operational efficiencies of our growing business   said julia prohaska  director of marketing communications for fiskars,1,20,149,7.45,0
positive,they would invest not only in the physical infrastructure  but would also provide knowhow for managing and developing science and technology parks   said sunrise valley director andrius bagdonas,1,28,194,6.928571428571429,0
positive,4 february 2011  finnish broadband data communication systems provider teleste oyj hel  tlt1v saw its net profit jump to eur2 1 m for the last quarter of 2010 from eur995 000 for the same period of 2009,1,37,202,5.45945945945946,22
positive,finnish aktia group s operating profit rose to eur 175 mn in the first quarter of 2010 from eur 82 mn in the first quarter of 2009,1,27,130,4.814814814814815,13
positive,finnish bank of land s consolidated net operating profit increased from eur 48 mn in the first quarter of 2005 to eur 64 mn in the first quarter of 2006,1,30,152,5.066666666666666,12
positive,finnish financial group aktia reports operating profit of eur 444 mn in januaryseptember 2009  up from eur 373 mn in the corresponding period in 2008,1,25,149,5.96,14
positive,finnish high technology provider vaahto group reports net sales of eur 418 mn in the accounting period september 2007  february 2008  an increase of 112  from a year earlier,1,29,173,5.9655172413793105,14
positive,net sales of finnish food industry company lnnen tehtaat s continuing operations increased by 13  in 2008 to eur 3491 mn from eur 3096 mn in 2007,1,27,145,5.37037037037037,18
positive,an individual promotion also generated slightly higherthanexpected revenues,1,8,75,9.375,0
positive,biohit already services many current genesis customers and the customer base is expected to expand as a result of this agreement,1,21,128,6.095238095238095,0
positive,both operating profit and turnover for the threemonth period increased  respectively from eur0 9 m and eur8 3 m  as compared to the corresponding period in 2005,1,27,160,5.925925925925926,8
positive,circulation revenue has increased by 5  in finland and 4  in sweden in 2008,1,14,75,5.357142857142857,6
positive,clothing chain seppl s net sales increased by 70  to eur 308 mn,1,13,63,4.846153846153846,5
positive,construction volumes meanwhile grow at a rate of 1015 percent annually,1,11,70,6.363636363636363,4
positive,finnish and swedish construction markets are still experiencing an estimated 4  annual growth in 2008,1,15,101,6.733333333333333,5
positive,however  biohit estimates its total net sales will continue to grow in 2009  and that favourable trends in net sales will lead to a profit in 2009,1,27,146,5.407407407407407,8
positive,in 2009  fiskars  cash flow from operating activities amounted to eur121m  up from eur97m in the previous year,1,18,110,6.111111111111111,9
positive,in lithuania  operating profit rose to eur 190000 from eur 70000 in the corresponding period in 2005,1,17,100,5.882352941176471,15
positive,in the fourth quarter of 2008  net sales increased by 2  to eur 10507 mn from eur 10270 mn in the fourth quarter of 2007,1,25,120,4.8,19
positive,international sales rose by 598  to eur 12444 mn,1,9,48,5.333333333333333,8
neutral,kalmar espana generated net sales of some 113 mln euro  148 mln in 2005,0,14,71,5.071428571428571,10
positive,net sales grew in the period to  x20ac 402 million  585us million from  x20ac 401 million in 2006,1,18,97,5.388888888888889,17
positive,net sales increased to eur655m in april to june 2010 from eur438m a year earlier,1,15,80,5.333333333333333,10
positive,net sales rose by 255  yearonyear to eur59 6 m  as the number of chargers delivered went up by 41  to 659 million pieces,1,24,120,5.0,11
positive,net sales totaled eur 936 mn  up from eur 932 mn in the corresponding period in 2005,1,17,84,4.9411764705882355,10
positive,nokia also noted the average selling price of handsets declined during the period  though its mobile phone profit margin rose to more than 22 percent from 13 percent in the yearago quarter,1,32,188,5.875,4
positive,operating profit increased by 1451  to eur 83 mn from eur 34 mn,1,13,63,4.846153846153846,8
positive,operating profit margin increased from 112  to 117,1,8,50,6.25,6
positive,operating profit rose to eur 311 mn from eur 122 mn in the corresponding period in 2009,1,17,87,5.117647058823529,10
positive,operating profit rose to eur 5mn from eur 28 mn in the fourth quarter of 2008,1,16,77,4.8125,7
positive,operating profit was eur 245 mn  up from eur 230 mn,1,11,51,4.636363636363637,6
positive,ramirent s net sales in the second quarterended june 30 were euro 1287 million about us  163 million  a 33percent increase compared with euro 1246 million for thesecond quarter last year,1,31,186,6.0,15
positive,revenue grew by 2 percent to  x20ac 580 million  743 million  from  x20ac 569 million,1,15,85,5.666666666666667,14
positive,ruukki announced that it has signed an agreement with aker solutions of norway to supply 24 suction anchors in september 2010 from its kalajoki unit in finland,1,27,159,5.888888888888889,6
positive,ruukki s delivery volumes and selling prices showed favourable development and the company s comparable net sales grew by 50  yearonyear to eur647m  ceo sakari tamminen said,1,27,173,6.407407407407407,5
positive,sanoma magazines  net sales are estimated to grow in 2006,1,10,57,5.7,4
positive,the bank forecasts finland s gdp will grow by 2  in 2010 and in 2011,1,15,68,4.533333333333333,9
positive,the circuit s overall production rate on a weekly basis is now in excess of an average of 40000 tonnes per day  with volumes in excess of 50000 tonnes per day being reached on individual days,1,36,191,5.305555555555555,10
positive,the company s consolidated operating profit amounted to eur 1586 mn  up from eur 414 mn yearonyear,1,17,98,5.764705882352941,7
positive,the department store division reported an increase in sales of 4 per cent,1,13,73,5.615384615384615,1
positive,the fair value of the company s investment properties grew to eur 2803 billion at the end of march 2009 from eur 2691 million a year ago,1,27,136,5.037037037037037,12
positive,the last quarter was the best quarter of 2009 in net sales  and the operating margin rose to 122,1,19,96,5.052631578947368,7
positive,the major breweries increased their domestic beer sales by 45 per cent last year  to 25688 million litres from 24592 million litres in 2004,1,24,139,5.791666666666667,16
positive,the transaction doubles tecnomens workforse  and adds a fourth to their net sales,1,13,81,6.230769230769231,0
positive,operating profit rose by 269  to eur 1058  834  million,1,10,55,5.5,10
positive,after this purchase  cramo will become the second largest rental services provider in the latvian market,1,16,104,6.5,0
positive,the priority for 2009 was to strengthen the company s balance sheet and increase cash flow   ceo hannu krook said,1,20,113,5.65,4
positive,the purchase of the operations is part of yit s strategy to expand its offering of building system services geographically,1,20,122,6.1,0
positive,21 october 2010  finnish fishing tackle company rapala vmc corp  hel  rap1v  said today its net profit rose to eur18 9 m for the first nine months of 2010 from eur15 1 m for the same period a year earlier,1,40,204,5.1,17
neutral,a structures bim  building information modeling  software from tekla  a modelbased software provider  has been adopted for the construction management and delivery of a university project in abu dhabi,0,29,200,6.896551724137931,0
positive,according to finnish metso minerals  the value of the company s orders has gone up to eur 19 bn in 12 months,1,22,108,4.909090909090909,4
positive,finnish aldata solution has signed a contract of supply its gold system to two french retail chains,1,17,99,5.823529411764706,0
positive,finnish bank of land reports its operating profit rose to eur 213 mn in the second quarter of 2009 from eur 61 mn in the corresponding period in 2008,1,29,149,5.137931034482759,13
positive,finnish financial group aktia s operating profit for 2009 increased to eur 470 mn from eur 66 mn in 2008,1,20,104,5.2,13
positive,finnish forest machinery manufacturer ponsse s net sales grew to eur 513 mn in the first quarter of 2010 from eur 375 mn in the corresponding period in 2009,1,29,156,5.379310344827586,14
positive,finnish kci konecranes has raised its net sales growth estimate for 2006 from over 25  to over 35,1,18,97,5.388888888888889,8
positive,finnish okmetic that manufactures and processes silicon wafers for the semiconductor and sensor industries and norwegian solar wafer company norsun have signed a contract under which okmetic will supply norsun mono silicon crystals for use in solar cell manufacturing,1,39,267,6.846153846153846,0
positive,finnish pharmaceuticals company orion s net sales rose to eur 190mn in the first quarter of 2009 from eur 180mn in the first quarter of 2008,1,26,140,5.384615384615385,14
positive,finnish ponsse has signed an agreement with babcock africa for the distribution and support of ponsse forest machines  harvester heads  and information systems in south africa,1,26,175,6.730769230769231,0
positive,south african sappi will become the largest foreign forest industry company operating in finland as a result of the acquisition finnish mreal corporation s graphic papers business unit,1,28,184,6.571428571428571,0
positive,according to deputy md pekka silvennoinen the aim is double turnover over the next three years,1,16,94,5.875,0
positive,according to hkscan finland  the plan is to increase jrvisuomen portti s net sales to eur 80mn to eur 100mn,1,20,107,5.35,5
positive,advertising and circulation revenues grew by 34  and by 04   respectively,1,11,73,6.636363636363637,4
positive,after the takeover  cramo will become the second largest rental services provider in the latvian market,1,16,103,6.4375,0
positive,again  the most significant sales increase of 186  was in russia,1,11,64,5.818181818181818,3
positive,alma media expects its net sales to increase as forecast previously,1,11,67,6.090909090909091,0
positive,also lemminkinen s profit for accounting period went up to eur 31 mn from eur 245 mn a year ago,1,20,95,4.75,5
positive,at the end of march 2007  the group s order book was at eur 396 mn  up 42  from the corresponding period in 2006,1,24,112,4.666666666666667,13
positive,at the same time profit of the company increased by 10  in h1 and reached ls 79000,1,17,82,4.823529411764706,8
neutral,aviation systems maintenance is based in kansas and generated net sales of usd 26 million for 2008,0,17,98,5.764705882352941,6
positive,besides we have increased the share of meat in various sausages and are offering a number of new tastes in the grill products and shish kebabs segment   paavel said,1,29,164,5.655172413793103,0
positive,both operating profit and net sales for the 12month period increased  respectively from eur10 5 m and eur28 8 m  as compared to the financial year 2004,1,27,151,5.592592592592593,12
positive,both operating profit and net sales for the 12month period increased  respectively from eur20 8 m and eur177 7 m  as compared to the financial year 2004,1,27,152,5.62962962962963,13
positive,both operating profit and net sales for the 12month period increased  respectively from eur21 5 m and eur196 1 m  as compared to 2005,1,24,133,5.541666666666667,13
positive,both operating profit and net sales for the 12month period increased  respectively from eur4 7 m and eur26 7 m  as compared to 2004,1,24,131,5.458333333333333,11
positive,both operating profit and net sales for the ninemonth period increased  respectively by 266  and 34   as compared to the corresponding period in 2006,1,24,149,6.208333333333333,9
positive,both operating profit and net sales for the sixmonth period increased  respectively  from eur13 8 m and eur143 6 m  as compared to the corresponding period in 2007,1,28,163,5.821428571428571,11
positive,both operating profit and net sales for the sixmonth period increased  respectively from eur0 4 m and eur3 2 m  as compared to the corresponding period in 2005,1,28,159,5.678571428571429,8
positive,both operating profit and net sales for the sixmonth period increased  respectively from eur18 1 m and eur127 6 m  as compared to the corresponding period in 2006,1,28,162,5.785714285714286,11
positive,both operating profit and net sales for the sixmonth period increased  respectively from eur7 5 m and eur655 5 m  as compared to the corresponding period in 2005,1,28,161,5.75,10
positive,both operating profit and net sales for the threemonth period increased  respectively from eur15 1 m and eur131 5 m  as compared to the corresponding period in 2005,1,28,164,5.857142857142857,11
positive,both operating profit and net sales for the threemonth period increased  respectively from eur16 0 m and eur139m  as compared to the corresponding quarter in 2006,1,26,162,6.230769230769231,10
positive,both operating profit and sales for the threemonth period increased  respectively from eur0 3 m and eur13 1 m  as compared to the corresponding period in 2005,1,27,158,5.851851851851852,9
positive,both operating profit and turnover for the ninemonth period increased  respectively from eur2 4 m and eur43 8 m  as compared to the corresponding period a year ago,1,28,163,5.821428571428571,5
positive,both operating profit and turnover for the sixmonth period increased  respectively  from eur17 6 m and eur1149 9 m  as compared to the corresponding period in 2007,1,27,163,6.037037037037037,12
positive,both operating profit and turnover for the sixmonth period increased  respectively from eur0 1 m and eur29 0 m  as compared to the corresponding period a year ago,1,28,162,5.785714285714286,5
positive,cargo volume grew by 7,1,5,22,4.4,1
positive,cargo volume increased by approximately 5,1,6,41,6.833333333333333,1
positive,comparable operating profit totaled eur 854mn  up from eur 730mn in 2004,1,12,72,6.0,10
positive,digia said its consolidated net sales for januaryjune 2010 were eur67 8 m  up 97  on the same period in 2009  eur61 9 m,1,24,119,4.958333333333333,16
positive,diluted earnings per share  eps  rose to eur 029 from eur 005,1,12,61,5.083333333333333,6
positive,diluted earnings per share  eps  rose to eur 052 versus eur 009,1,12,63,5.25,6
positive,diluted earnings per share  eps  rose to eur 105 from eur 064,1,12,61,5.083333333333333,6
positive,diluted earnings per share  eps  rose to eur 368 from eur 050,1,12,61,5.083333333333333,6
positive,diluted eps rose to eur3 68 from eur0 50,1,9,40,4.444444444444445,6
positive,ebit margin was up from 14  to 51,1,8,33,4.125,4
neutral,editor s note  grimaldi generated a 17 bln euro   2182 bln  turnover in 2005  ansa reported on may 29  2006,0,20,107,5.35,16
positive,eps for the quarter was eur0 00  as compared with eur0 01 in the third quarter of 2008  representing a group net sales for the third quarter were eur15 3 m  up by 28  as compared with eur14 9 m in the third quarter of 2008,1,46,222,4.826086956521739,22
positive,eps from continuing operations came in at 030 eur  up from 017,1,12,62,5.166666666666667,6
positive,equity ratio was 609  compared to 542  in the third quarter of 2007  net sales of the frozen foods business totaled eur 110  up by about 5  from the third quarter of 2006,1,33,170,5.151515151515151,18
positive,eur928 000 in q1 2010 6 may 2010  finnish textile and clothing design company marimekko oyj  hel  mmo1v  said today its net profit rose to eur928 000 in the first quarter of 2010 from eur13 000 in the corresponding period a year earlier,1,43,236,5.488372093023256,32
positive,finlandbased elcoteq se  a privately held provider of electronics manufacturing services to communications companies  said thursday it signed a longterm manufacturing supply deal with communications equipment company andrew corp,1,29,228,7.862068965517241,0
positive,finnish cutlery and hand tools maker fiskars oyj abp  hel  fisas  said today its net profit rose to eur 241 million  usd 336 m  in the third quarter of 2010 from eur 179 million a year earlier,1,37,192,5.1891891891891895,13
positive,finnish department store chain stockmann oyj abp net profit rose to 398 mln euro   568 mln  for the first nine months of 2007 from 374 mln euro   534 mln  for the same period of 2006,1,35,182,5.2,20
positive,finnish lifting equipment maker konecranes oyj said on july 30  2008 that its net profit rose to 712 mln euro   1111 mln  for the first half of 2008 from 571 mln euro   891 mln  for the same period of 2007,1,40,205,5.125,27
positive,finnish messaging solutions developer tecnomen corporation  omx helsinki  tem1v  said on thursday  11 december  that it has received an expansion order for its convergent charging solution in latin america,1,29,205,7.068965517241379,3
positive,finnish metal industry solutions supplier outotec oyj net profit rose to 504 mln euro   725 mln  for the first nine months of 2007 from 201 mln euro   289 mln  for the same period of 2006,1,35,187,5.3428571428571425,20
positive,finnish metal products company componenta oyj net profit rose to 261 mln euro   359 mln  for the first quarter of 2007 from 53 mln euro   73 mln  for the same period of 2006,1,33,173,5.242424242424242,18
positive,finnish office supplies and computer accessories dealer belttongroup plc said its net profit rose to 13 mln euro   17 mln  in 2006 from 113 mln euro   15 mln  in 2005,1,30,166,5.533333333333333,17
positive,finnish security and privacy software solutions developer stonesoft oyj said on january 7  2008 that the preliminary sales of its stonegate products grew by 59 pct yearonyear to 36 mln euro   53 mln  for the fourth quarter of 2007,1,39,230,5.897435897435898,15
positive,finnish silicon wafer technology company okmetic oyj  omx helsinki  okm1v  reported on thursday  7 august  an operating profit of eur5 3 m for the period januaryjune 2008  up from eur3 3 m in the corresponding period in 2007,1,38,224,5.894736842105263,14
positive,finnish software developer done solutions oyj said its net profit increased to 35 mln euro   46 mln  in 2006 from 23 mln euro   30 mln  in 2005,1,27,143,5.296296296296297,16
positive,first quarter underlying operating profit rose to 41 mln eur from 33 mln a year earlier,1,16,87,5.4375,4
positive,following the acquisition  relacom will strengthen its presence in finland  serving operators and office market with mobile and fixed networks construction  installation and maintenance services,1,25,194,7.76,0
positive,for the first nine months of 2010  the company s net profit rose to eur41m from eur30m for the corresponding period of 2009,1,23,123,5.3478260869565215,12
positive,helsinki  afx   retail and wholesale group kesko reported net sales of 6594 mln eur for february  an increase of 108 pct yearonyear,1,22,131,5.954545454545454,7
positive,however  net sales in 2010 are seen to have grown to eur598 3 m from eur582 3 m in 2009,1,20,87,4.35,16
positive,however  sales returned to growth in apriljune 2010  ceo pekka eloholma said,1,12,76,6.333333333333333,4
positive,ragutis  which is controlled by the finnish brewery  reported a 54percent rise in beer sales to 1044 million litres and held an 1109percent market share,1,25,152,6.08,10
positive,svyturysutenos alus  which is controlled by the nordic group baltic beverages holding  bbh   posted a 47percent growth in beer sales for januarymay to 4622 million litres,1,26,170,6.538461538461538,6
neutral,in 2007  contempus generated revenue of nok 693  approx,0,9,55,6.111111111111111,7
positive,in addition  kone signed a twoyear maintenance contract for the escalators,1,11,74,6.7272727272727275,0
positive,in december alone  the members of the lithuanian brewers  association sold a total of 203 million liters of beer  an increase of 19 percent from the sales of 1992 million liters in december 2004,1,34,194,5.705882352941177,13
positive,in januaryseptember 2009  the group s net interest income increased to eur 1124 mn from eur 743 mn in januaryseptember 2008,1,21,123,5.857142857142857,15
positive,in q1 of 2010  bank of land s net interest income increased from eur 91 mn to eur 97 mn,1,20,87,4.35,9
positive,in sweden  operating profit for the period under review totaled eur 34 mn  up 308  from the corresponding period in 2005,1,21,120,5.714285714285714,9
positive,in the fourth quarter of 2009  orion s net profit went up by 338  yearonyear to eur33m,1,17,86,5.0588235294117645,9
positive,in the second quarter of 2010  the group s net profit rose to eur 31 million from eur 25 million in apriljune 2009,1,23,114,4.956521739130435,12
positive,in the second quarter of 2010  the group s net profit rose to eur3 1 m from eur2 5 m in apriljune 2009,1,23,102,4.434782608695652,12
positive,in the third quarter  net sales increased by 12  yearonyear to eur 1595 million  or by 6  at comparable currency rates growth,1,22,125,5.681818181818182,7
positive,in the third quarter  net sales increased by 12  yearonyear to eur159 5 m  or by 6  at comparable currency rates growth,1,22,119,5.409090909090909,7
neutral,incap estimates it will generate a revenue of 10 mln euro   132 mln  from its indian operations for 2007,0,19,104,5.473684210526316,9
positive,its market share widened to 4851 percent from 4831 percent a year earlier,1,13,73,5.615384615384615,8
neutral,its total annual revenue comes up to about 160 mln zloty   569 mln42 3 mln euro,0,16,79,4.9375,9
positive,kesko agro eesti  the retailer and wholesaler of grain  agricultural and warehousing machinery and accessories  had net sales of 81 million euros in 2007  an increase by onetenth over the preceding year,1,32,202,6.3125,6
positive,kesko s car import and retailing business  vvauto  saw sales grow by 171 pct,1,14,76,5.428571428571429,3
positive,kone s net sales rose by some 14  yearonyear in the first nine months of 2008,1,16,77,4.8125,6
positive,adp news   feb 11  2009  finnish management software solutions provider ixonos oyj  hel  xns1v  said today its net profit rose to eur 35 million  usd 45 m  for 2008 from eur 31 million for 2007,1,35,193,5.514285714285714,21
positive,adp news   feb 12  2009  finnish it solutions provider affecto oyj  hel  afe1v  said today its net profit rose to eur 85 million  usd 11m  in 2008 from eur 7 million in 2007,1,33,173,5.242424242424242,20
positive,adp news   feb 6  2009  finnish fishing tackle company rapala vmc corp  hel  rap1v  said today its net profit rose to eur 192 million  usd 246 m  for 2008 from eur 175 million for 2007,1,35,184,5.257142857142857,23
positive,adp news   nov 5  2008  finnish electronic measurement products and solutions maker vaisala oyj  omx  vaias  said today that its net profit rose to eur 18 million  usd 231 m  for the first nine months of 2008 from eur 1,1,40,219,5.475,15
positive,adp news   oct 29  2008  finnish lifting equipment maker konecranes oyj  omx  kcr1v  said today that its net profit rose to eur 1166 million  usd 1491 m  in the first nine months of 2008 from eur 736 million for the s,1,41,217,5.2926829268292686,22
positive,metso expects its net sales to increase by about 10  in 2008  at comparable exchange rates,1,16,90,5.625,6
neutral,mreal generated a turnover of eur5 6 bn in 2006 and has 15500 employees,0,14,71,5.071428571428571,11
positive,neste oil corp has signed longterm procurement contracts with honkajoki oy and findest protein oy  both owned by finnish food manufacturers  for the supply of animal fat for biodiesel production at neste s 200000 bcd porvoo  finland  refinery,1,38,242,6.368421052631579,6
positive,net interest income increased by 45  to eur 314 mn from eur 300 mn in 2004,1,16,74,4.625,12
positive,net interest income was eur 1522 mn  up from eur 1010 mn in 2008,1,14,64,4.571428571428571,12
positive,net interest income was eur 393 mn  up from eur 327 mn,1,12,54,4.5,6
positive,net sales of the vegetable oil business rose to eur 106 mn from eur 101 mn,1,16,74,4.625,6
positive,nokia multimedia s net sales totaled eur 57 bn  up 45  from the corresponding period in 2005,1,17,92,5.411764705882353,8
positive,operating income rose to eur 6964 mn from eur 6003 mn in 2009,1,13,61,4.6923076923076925,12
positive,operating profit of kauppalehti group rose to eur 15 mn from eur 13 mn  and that of marketplaces to eur 13 mn from eur 10 mn in the third quarter of 2006,1,32,153,4.78125,12
positive,operating profit rose from eur 194 mn to eur 245 mn,1,11,51,4.636363636363637,6
positive,operating profit rose to 221 mln eur from 199 mln,1,10,49,4.9,6
positive,operating profit rose to eur 16 mn from eur 11 mn in the corresponding period in 2006,1,17,85,5.0,8
positive,operating profit rose to eur 1034 mn from eur 232 in the corresponding period in 2006,1,16,85,5.3125,11
positive,operating profit rose to eur 135 mn from eur 97 mn in the corresponding period in 2006,1,17,86,5.0588235294117645,9
positive,operating profit rose to eur 267 mn from eur 149 mn in the corresponding period in 2006,1,17,87,5.117647058823529,10
positive,operating profit rose to eur 278 mn from eur 175 mn in 2008,1,13,59,4.538461538461538,10
positive,operating profit rose to eur 32 mn from eur 10 mn in the corresponding period in 2008,1,17,85,5.0,8
positive,operating profit rose to eur 47 mn from eur 36 mn,1,11,49,4.454545454545454,4
positive,operating profit rose to eur 47 mn from eur 46 mn,1,11,49,4.454545454545454,4
positive,operating profit rose to eur 92 mn from eur 68 mn in the corresponding period in 2007,1,17,85,5.0,8
positive,operating profit rose to eur2 4 m from eur1 6 m year earlier,1,13,60,4.615384615384615,4
positive,operating profit surged to eur21m from eur106 000,1,8,49,6.125,8
positive,operating profit totaled eur 377 mn  up slightly from eur 372 mn in the corresponding period in 2006,1,18,100,5.555555555555555,10
positive,operating profit totaled eur 55 mn  up from eur 07 mn,1,11,53,4.818181818181818,4
positive,operating profit was eur 114 mn  up from eur 75 mn,1,11,50,4.545454545454546,5
positive,operating profit was eur 1397 mn  up 23  from eur 1138 mn,1,12,57,4.75,10
positive,order intake grew by 40  yearonyear and 30  yearonyear  respectively  to eur 576 million and eur 17 billion for the respective januaryseptember and julyseptember 2010 periods,1,26,174,6.6923076923076925,13
positive,orders received grew by 55  yearonyear to eur732m,1,8,49,6.125,5
positive,orion pharma s operating profit increased by 425  from 2004,1,10,59,5.9,7
positive,passenger volumes rose by 84  in the accounting period,1,9,54,6.0,2
positive,passengerrelated revenue rose by 51  to eur 4608 mn from eur 4385 mn in 2009,1,15,76,5.066666666666666,14
positive,press release 9 october 2009 ruukki has signed a contract to deliver and install the steel structures for a bridge over the kyronsalmi strait in savonlinna  finland,1,27,164,6.074074074074074,5
positive,pretax profit rose to eur 06 mn from eur 04 mn in the corresponding period in 2005,1,17,82,4.823529411764706,8
positive,pretax profit rose to eur 1019 mn from eur 1007 in the corresponding period in 2005,1,16,83,5.1875,12
positive,pretax profit rose to eur 178 mn from eur 149 mn in 2005,1,13,56,4.3076923076923075,10
positive,pretax profit totaled eur 3974 mn  up from eur 1647 mn,1,11,54,4.909090909090909,8
positive,previously  the company had guided for ebit and sales growth of 20 pct and 10 pct respectively for this year,1,20,108,5.4,4
positive,previously the company has estimated its operating profit to reach the level of 2005 only,1,15,89,5.933333333333334,4
positive,profit for the period totaled eur 394 mn  up from eur 339 mn in the corresponding period in 2006,1,19,96,5.052631578947368,10
positive,profit for the period was eur 59 mn  up from eur 13 mn,1,13,54,4.153846153846154,4
positive,profit for the period was eur 98 mn  up from eur 60 mn in 2004,1,15,62,4.133333333333334,8
positive,revenue grew 12 percent to   x20ac  36 billion  us 45 billion,1,11,61,5.545454545454546,8
positive,revenue in july to september grew 14 percent to  euro  467 million from a year earlier  the company said thursday,1,20,113,5.65,5
positive,revenues at the same time grew 14 percent to 43 million euros,1,12,61,5.083333333333333,4
positive,ruukki has signed a contract to deliver and install the steel structures for a bridge over the kyronsalmi strait in savonlinna  finland,1,22,135,6.136363636363637,0
positive,sales in latin america increased by 42  to eur 432mn  and a total of 87 mn mobile devices were sold in the area  representing an increase of 32  from the corresponding period in 2009,1,34,182,5.352941176470588,13
positive,sales of clothing developed best,1,5,32,6.4,0
positive,sanoma magazines finland s net sales grew to eur 1401 mn from eur 1318 mn,1,15,73,4.866666666666666,8
positive,satama s net profit for the third quarter of 2007 rose to 275000 euro   395000  from 270000 euro   388000  for the same period of 2006,1,25,134,5.36,32
positive,section  regional news  the demand in finnair s asian traffic  measured in passenger kilometers  was up 349  in august compare to last year,1,23,139,6.043478260869565,3
positive,svyturysutenos alus  which is controlled by the nordic group baltic beverages holding  bbh   posted a 61 percent growth in beer sales for januaryseptember to 10199 million liters,1,27,178,6.592592592592593,7
positive,that would be an increase from estimated sales of 117 million last year,1,13,71,5.461538461538462,3
positive,the agreement expands tekla structures  scope of use to bridge design,1,11,69,6.2727272727272725,0
positive,the aim is to increase sales by at least one fifth in 2006,1,13,58,4.461538461538462,4
positive,the chain posted sales of 298 million euros for full 2005  a rise of 195 percent  yearonyear,1,17,92,5.411764705882353,10
positive,the company expects its net sales in 2008 to increase 510  from 2007,1,13,68,5.230769230769231,11
positive,the company expects its net sales in the first half of 2008 to reach the previous year s level,1,19,94,4.947368421052632,4
positive,the company is in the process of building a new fleet and has placed orders for 10 pmax tankers of 65200 dwt,1,22,108,4.909090909090909,7
positive,the company s operating income  ebit  totalled eur 00 mn  up from eur 03 mn yearonyear,1,16,86,5.375,4
positive,the eps outlook was increased by 56 pct for 2007 and 70 pct for 2008,1,15,68,4.533333333333333,12
positive,the fair value of the investment properties totaled eur 25349 mn  up from eur 24551 mn in 2006,1,18,94,5.222222222222222,14
positive,the finnish government announced wednesday that it sold a 32 percent stake in chemicals and fertilizer group kemira oyj for   x20ac  6556 million   890us million   sending the company s share price up 6 percent,1,34,210,6.176470588235294,12
neutral,the firm generated sales of 187 mln eur in 2005,0,10,47,4.7,7
positive,the german company has also signed a code share agreement with another oneworld member  american airlines inc  part of usbased amr corp  nyse  amr,1,24,146,6.083333333333333,0
positive,the helsinkibased company  which also owns the salomon  atomic and suunto brands  said net profit rose 15 percent in the three months through dec 31 to   x20ac  47 million   61us million   from   x20ac  408 million a year earlier,1,38,229,6.026315789473684,15
positive,the increase in capital stock has been registered in the finnish trade register on 20 november 2006,1,17,99,5.823529411764706,6
positive,the operating profit for grain trading increased to eur 20 mn from eur 14 mn in 2005,1,17,84,4.9411764705882355,8
positive,the stock rose for a second day on wednesday bringing its twoday rise to gbx12 0 or 20,1,18,86,4.777777777777778,5
positive,the stock rose for a third day on tuesday bringing its threeday rise to gbx10 50 or 18,1,18,86,4.777777777777778,6
positive,the transaction is in line with aspo s strategy to expand in the baltic sea region and in the eastern markets,1,21,109,5.190476190476191,0
positive,the transactions would increase earnings per share in the first quarter by some eur0 28,1,15,87,5.8,3
positive,there has been some recovery of the base metals prices and increased demand for metals in china  however,1,18,104,5.777777777777778,0
positive,this new representation extends comptel s global presence to a total of 18 countries  serving over 250 customers in over 80 countries worldwide,1,23,143,6.217391304347826,7
positive,tietoenator itself uses nokia s intellisync mobile suite s wireless email  calendar  and device management capabilities  and the company will now extend these services to its customers,1,27,184,6.814814814814815,0
positive,total operating revenue grew by 276  yearonyear to eur61m,1,9,57,6.333333333333333,5
positive,vacon s cash flow from operations grew to eur 371 mn from eur 219 mn a year ago,1,18,79,4.388888888888889,6
neutral,vacon will supply drives to ruselprom in the power range from 200 kw up to 2 mw,0,17,79,4.647058823529412,4
positive,we also strengthen our existing partnership with cybercom   says teleste cto esko myllyla,1,13,89,6.846153846153846,0
positive,via the satlan acquisition  teleste plans to further expand its market presence as a video services partner for cable operators  broadcasters and iptv service providers,1,25,168,6.72,0
positive,with the acquisition  the company will expand its offering to north  central and south america  it said,1,17,103,6.0588235294117645,0
positive,with the extension of the new contract for a further eight engines  the plant will now produce over 100 mw  it said,1,22,115,5.2272727272727275,3
positive,yit says the acquisition is a part of its strategy for expansion in central and eastern european markets,1,18,104,5.777777777777778,0
positive,basware s product sales grew strongly in the financial period  by 24 percent,1,13,76,5.846153846153846,2
positive,the second quarter of 2010 was the firstquarter with growth in net sales since the third quarter of2008   said magnus rosen  ramirent ceo,1,23,137,5.956521739130435,8
positive,the transaction strengthens our position  in design and branded goods   said fiskars president and ceo heikki allonen  pointing out that the two groups have relatively few overlapping operations,1,28,194,6.928571428571429,0
positive,1 february 2011  finnish textile and clothing company marimekko oyj hel  mmo1v said today its preliminary operating profit grew to eur8 2 m in 2010 from eur6 3 m in 2009,1,31,169,5.451612903225806,18
neutral,finnish componenta has published its new longterm strategy for the period 20112015 with the aim of growing together with its customers,0,21,134,6.380952380952381,8
positive,finnish larox has signed a contract with the talvivaara project for the delivery of filters to the talvivaara nickel mine in sotkamo  in finland,1,24,144,6.0,0
positive,affecto expects its net sales for the whole 2010 to increase from the 2009 level when they reached eur 103 million,1,21,114,5.428571428571429,11
positive,cash flow from operations rose to eur 527 mn from eur 156 mn in 2007,1,15,68,4.533333333333333,10
positive,commission income rose by 257  to eur 161 mn from eur 128 mn in 2004,1,15,68,4.533333333333333,13
positive,componenta s objective with this agreement is to increase business on its existing production lines,1,15,99,6.6,0
positive,earnings per share for januaryjune 2010 were eur0 30  an increase of 20  yearonyear eur0 25,1,16,91,5.6875,12
positive,earnings per share eps rose to eur 011 from eur 003,1,11,51,4.636363636363637,6
positive,elisa said mobile subscriptions grew 7 percent during 2007  mainly because of customers adopting socalled third generation mobile technology,1,19,140,7.368421052631579,5
positive,eps for the quarter came in at 036 eur  up from 033 eur a year ago and ahead of forecast of 033 eur,1,23,99,4.304347826086956,9
positive,eps grew to 004 eur from 002 eur,1,8,32,4.0,6
positive,exports grew 165 percent to 191 million liters,1,8,46,5.75,6
positive,finnish investment group panostaja oyj said its net profit went up to 86 mln euro  114 mln in fiscal 200506  ended october 31  2006  from 28 mln euro  37 mln in the same period of fiscal 200405,1,37,193,5.216216216216216,27
positive,finnish metal components supplier componenta oyj said its net profit went up to 35 mln euro  45 mln in 2006 from 22 mln euro  28 mln in 2005,1,28,140,5.0,16
positive,finnish silicon wafer technology company okmetic oyj omx helsinki  okm1v reported on thursday 30 october an operating profit of eur7 4 m for januaryseptember 2008  up from eur6 1 m in the corresponding period in 2007,1,36,216,6.0,15
positive,fiskars brands report net sales of eur 1458 mn  up from eur 1384 mn,1,14,67,4.785714285714286,8
positive,geosentric oyj s geosolutions business unit gypsii  the mobile digital lifestyle application and geomobility social networking platform  has signed an agreement with nanjing mynet to make the gypsii mobile social networking platform available to customers of china mobile,1,38,271,7.131578947368421,0
positive,helsinki afx  outokumpu technology said it has signed a 35 mln eur agreement with mongolia s erdenet mining corporation for the engineering of the first hydrocopper plant to be built at the erdenet mine site,1,35,207,5.914285714285715,2
positive,however  the proportion of the paid standing orders grew in 2009,1,11,64,5.818181818181818,4
positive,in addition to the demand in finland  the export of lining stone products also increased,1,15,88,5.866666666666666,0
positive,in januaryseptember 2007  the group s net sales from continuing operations rose to eur 2131 mn from eur 1726 mn in the corresponding period in 2006,1,26,147,5.653846153846154,16
positive,in julyseptember 2008  yit s net sales increased to eur 9708 mn  compared to eur 9068 mn in the corresponding period in 2007,1,23,124,5.391304347826087,16
positive,in the reporting period  net sales rose by 8  yearonyear to eur64 3 m  due to the business acquisitions realized during the first half of 200809  the effect of which was eur10 9 m in the review period,1,38,200,5.2631578947368425,13
positive,in the reporting period  the company s operating profit grew by 432  to eur 6 million,1,16,85,5.3125,4
positive,last year s net sales rose to eur 683 million from eur 622 million,1,14,66,4.714285714285714,6
positive,last year the company raised its turnover to approximately 7 million litas eur 2 mln  from 61 million litas in 2004,1,21,115,5.476190476190476,8
positive,adp news  nov 18  2008  finnish ac drives manufacturer vacon oyj omx  vac1v said today that it had set up new representative offices in romania and ukraine to serve the growing markets in eastern and southeastern europe,1,37,219,5.918918918918919,7
positive,marimekko group s fullyear net sales are estimated to increase by about 10,1,13,74,5.6923076923076925,2
positive,net sales surged by 30  to eur 36 million,1,9,41,4.555555555555555,4
positive,net sales went up by 1  yearonyear to eur 29 million  affected by the business acquisitions  realized during the previous financial period  the effect of which was eur 51 million on the review period,1,34,199,5.852941176470588,5
positive,nevertheless  its market share rose to 4914 percent from 4851 percent a year earlier,1,14,84,6.0,8
positive,nokia  the world s largest mobile phone manufacturer  and china postel  china s largest mobile phone distributor  have a longstanding partnership that continues to grow stronger over time,1,28,187,6.678571428571429,0
positive,octoberdecember sales were 302 mln eur  or a 253 pct increase year on year,1,14,74,5.285714285714286,6
positive,olvi  which controls a 94 percent stake in ragutis through a le coq  said in its annual report published earlier this year that the lithuanian brewery s sales reached 1504 million euros last year  a rise of 204 percent from 1249 million euros in 2004,1,45,250,5.555555555555555,17
positive,olvi expects sales and market share to increase in the first quarter of 2010,1,14,76,5.428571428571429,4
neutral,olvi s target is to strengthen its market share in soft drinks  mineral waters  ciders  long drinks  and energy drinks,0,20,118,5.9,0
positive,operating profit increased to eur 140 mn from eur 49 mn in the corresponding period in 2005,1,17,91,5.352941176470588,9
positive,operating profit of the asian plants grew markedly,1,8,50,6.25,0
positive,operating profit totaled eur 825mn  up from eur 763mn in 2004,1,11,61,5.545454545454546,10
positive,operating profit totalled eur 830 mn  up from eur 235 mn yearonyear,1,12,67,5.583333333333333,6
positive,production capacity will increase from 36 000 to 85 000 tonnes per year and the raw material will continue to be recycled paper and board,1,25,137,5.48,10
positive,profit for the period increased from eur 29 mn to eur 105 mn,1,13,60,4.615384615384615,5
positive,profit per share was eur 103  up from eur 087,1,10,45,4.5,6
positive,return on capital employed rose by 48 percentage points to 196,1,11,62,5.636363636363637,5
positive,revenue from july to september grew 21 percent to euro 23 billion  the finnish company said thursday,1,17,100,5.882352941176471,4
positive,revenue grew 1 percent to euro742 2 million us 964 million from euro735 million,1,14,79,5.642857142857143,11
positive,ruukki s order book at the end of 2010 was 30  up yearonyear and 10  up quarteronquarter,1,17,88,5.176470588235294,8
positive,ruukki signed the contract with norwegian company veidekke entreprenor as,1,10,73,7.3,0
positive,sales in finland rose by 39  and international growth was 07,1,11,60,5.454545454545454,4
positive,sales of security and system packaging increased slightly,1,8,57,7.125,0
positive,stora enso s thirdquarter pretax profit doubled to eur 197mn,1,10,60,6.0,3
positive,strongest growth was seen in the new markets in russia  the czech republic  and slovakia,1,15,88,5.866666666666666,0
positive,the airline has ordered nine airbus a350900 aircraft with deliveries from 2011  and in doing so becomes the lead airline for the latest variant of rollsroyce trent series engines  called the 1700,1,32,195,6.09375,14
positive,the company is now intensifying its smelter operations and increasing its annual production capacity to 230000 tonnes of copper,1,19,127,6.684210526315789,6
positive,the company s market share is continued to increase further,1,10,59,5.9,0
positive,the company s scheduled traffic  measured in revenue passenger kilometres rpk  grew by just over 2  and nearly 3  more passengers were carried on scheduled flights than in february 2009,1,30,185,6.166666666666667,6
positive,the company said that its investments in the new market areas resulted in sales increase in sweden  poland  russia and lithuania,1,21,128,6.095238095238095,0
positive,the disposal of autotank will also strengthen aspo s capital structure   commented gustav nyberg  ceo of aspo,1,17,109,6.411764705882353,0
positive,the earnings per share for the quarter came in at 025 eur  up from the 020 eur of the same quarter a year earlier,1,24,113,4.708333333333333,6
positive,the economic occupancy rate of sponda s property portfolio rose to 912  from 888  in 2006,1,16,89,5.5625,10
positive,the finnish supplier of bssoss and vas for telecom operators  tecnotree  has received expansion orders worth a total us 73 mn for its convergent charging and next generation messaging solutions in latin america  the company announced without specifying which operators had placed the orders,1,44,290,6.590909090909091,2
positive,the group s 12month operating profit grew 31 percent to 3378 million euros,1,13,74,5.6923076923076925,8
positive,the growth in the activeness of talentum s customers  which started at the end of 2009  continued during the reporting period  the company stated,1,24,145,6.041666666666667,4
positive,the growth of net sales in the first half of 2008 has been 28  compared with the first half of 2007,1,21,99,4.714285714285714,10
positive,the pretax profit of the group s life insurance business increased to eur 36 million from eur 27 million,1,19,104,5.473684210526316,4
positive,the pretax profit of the group s life insurance business increased to eur36m from eur27m,1,15,88,5.866666666666666,4
positive,the total delivery volume of paper businesses in 2010 was 1155000 tonnes  up from 1132000 tonnes in 2009,1,18,104,5.777777777777778,22
positive,the value of the firm s forestry holdings increased by sek 36 bn,1,13,64,4.923076923076923,2
positive,this new deal has strengthened the partnership from telemig celular and tecnomen  which it has started since the beginning of telemig s prepaid operations,1,24,154,6.416666666666667,0
positive,turnover rose to eur21m from eur17m,1,6,35,5.833333333333333,4
positive,xerox and stora enso have teamed up to tailor the igen3 to the shortrun  ondemand packaging market,1,17,98,5.764705882352941,1
positive,yit construction and the town of riihimki have signed a lease contract whereby the town will occupy the travel centre office facilities,1,22,135,6.136363636363637,0
positive,the upgrade is intended to raise the network capacity from 450 mhz to 630 mhz in several cities  enabling bidirectional services for digital television as well as broadband data,1,29,177,6.103448275862069,6
neutral,the finnish company stockmann has signed the contract with the company technopolis,0,12,82,6.833333333333333,0
neutral,according to its notice  skandinaviska enskilda banken ab publ helsinki branch has on 10 august 2009 divested in total 11958000 alma media shares to ilkkayhtyma oyj and kaleva kustannus oy  as the conditions of the agreement made by the companies on 1 july 2009 fulfilled,0,45,271,6.022222222222222,19
neutral,as previously announced  geosentric oyj entered into financing agreements with its lead investor on june 30  2010 enabling the company to receive financing up to the aggregate amount of 6m,0,30,188,6.266666666666667,7
neutral,at the same time  the market for automated liquid handling devices is already larger than that for pipettes  according to biohit,0,21,128,6.095238095238095,0
neutral,efore s ceo reijo maihaniemi said that the company has developed and already delivered power supply units to respective systems based on this technology to chinese sector company zte corp she  000063,0,32,199,6.21875,6
neutral,finnish talvivaara mining co hel  tlv1v said thursday it had picked bofa merrill lynch and jpmorgan nyse  jpm as joint bookrunners of its planned issue of convertible notes worth up to eur250m usd332m,0,33,200,6.0606060606060606,7
positive,lead production  in turn  should increase to 60000 tonnes through 2009 in what would be a twofold increase from current capacity levels  zahariev said,1,24,150,6.25,9
neutral,lemminkainen oyj said that it has signed credit agreements with nordea bank sto  nda  pohjola bank hel  poh1s  sampo bank hel  samas and svenska handelsbanken sto  shb a,0,28,169,6.035714285714286,1
neutral,pohjola could increase its stake to 45  in 2013,0,9,47,5.222222222222222,6
neutral,scandic feed will also diversify tosno s product portfolio further,0,10,66,6.6,0
positive,separately  yit corporation and austrian firm e ag last week signed an agreement on the sale of e s building system service business in germany  austria  poland  the czech republic  hungary and romania for eur 55 mln,1,37,216,5.837837837837838,2
neutral,the agreement with jm is one in a series of contracts that teliasonera has signed in recent months with residential construction and real estate management companies in sweden,0,28,175,6.25,0
positive,the company intends to raise production capacity in 2006,1,9,56,6.222222222222222,4
neutral,the estimated value of the contract is eur12 4 m vaisala  headquartered in helsinki in finland  develops and manufactures electronic measurement systems for meteorology  environmental sciences  traffic and industry,0,29,214,7.379310344827586,3
neutral,the mall is part of the baltic pearl development project in the city of st petersburg  where baltic pearl cjsc  a subsidiary of shanghai foreign joint investment company  is developing homes for 35000 people,0,34,207,6.088235294117647,5
neutral,the new facility  to be known as technopolis pulkovo  will introduce to the russian market an entirely new concept of creating  operating and growing a commerciallyfunded science and technology park to support the growth of knowledgeintensive companies,0,37,252,6.8108108108108105,0
positive,thereby  the company will expand its offering to north  central and south america,1,13,81,6.230769230769231,0
positive,to our members and partners  the use of it will mostly be apparent in the increased efficiency of the results service   observes perttu puro from tradeka,1,26,153,5.884615384615385,0
neutral,vacon controls a further 5  of the company via investment fund power fund i eur 10  usd 1397,0,18,92,5.111111111111111,7
neutral,this order is included in wartsila s order book in the second quarter   the company added,0,16,89,5.5625,0
neutral,management decided at the end of 2005 to increase cathode copper capacity,0,12,73,6.083333333333333,4
neutral,4  complete name of the shareholder  otto henrik bernhard nyberg 5  further information  the amount of shares now transferred corresponds to 568  of the total number of shares in aspo plc,0,31,187,6.032258064516129,5
neutral,a data processing unit collects the data  calculates rvr values and provides the data to users via various interfaces,0,19,117,6.157894736842105,0
negative,a tinyurl link takes users to a scamming site promising that users can earn thousands of dollars by becoming a google  nasdaq  goog  cash advertiser,-1,25,148,5.92,0
neutral,alexandria  va  march 28  pertti salmi and hanna vuolteenaho  both of oulu  finland  and sami viitasaari of ii  finland  have developed an ornamental design for a handset  the us patent  trademark office announced,0,33,213,6.454545454545454,2
neutral,alexandria  va  oct 3  markka a oksanen and harald kaaja  both of helsinki  finland  juha salokannel of kangasala  finland  and arto palin of viiala  finland  have developed a system for providing communications security,0,33,220,6.666666666666667,1
neutral,as earlier reported  nokian tyres is building a plant in the town of vsevolozhsk in russia s leningrad region with an annual production capacity of 4 million tires,0,28,163,5.821428571428571,1
neutral,biohit  inc  has expanded its mline family of pipettors with the addition of the new 110 ml volume range,0,19,104,5.473684210526316,3
neutral,capman  the finnish alternative asset manager  has made an acquisition for its helsinkifocused vehicle  real estate fund i the fund has bought a sevenstory office built in 1973 that underwent refurbishment at the end of the 1990s,0,37,229,6.1891891891891895,8
negative,compared with the ftse 100 index  which rose 367 points  or 06   on the day  this was a relative price change of 02,-1,23,115,5.0,10
neutral,compared with the ftse 100 index  which rose 515 points  or 09   on the day  this was a relative price change of 06,0,23,115,5.0,10
negative,compared with the ftse 100 index  which rose 949 points  or 16   on the day  this was a relative price change of 04,-1,23,115,5.0,10
neutral,deliveries are to start later in 2010  and the volume will increase in the years 20112012,0,16,89,5.5625,12
positive,finland s nokian tyres and kazakhstan s ordabasy corporation signed an agreement to build a plant in astana to produce car tires  ordabasy chairman dinmukhamet idrisov said at a press conference,1,31,194,6.258064516129032,0
positive,finnish business software group affectogenimap oyj said it had signed an agreement to acquire all the shares in swedish sector company intellibis ab for 12 mln euro   158 mln  on a debtfree basis,1,33,195,5.909090909090909,5
neutral,finnish heatretaining fireplaces maker tulikivi oyj said on august 29  2007 that its local tiled stoves and utility ceramics subsidiary kermansavi oy will merge into tulikivi by means of absorption in order to streamline the latest s corporate structure,0,39,253,6.487179487179487,6
positive,finnish silicon wafers manufacturer okmetic oyj said on june 29  2007 it signed an agreement with nordea bank finland plc  the local subsidiary of swedish commercial bank nordea bank ab  which will refinance okmetic s syndicated bank facility which amounts to some 20 mln euro   269 mln,1,47,286,6.085106382978723,11
positive,furthermore  bunge will also sign a licensing agreement for the sunnuntai and carlshamn mejeri brands,1,15,101,6.733333333333333,0
neutral,german commerzbank ag s hamburg branch and us jp morgan  nyse  jpm  participated as arrangers  and dutch ing  ams  inga  as coarranger,0,22,134,6.090909090909091,0
neutral,in april 2005  neste separated from its parent company  finnish energy company fortum  and became listed on the helsinki stock exchange,0,21,135,6.428571428571429,4
neutral,in russia  raisio s food division s home market stretches all the way to vladivostok,0,15,84,5.6,0
positive,in september 2010  the finnish group agreed to buy danish company rose poultry as for up to eur23 9 m in a combination of cash and stock,1,27,136,5.037037037037037,7
neutral,increase in the number of shares is based on the option rights which were granted to the management of the company under the stock option plan 2006,0,27,147,5.444444444444445,4
positive,is planning to expand its product portfolio in the harbor segment  chief executive pekka lundmark told financial times deutschland,1,19,130,6.842105263157895,0
neutral,it has some 30 offices worldwide and more than 90 pct of its net sales are generated outside finland,0,19,100,5.2631578947368425,4
neutral,it has80 branches in finland with annual revenue in finland of,0,11,62,5.636363636363637,2
positive,kaukotelko ltd press release 19062007 at 1400 1  1  telko group  kaukotelko  is expanding its strategic partnership with bp industrial lubricants  services  bp ils  by acquiring total ownership of bp s swedish retail company  moluballoy ab,1,36,239,6.638888888888889,14
neutral,milan  afx   the italian shipping group grimaldi has increased its stake in the finnish company finnlines to 354 pct from the 305 pct held in june  according to news agency ansa,0,31,177,5.709677419354839,6
neutral,nokia messaging 11 enables customers to receive emails from up to 10 email accounts on their mobile phone supporting all pop or imap email services,0,25,147,5.88,4
positive,production capacity will rise gradually from 170000 tonnes to 215000 tonnes,1,11,75,6.818181818181818,12
positive,ramirent s danish subsidiary ramirent as has today signed an agreement to acquire the business assets of the machinery rental company jydsk materiel udlejning located in west jutland,1,28,182,6.5,0
neutral,share repurchase 11012008 in the helsinki stock exchange on behalf of sampo plc danske bank as helsinki branch,0,18,110,6.111111111111111,8
neutral,solidium picked up tikkurila shares as a dividend at a book value of eur15 80 per share,0,17,87,5.117647058823529,4
neutral,takoma will carry out the transaction by acquiring the entire share capital of moventas parkano oy  which runs the factory in parkano  southern finland,0,24,151,6.291666666666667,0
positive,the agreement will provide the switch with double the converter capacity  whilst opening up further manufacturing locations in china,1,19,132,6.947368421052632,0
neutral,the building owner and developer  sun hung kai properties group  is one of the largest property companies in hong kong  developing all types of premium residential and commercial projects for sale and investment,0,33,211,6.393939393939394,0
neutral,the companies  aim is to finalize the negotiations and sign the contracts at the start of october 2008,0,18,102,5.666666666666667,4
neutral,the companies signed the letter of intent for the sale on 17 september 2010 and envisaged to seal the actual agreement on 1 january 2011,0,25,136,5.44,11
positive,the company also said on november 16  2006 its real estate fund i ky signed an agreement with finnish window maker fenestra oy to build a window plant in forssa  southern finland,1,32,178,5.5625,6
positive,the company has committed to further expanding the apollo portfolio,1,10,67,6.7,0
neutral,the contract  which was signed yesterday  will run for five years and includes a twoyear extension option,0,17,105,6.176470588235294,0
neutral,the contract covers installation  training and startup services,0,8,63,7.875,0
neutral,the contract value amounts to about eur11m  the company added,0,10,61,6.1,2
positive,the contracts have been signed to acquire uranium produced at the sotkamo nickelzinc mine in eastern finland owned by talvivaara,1,20,128,6.4,0
neutral,the expanded agreement covers the sale  marketing and distribution of benefon s navigation and locator devices in china,0,18,119,6.611111111111111,0
positive,the omx nordic 40  omxn40  index  comprising the 40 most traded nordic stocks on the nasdaq omx exchange  closed up 043  at 113884 points on wednesday,1,26,150,5.769230769230769,15
positive,the omx nordic 40  omxn40  index  comprising the 40 most traded nordic stocks on the nasdaq omx exchange  closed up 129  at 108447 points on friday,1,26,147,5.653846153846154,15
neutral,tietoenator signed an agreement to acquire indian research and development  rd  services provider and turnkey software solutions developer fortuna technologies pvt ltd for 21 mln euro   303 mln  in september 2007,0,31,212,6.838709677419355,9
neutral,to be number one means creating added value for stakeholders in everything we do,0,14,80,5.714285714285714,0
positive,under the terms of the offtake agreement with talvivaara  cameco will provide an upfront investment  to a maximum of  60 million  to cover the construction cost of the uranium extraction circuit,1,31,194,6.258064516129032,2
positive,vaisala oyj press release september 30  2010 vaisala has signed a contract to sell its oxygen measurement technology and business to sick maihak gmbh,1,24,149,6.208333333333333,6
positive,beijing xfnasia  hong konglisted standard chartered bank said it has signed a china mobile phone dealer financing agreement with nokia  making it the first foreign bank to offer financing to the country s small and medium enterprise lr,1,38,235,6.184210526315789,0
neutral,provides summary of the medical equipment pipeline products that the company is developing,0,13,90,6.923076923076923,0
neutral,of course  we are in talks with all those coming up with new projects that involve material handling   konecranes president and ceo pekka lundmark said  when asked whether it was talking to reliance industries for supplying equipment to its upcoming refinery in jamnagar,0,43,270,6.27906976744186,0
positive,lidskoe pivo s investment program foresees the integrated modernization of production  updating transport and logistics infrastructure and developing new marketing instruments   mikshis said,1,23,190,8.26086956521739,0
positive,residentialconstruction in particular has picked up in several markets,1,9,70,7.777777777777778,0
neutral,ruukki is now included on djsi world for the second year running and the european djsi stoxx for the third year running,0,22,119,5.409090909090909,0
neutral,the sale of the oxygen measurement business strengthens our goal to focus on our chosen market segments,0,17,103,6.0588235294117645,0
neutral,a corresponding increase of 8543250 euros in ahlstrom s share capital has been entered in the trade register today,0,19,114,6.0,7
neutral,a in august 2007  latvijas finieris ordered all production lines for a new green veneer mill to be built in ukmerge  central lithuania,0,23,134,5.826086956521739,4
neutral,finnish house manufacturers are targeting the strongly growing onefamily house market in russia,0,13,95,7.3076923076923075,0
positive,after the transaction  alma media raised its stake in talentum to 3065  of the shares and some 3112  of voting rights,1,21,117,5.571428571428571,8
neutral,aldata said that there are still a number of operational aspects to be defined between it and microsoft and further details of the product and market initiatives resulting from this agreement will be available at a later date,0,38,225,5.921052631578948,0
neutral,alexandria  va  july 11  hannu kahonen of juuka  finland  has developed an ornamental design for a handle for fire pit door  the us patent  trademark office announced,0,27,166,6.148148148148148,2
neutral,alexandria  va  may 16  kenneth bower of vista  calif  has developed an ornamental design for a handset  the us patent  trademark office announced,0,23,146,6.3478260869565215,2
positive,as the largest elevator market in the world  chinese output of elevators continued to rise to 262000 units in 2009  up about 5  yronyr,1,24,134,5.583333333333333,11
neutral,aspocomp intends to set up a plant to manufacture printed circuit boards with an investment of rs310 crore,0,18,106,5.888888888888889,3
neutral,baltic pearl cjsc  a subsidiary of shanghai foreign joint investment company  is developing a project in st petersburg  comprising about a million square meters of residential space  two hospitals and several schools and nurseries,0,34,230,6.764705882352941,0
neutral,biohit oyj develops  manufactures and markets liquid handling products and diagnostic test systems for use in research  healthcare and industrial laboratories,0,21,158,7.523809523809524,0
neutral,calls to the switchboard and directory services have decreased significantly since our employees now have uptodate contact information from all their colleagues and customers on their phone and can place the call directly,0,33,221,6.696969696969697,0
neutral,cargotec s share capital after the increase totals 64046460 euros,0,10,65,6.5,8
neutral,cargotec s share capital after the increase totals eur 64299180,0,10,63,6.3,8
positive,compared with the ftse 100 index  which rose 283 points or 05  on the day  this was a relative price change of 23,1,23,113,4.913043478260869,10
positive,componenta increased its stake in turkish steel company doktas dokumculuk ticaret ve sanayi as to 926 pct stake in march 2007,1,21,125,5.9523809523809526,7
positive,earnings per share eps are seen at eur 056  up from eur 038,1,13,59,4.538461538461538,6
positive,estonia s beer market overall grew three percent last year to 130 million liters,1,14,80,5.714285714285714,3
neutral,finnish food company raisio oyj hel  raivv said on friday it has wrapped up the divestment of its margarine operations to us sector player bunge ltd nyse  bg for eur80m usd119 2 m,0,33,179,5.424242424242424,6
positive,finnish lifting equipment maker konecranes hel  kcr1v said on 29 july 2009 it has raised its stake in austrian manipulator maker acs konecranes to 80  and bought german sector player knight europe,1,32,196,6.125,9
neutral,finnish paper maker upmkymmene corp on monday announced the sale of its wrapping unit walki wisa to the capman investment group in a move to further concentrate on its core business,0,31,181,5.838709677419355,0
neutral,following the increase the companyeur tm s capital totals 55 mln romanian lei  198 mln1 56 mln euro,0,18,99,5.5,8
positive,helsinki afx  kci konecranes said it has raised its stake in mmh holdings inc  the owner of usbased morris materials handling  to 909 pct from 745 pct,1,27,150,5.555555555555555,6
neutral,in 2008  it generated net sales of eur 93 million usd 131 m,0,13,59,4.538461538461538,9
neutral,in august  latvijas finieris ordered all production lines for a new green veneer mill to be built in ukmerge  lithuania,0,20,119,5.95,0
positive,it delivers a different user experience and enables us to widen the market we can address,1,16,89,5.5625,0
neutral,jacobs has been supporting storengy s investment of developing storage sites since 2006 as owner s engineer,0,17,107,6.294117647058823,4
positive,adpnews  jun 30  2009  finnish stainless steel maker outokumpu oyj hel  out1v said yesterday it signed a threeyear eur 900 million usd 13 bn revolving credit facility,1,27,166,6.148148148148148,12
positive,most of the increase in net sales was due to the acquisition of swedish silva that produces garden tools and boats,1,21,114,5.428571428571429,0
neutral,mr ashley  deputy executive chairman of sports direct  sold a 43pc stake in the company for more than pounds 900m at the time of the float,0,26,138,5.3076923076923075,5
negative,one of the challenges in the oil production in the north sea is scale formation that can plug pipelines and halt production,-1,22,123,5.590909090909091,0
neutral,rental of building equipment accounted for 88 percent of the operating income,0,12,77,6.416666666666667,2
neutral,ruukki s delivery includes steel structures  including installation  for krakeroy bascule bridge and steel piles for the bridge foundations,0,19,139,7.315789473684211,0
neutral,sanoma will continue to focus on investing in digital media and on strengthening its market positions,0,16,101,6.3125,0
neutral,stockmann was established in 1862 in finland and it became the first foreign company to enter russia s retail trade market in 1989,0,23,130,5.6521739130434785,8
positive,sysopen digia had signed an agreement with the main shareholders of sentera holding in total 7739  of the share capital and votes of sentera,1,24,140,5.833333333333333,4
neutral,the acquisition is part of suomen helasto s strategy to expand the lukkoexpert security chain  suomen helasto ceo kimmo uusimaki said,0,21,133,6.333333333333333,0
neutral,the broadbased wig index ended thursday s session 01 pct up at 6500334 pts  while the bluechip wig20 was 113 down at 368715 pts,0,24,127,5.291666666666667,20
neutral,the business to be divested generates consolidated net sales of eur 60 million annually and currently has some 640 employees,0,20,124,6.2,5
neutral,the company generates net sales of about 600 mln euro  7755 mln annually and employs 6000,0,16,89,5.5625,11
positive,the company plans to expand into the international market through its subsidiaries and distributors from 2011 onwards,1,17,117,6.882352941176471,4
neutral,the company plans to spend the proceeds from the rights offering for strengthening its balance sheet,0,16,100,6.25,0
neutral,the contract covers the manufacturing  surfacetreatment and installation of the steel structures,0,12,96,8.0,0
neutral,the corresponding increase in the share capital  eur422 754  has been entered in the trade register today,0,17,105,6.176470588235294,6
neutral,the corresponding increase in the share capital  in total eur 30000 was registered in the finnish trade register on may 8  2008,0,22,127,5.7727272727272725,10
neutral,the corresponding increase in the share capital due to these subscriptions with the warrants  in total eur 186074  was registered with the finnish trade register on january 4  2008,0,29,180,6.206896551724138,11
neutral,the corresponding share capital increase  eur 101294550 was entered in the trade register today,0,14,95,6.785714285714286,9
positive,the decision to sell a share in lenenergo was reached in line with fortum s strategic plans to invest mainly in generating assets in russia  while lenenergo is a grid company  the press release said,1,35,198,5.6571428571428575,0
positive,the equipment will expand container handling capacity at namibia s main port of walvis bay  on the west coast,1,19,109,5.7368421052631575,0
positive,the expansion includes the doubling of the floor space and the addition of more lifting capacity and production equipment,1,19,121,6.368421052631579,0
positive,the group aims to increase its net sales and comparable operating profit in 2006,1,14,80,5.714285714285714,4
neutral,the order also includes startup and commissioning services,0,8,58,7.25,0
neutral,the order consists of capacity expansion  maintenance services and new charging functionality  the company said,0,15,111,7.4,0
neutral,the phones are targeted at first time users in growth markets,0,11,61,5.545454545454546,0
neutral,the repayment of eur 105 million debenture bonds is related to the company s previous announcement on october 21  2009 to collect irrevocable selling commitments from the holders of its subordinated debenture bonds,0,33,214,6.484848484848484,9
neutral,the revenues of the business reached nok 12 million for 2008,0,11,60,5.454545454545454,6
positive,the subscriptions increase cargotec s share capital by 36780 euros,1,10,66,6.6,5
positive,the subscriptions increase cargotec s share capital by eur 27060,1,10,64,6.4,5
positive,the total area of the gorelovo plant is about 22000 sq m atria invested about euro 70mn in the plant  which should double atria russia s production capacity in the st petersburg area,1,33,182,5.515151515151516,7
neutral,tielinja generated net sales of 75 mln euro  96 mln in 2005,0,12,59,4.916666666666667,8
neutral,tikkurila powder coatings has some 50 employees at its four paint plants  which generated revenues of eur2 4 m usd3 3 m in 2010,0,24,127,5.291666666666667,10
neutral,us district judge douglas p woodlock yesterday extended a jan 17 temporary restraining order until march 7,0,17,106,6.235294117647059,3
neutral,uk s sarantel to outsource part of its processes to elcoteq plant in estonia london  oct 13  bns  the british miniature antennas maker sarantel has signed an agreement to outsource its assembly test and supply chain processes to the plant of elcoteq in the estonian capital tallinn,0,47,281,5.9787234042553195,2
neutral,under the rental agreement  stockmann was committed to invest in the building of a bridge over the gogol street or build an underground tunnel for crossing the street by 2004,0,30,174,5.8,4
neutral,we have made longterm investments in developing the system s implementation model,0,12,81,6.75,0
positive,with the launch of new 3g handsets  nokia aims to become the winner in china s 3g market as it did in the 2g market,1,25,115,4.6,3
neutral,with this subscription  fortum s ownership in tgk10 has increased to slightly over 76  of shares and voting rights,0,19,114,6.0,4
neutral,vnh generates annual net sales of about 5 mln eur and employs 21 people,0,14,71,5.071428571428571,3
positive,earnings per share  eps  for the first quarter 2007 amounted to eur0 07  up from eur0 04,1,17,88,5.176470588235294,10
negative,jan 6  ford is struggling in the face of slowing truck and suv sales and a surfeit of uptodate  gottahave cars,-1,21,110,5.238095238095238,1
neutral,rautakesko s business operations in norway and russia  acquired in july 2005  are included in the figures of the comparable period  impacting sales growth starting from august,0,27,175,6.481481481481482,4
positive,operating profit was eur 1107 mn  up from eur 865 mn,1,11,52,4.7272727272727275,7
negative,peer peugeot fell 081 pct as its sales rose only 63 pct from the same period last year,-1,18,86,4.777777777777778,5
negative,pharmaceuticals group orion corp reported a fall in its thirdquarter earnings that were hit by larger expenditures on rd and marketing,-1,21,134,6.380952380952381,0
negative,however  the growth margin slowed down due to the financial crisis,-1,11,66,6.0,0
positive,significance  teleste has emphasised that with its large size and growing economy  as well as the rapid development of its tv services distribution industry  poland is viewed as an attractive market,1,31,198,6.387096774193548,0
positive,we reached agreement with the union that flights will continue as normal   finnair spokesman usko maatta said,1,17,109,6.411764705882353,0
positive,in finland  insurance company pohjola and the finnish motorcyclist association have signed an agreement with the aim of improving motorcyclists  traffic safety,1,22,159,7.2272727272727275,0
positive,helsinki  afx   nokian tyres reported a fourth quarter pretax profit of 615 mln eur  up from 486 mln on the back of strong sales,1,24,128,5.333333333333333,6
positive,kalnapiliotauro grupe  kalnapilistauras group   which is owned by denmark s royal unibrew  raised its market share to 2518 percent from 2374 percent  as beer sales for the seven months jumped by 145 percent to 405 million liters,1,37,228,6.162162162162162,14
positive,kalnapiliotauro grupe  kalnapilistauras group   which is owned by denmark s royal unibrew  raised its market share to 252 percent from 2391 percent  as beer sales for the nine months jumped by 114 percent to 5299 million liters,1,37,227,6.135135135135135,14
positive,marimekko has today  20 november  signed a license agreement with the swedish chain  whereby marimekko will license some of its popular patterns from the 1950s  1960s and 1970s to hm,1,30,182,6.066666666666666,14
positive,more staff has been recruited in japan to further complement its network of close to 50 service locations in more than 20 countries worldwide,1,24,141,5.875,4
positive,nokian capacitors  equipment will be used to raise the capacity and reliability of the indian grid,1,16,98,6.125,0
positive,rautaruukki corporation stock exchange release 3 december 2009 at 12 noon ruukki s construction and engineering divisions are to further improve and adjust their operations in finland,1,27,183,6.777777777777778,7
positive,ruukki romania  the local arm of finnish metal producer ruukki  increased its capital by 900000 euro   114 mln  through cash contribution  it was reported on september 19  2006,1,28,176,6.285714285714286,15
positive,stx finland oy signed a a preliminary agreement for the building of an environmentally friendly  new generation cruise ferry for viking line to manage on between turku  finland  and stockholm  sweden withviking line abp,1,34,219,6.4411764705882355,0
positive,the company now estimates its net sales in 2010 to increase considerably from 2009 and its operating result to be clearly positive,1,22,130,5.909090909090909,8
positive,the tower it chose to add  due to go into operation in the summer  will increase total capacity to 80 broadsheet or 160 tabloid pages  with the ability to run 32  and 48page products side by side,1,37,195,5.27027027027027,9
positive,uponor made an operating profit of eur 1510 mn  up from eur 1437 mn  which made 2007 a record year,1,20,98,4.9,12
positive,basware corporation stock exchange release august 31  2010 at 1625 basware signed a large deal with an international industrial group basware will deliver invoice automation solution and connectivity services to an international industrial group,1,34,245,7.205882352941177,10
positive,it estimates the operating profit to further improve from the third quarter,1,12,75,6.25,0
positive,kazgiprotsvetmet and outotec finland have signed an agreement on strategic cooperation in the marketing and providing of minerals processing and metallurgical plants and related services in kazakhstan and the surrounding countries,1,31,230,7.419354838709677,0
positive,lemcon signed an investment cooperation agreement with the kaluga regional administration last november,1,13,103,7.923076923076923,0
positive,ruukki forecast a 1520  annual sales growth and a positive pretax result for 2010,1,14,81,5.785714285714286,8
positive,sales rose 10 pct to 566 mln eur on the back of strong volume and favourable currency effects,1,18,93,5.166666666666667,5
positive,the growth of net sales has continued favourably in the middle east and africaand in asia pacific,1,17,97,5.705882352941177,0
positive,the new agreement  which expands a longestablished cooperation between the companies  involves the transfer of certain engineering and documentation functions from larox to etteplan,1,24,181,7.541666666666667,0
positive,with this appointment kaupthing bank aims to further coordinate capital markets activities within the group and to improve the overall service to clients,1,23,153,6.6521739130434785,0
neutral,cencorp  headquartered in virkkala  finland  develops and supplies automation solutions to the electronics and semiconductor industry that enhance productivity,0,19,159,8.368421052631579,0
neutral,following the increase  huhtamaki oyj s registered share capital is eur 35870629000 and the number of shares outstanding is 105501850,0,20,133,6.65,20
neutral,following this increase huhtamaki s registered share capital is eur360 62 m and the number of shares outstanding is 106063320,0,20,125,6.25,14
neutral,the company has also supplied more than 200 mw of power generating equipment for a number of projects in papua new guinea  including 12 engines of the wartsila 32 type to lihir gold,0,33,181,5.484848484848484,7
neutral,under the agreement  pfizer has been funding biotie s research activities on the pde10 phosphodiesterase 10 inhibitor program since its start in late 2006 and has the sole authority to develop discovered compounds,0,33,213,6.454545454545454,8
neutral,when the omx market forwards mature on may 16  2008  novator finland oy s direct shareholding in amer sports corporation will exceed onefifth 15 of the company s shares and voting rights,0,32,186,5.8125,8
positive,to prove the efficiency of the china mobile system  rod baber  an english climber  climbed to the mount everest summit and successfully made calls,1,24,146,6.083333333333333,0
neutral,these tests are part of a larger campaign which includes various customer trials and demonstrations to make lte on 800 mhz commercially viable by this summer   nokia siemens head of lte business line  reino tammela  said,0,36,220,6.111111111111111,3
positive,finnish ahlstrom corporation will double its investments in a new specialty glassfiber reinforcement plant in south carolina  in the us,1,20,135,6.75,0
neutral,helsinki on october 22  2008 ssh communications security corp board of directors for further information  please contact  tomi laamanen  chairman  tel 358 0 400 609 544 distribution  nasdaq omx helsinki ltd,0,31,206,6.645161290322581,19
neutral,patrizia adds the acquisition to a portfolio already worth eur3bn,0,10,65,6.5,1
positive,sales rose to 3009 mln eur compared with last year s 2761 mln eur and in line with 299 mln eur consensus figure,1,23,111,4.826086956521739,11
positive,the contract was signed in august with papua new guineabased lihir gold ltd asx  lgl,1,15,84,5.6,0
neutral,the offer of some 30 million shares aimed to raise more than  x20ac 500 million us 640 million  was expected to be completed by oct 9  outokumpu said,0,28,149,5.321428571428571,11
positive,our extensive cooperation will also bolster sysopen digia s position in the domestic operator market   kallioranta adds,1,17,119,7.0,0
positive,with this agreement  we can continue our good cooperationand at the same time release capital that has been tied up in ourmachinery operation,1,23,141,6.130434782608695,0
positive,theodosopoulos said tellabs could be of value to nokia siemens or nortel given its  leading supply status  with verizon  along with highgrowth products,1,23,151,6.565217391304348,0
positive,we succeeded in increasing our market share of sold apartment   comments mr kari kauniskangas  head of yit international construction services,1,20,142,7.1,0
positive,with capman as a partner  we will be able to further develop our business and continue to focus on providing quality restaurant services for our customers   says christopher wynne  ceo of papa john s russia,1,35,206,5.885714285714286,0
positive,finnish suominen corporation that specialises in wet wipes  nonwovens  and flexible packaging reports net sales of eur 441 mn in the second quarter of 2010  up from eur 433 mn in the second quarter of 2009,1,36,205,5.694444444444445,14
positive,finnish telecoms software developer tecnomen oyj said on december 5  2006 it won a  33 mln  25 mln euro  order to supply an expansion of the charging and messaging systems for the mobile and fixed networks of brasil telecom,1,39,223,5.717948717948718,9
positive,increased trust of our clients in yit can be seen as apartment sales accelerated,1,14,80,5.714285714285714,0
positive,adp news   dec 11  2008  finnish construction and engineering company outotec oyj  omx  ote1v  said today it won a eur 28 million  usd 368 m  order to expand the phosphate concentrator in siilinjarvi of norwegian minera,1,36,219,6.083333333333333,12
positive,mr priit kasak  balti metsamasina s owner  said the rakverebased company wishes to increase valmet s market share from 27  to a third in a couple of years,1,28,154,5.5,2
neutral,ponsse plans to create a network that is based on strong partnership  and participates in the production of larger entities than presently,0,22,138,6.2727272727272725,0
positive,the bank sees a potential for getinge share to rise,1,10,51,5.1,0
positive,the company recorded revenues of e658 1 million during the fiscal year ended december 2007  an increase of 23  over 2006,1,21,120,5.714285714285714,14
positive,the cooperation will double the switch s converter capacity,1,9,59,6.555555555555555,0
positive,the robust growth was the result of the inclusion of clothing chain lindex in the group in december 2007,1,19,104,5.473684210526316,4
positive,the six breweries recorded a 52 percent growth in domestic beer sales last year to 27021 million liters  from 25688 million liters sold in 2005,1,25,143,5.72,16
positive,this truly takes efficiency to new heights   mr metso adds,1,10,58,5.8,0
positive,we hope to increase traffic volumes with the opening of freight one scandinavia,1,13,79,6.076923076923077,0
positive,a january 11  2010 ephc board of directors has approved an increase in the quarterly dividend from  003 to  005 per share,1,22,121,5.5,12
positive,finnish cargotec s kalmar  the business area providing container handling solutions  has been awarded an order for a further ten eone rubbertyred gantry rtg cranes from saigon newport company snp  in vietnam,1,32,207,6.46875,0
positive,bilfinger investors cheered the agreement  pushing shares up 7   or  euro  330  to  euro  5029  in afternoon trade,1,18,114,6.333333333333333,8
positive,kesko pursues a strategy of healthy  focused growth concentrating on sales and services to consumercustomers,1,15,108,7.2,0
positive,london afx  shares in rautaruukki corp have been upgraded to  hold  from  sell  by abn amro  with the price target raised to 2575 eur from 145  said dealers,1,28,156,5.571428571428571,7
positive,london marketwatch  nokia nok said it s won a fiveyear services contract to run hutchison essar s network operations in nine locations in india,1,24,143,5.958333333333333,0
positive,progress group  qpr s representative in saudi arabia and north africa  has signed a framework agreement for a long term strategic relationship with ise,1,24,151,6.291666666666667,0
positive,ragutis  controlled by the finnish brewery olvi  achieved a 57 percent rise in beer sales to 226 million liters and held a 1075 percent market share,1,26,148,5.6923076923076925,9
positive,the 250 sq m 2691 sq ft store in copenhagen s premier shopping district was inaugurated today  further strengthening the company s presence in nordic capitals,1,26,158,6.076923076923077,7
positive,the metal has gained 41 percent this year as demand from china  the world s largest user  increased,1,18,99,5.5,2
positive,in addition  cramo and peab have signed exclusive fiveyear rental agreements in finland and have extended their existing rental agreements in the swedish market for another five years,1,28,183,6.535714285714286,0
positive,outotec oyj press release december 4  2009 1030 am outotec establishes a new subsidiary in kolkata outotec has established a subsidiary in india in order to better serve its indian customers and to increase its business in the growing indian market,1,41,248,6.048780487804878,9
positive,it is also 77 pct above the 12month volume weighted average price of the stock,1,15,78,5.2,4
positive,mobile phone shipments jumped 26 percent to almost 112 million units  while finnish company s global market share rose to 39 percent from 36 percent,1,25,148,5.92,9
neutral,on january 29  2009 the largest nordic bank nordea and finnish retail chain stockmann launched a regionally unique cooperation project  they are the first to introduce a common mastercard credit card enabling payments in different states and stores,0,38,248,6.526315789473684,6
neutral,qpr has an established international customer base  spread over 70 countries in 2009  and a variety of organizations including banks  manufacturing companies  service companies and government authorities,0,27,203,7.518518518518518,6
positive,selects third party logistics leader transplace for bestinclass technology  procurement capabilities  leading specialty packaging manufacturer employs complete 3pl solution for supply chain visibility and transportation efficiency to increase service levels and ontime deliveries,1,33,279,8.454545454545455,1
positive,4g allows customers to use mobile broadband services with speeds up to ten times higher than with today s 3g,1,20,108,5.4,2
neutral,according to eijkens  a publisher can do much more than just publish colourful books  a publisher can provide value added to information by individualising it,0,25,158,6.32,0
positive,based on strong customer interest and feedback  using rpm mobile phone manufacturers  operators  enterprises and developer forums can significantly increase their product and service quality  userexperience and costefficiency   tulonen continues,1,30,245,8.166666666666666,0
neutral,cameco is to provide an upfront investment of up to usd 60mn for the construction of the uranium extraction circuit,0,20,115,5.75,2
neutral,cdp was established on the initiative of institutional investors  however  the annually published results also interest an increasing number of customers and other interest groups of the reporting companies,0,29,206,7.103448275862069,0
neutral,the original contract was signed last summer,0,7,44,6.285714285714286,0
neutral,it is a testament to the quality of our lte solution and our commitment to the japanese market   he added,0,20,105,5.25,0
positive,ixonos has a rich heritage in developing leadership experiences in the smartphone segment,1,13,89,6.846153846153846,0
positive,the acquisition of elektros pavara completes kone s market expansion strategy in the baltic countries,1,15,101,6.733333333333333,0
positive,18 january 2010  finnish it consultancy trainers  house oyj hel  trh1v said last friday it resolved to issue a eur5m hybrid bond to domestic investors in a bid to strengthen its capital structure,1,33,195,5.909090909090909,8
neutral,alexandria  va  oct 15  aaron moss of hampshire  great britain  has developed an ornamental design for a handset  the us patent  trademark office announced,0,24,155,6.458333333333333,2
neutral,hybrid bond 18 january 2010  finnish it consultancy trainers  house oyj hel  trh1v said last friday it resolved to issue a eur5m hybrid bond to domestic investors in a bid to strengthen its capital structure,0,35,207,5.914285714285715,8
positive,repair and maintenance business accounted for net sales of eur 6453 mn  up from eur 5636 mn,1,17,91,5.352941176470588,8
positive,the money will be spent  on strengthening the company s competitiveness in the sphere of sawmill products and increasing the volume of wood delivered for processing in russia   the release says,1,31,193,6.225806451612903,0
positive,the new technology improves the glass quality and consistency while increasing throughput,1,12,89,7.416666666666667,0
neutral,the reasons behind the estimate include the rise in 2008 rent levels and several fullyleased office and retail properties  which were completed and added to the company s investment property portfolio,0,31,200,6.451612903225806,4
positive,the vaisala group is a successful international technology company that develops  manufactures and markets electronic measurement systems and products,1,19,150,7.894736842105263,0
neutral,the vuokatti unit will be developed to focus especially on the manufacture of prototypes  the rampup of new products and the demanding testing and aftersales services,0,26,166,6.384615384615385,0
positive,we look forward to helping the company develop its operational services and further digitalize its services for its customers,1,19,125,6.578947368421052,0
neutral,agj recorded eur 43 mln sales in 2006  most of which was generated by exports to customers in western europe  the statement said,0,23,128,5.565217391304348,6
positive,the number of collection errors fell considerably  and operations speeded up,1,11,76,6.909090909090909,0
positive,by combining its existing solutions into a single platform  comptel said that it has reduced the cost of deployment,1,19,115,6.052631578947368,0
positive,in the second quarter of 2010  the group s pretax loss narrowed to eur 400000 from eur 600000,1,18,93,5.166666666666667,16
positive,26 january 2011  finnish metal products company componenta oyj  hel  cth1v  said yesterday its net loss narrowed to eur500 000 in the last quarter of 2010 from eur5 3 m for the same period a year earlier,1,37,203,5.486486486486487,19
positive,8 may 2009  finnish liquid handling products and diagnostic test systems maker biohit oyj  hel  biobv  said today  8 may 2009  its net loss narrowed to eur0 1 m  usd0 14 m  for the first quarter of 2009 from eur0 4 m for the same period of 2008,1,48,244,5.083333333333333,25
positive,finnish fibers and plastic products maker suominen corporation said its net loss from continuing operations narrowed to 18 mln euro   23 mln  in 2006 from 37 mln euro   48 mln  in 2005,1,32,184,5.75,16
positive,finnish metal products company componenta oyj  hel  cth1v  said today its net loss narrowed to eur 500000  usd 680000  in the last quarter of 2010 from eur 53 million for the same period a year earlier,1,36,201,5.583333333333333,19
positive,finnish sports equipment maker amer sports oyj  hel  ameas  said today that its net loss narrowed to eur 169 million  usd 223 m  in the second quarter of 2010 from eur 232 million in the corresponding period a year earlier,1,40,222,5.55,13
positive,finnish steel maker rautaruukki oyj  hel  rtrks   or ruukki  said today its net loss contracted to eur 49 million  usd 682 m  for the first nine months of 2010 from eur 229 million for the same period a year ago,1,40,211,5.275,12
positive,for the first nine months of 2010  talvivaara s net loss narrowed to eur 83 million from eur 219 million for the same period of 2009,1,26,132,5.076923076923077,13
positive,in the first nine months of 2010  the company s net loss narrowed to eur 415000 from eur 74 million for the corresponding period of 2009,1,26,136,5.230769230769231,16
positive,in the first nine months of 2010  the company s net loss narrowed to eur415 000 from eur7 4 m for the corresponding period of 2009,1,26,130,5.0,16
positive,adp news   feb 9  2009  finnish computer services company proha oyj  hel  art1v  said today its net loss narrowed to eur 113000  usd 146000  for 2008 from eur 12 million for 2007,1,32,178,5.5625,28
positive,the new factory working model and reorganisations would decrease nokian tyres  costs in the factory by eur 30 million  usd 387 m,1,22,128,5.818181818181818,5
positive,20 october 2010  finnish metal products company componenta oyj hel  cth1v said yesterday that its net loss narrowed to eur7m for the first nine months of 2010 from eur23 3 m for the same period of 2009,1,37,201,5.4324324324324325,19
positive,finnish fibers and plastic products maker suominen corporation said its net loss narrowed to 16 mln euro  20 mln in the first nine months of 2006 from 216 mln euro  27 mln in the same period of 2005,1,38,198,5.2105263157894735,17
positive,in contrast  the company s net loss for the third quarter of 2009 contracted to eur 76 million from eur 256 million for the corresponding period a year ago,1,29,155,5.344827586206897,9
positive,in the second quarter of 2010  raute s net loss narrowed to eur 123000 from eur 15 million in the same period of 2009,1,24,117,4.875,16
positive,adp news  nov 13  2008  finnish printed circuit board pcb maker aspocomp group oyj omx  acg1v said today that its net loss narrowed to eur 2 million usd 25 m in the first nine months of 2008 from eur 57,1,40,202,5.05,16
positive,metsaliitto  however  narrowed its net loss for the second quarter of 2007 to 50 mln euro  69 mln from 61 mln euro  837 mln a year ago,1,27,134,4.962962962962963,13
positive,narrows to eur2 8 m 9mo 09 29 october 2009  finnish software and hardware developer elektrobit oyj hel  ebg1v  or eb  said today that its net loss narrowed to eur2 8 m for the first nine months of 2009 from eur35 6 m for the same period a year ago,1,50,247,4.94,21
positive,the diluted loss per share narrowed to eur 027 from eur 086,1,12,59,4.916666666666667,6
positive,unit costs for flight operations fell by 64 percent,1,9,51,5.666666666666667,2
positive,the loss for the third quarter of 2007 was eur 03 mn smaller than the loss of the second quarter of 2007,1,22,104,4.7272727272727275,10
positive,airvana s umts home base station femto cell uses softwarebased functionality and offtheshelf silicon to accelerate feature development and reduce product cost,1,22,158,7.181818181818182,0
positive,according to seppnen  the new technology umts900 solution network building costs are by onethird lower than that of the building of 35 g networks  operating at 2100 mhz frequency,1,29,178,6.137931034482759,9
positive,the costs of the new ropax vessels are 30  lower than those of the present ones,1,16,79,4.9375,2
neutral,the last job losses related to these reductions will take place during 2010,0,13,75,5.769230769230769,4
positive,the program s target is structural cost reductions of about eur 30mn in 2009,1,14,76,5.428571428571429,6
neutral,the third quarter result also includes a 400000 euro   575000  provision for downsizing of lure manufacturing in ireland,0,18,120,6.666666666666667,12
positive,upmkymmene is working closely with its shipping agents to reduce fuel consumption and greenhouse gas emissions,1,16,110,6.875,0
negative,2009 3 february 2010  finlandbased steel maker rautaruukki oyj  hel  rtrks   or ruukki  said today it slipped to a largerthanexpected pretax loss of eur46m in the fourth quarter of 2009 from a yearearlier profit of eur45m,-1,36,221,6.138888888888889,17
negative,adpnews   feb 3  2010  finlandbased steel maker rautaruukki oyj  hel  rtrks   or ruukki  said today it slipped to a largerthanexpected pretax loss of eur 46 million  usd 645 m  in the fourth quarter of 2009 from a,-1,37,213,5.756756756756757,14
negative,result before taxes decreased to nearly eur 145 mn  compared to nearly eur 20mn in the previous accounting period,-1,19,113,5.947368421052632,5
negative,the company slipped to an operating loss of eur 26 million from a profit of eur 13 million,-1,18,90,5.0,4
negative,23 april 2010  finnish construction and engineering company outotec oyj hel  ote1v said today it slipped to a net loss of eur7 3 m in the first quarter of 2010 from a net profit of eur12 5 m in the corresponding period last year,-1,44,228,5.181818181818182,16
negative,cramo slipped to a pretax loss of eur 67 million from a pretax profit of eur 589 million,-1,18,88,4.888888888888889,5
negative,finnish it solutions provider affecto oyj hel  afe1v said today its slipped to a net loss of eur 115000 usd 152000 in the second quarter of 2010 from a profit of eur 845000 in the corresponding period a year earlier,-1,40,215,5.375,23
negative,in 2009  comptel slipped to a net loss of eur2 1 m from a profit of eur6 6 m in the previous year,-1,23,97,4.217391304347826,8
negative,in q2 of 2009  profit before taxes amounted to eur 136 mn  down from eur 268 mn in q2 of 2008,-1,21,93,4.428571428571429,16
negative,adpnews  feb 5  2010  finnish real estate investor sponda oyj hel  sda1v said today that it slipped to a net loss of eur 815 million usd 118 m in 2009 from a profit of eur 293 million in 2008,-1,39,191,4.897435897435898,23
negative,adpnews  jul 17  2009  finlandbased steel maker rautaruukki oyj ruukki hel  rtrks said today it slipped to a net loss of eur 184 million usd 2597 m for the first half of 2009 from a net profit of eur 2,-1,40,201,5.025,18
negative,profit before taxes amounted to eur 565 mn  down from eur 2329 mn a year ago,-1,16,76,4.75,7
negative,profit before taxes decreased by 9  to eur 1878 mn in the first nine months of 2008  compared to eur 2071 mn a year earlier,-1,25,123,4.92,13
negative,profit before taxes decreased to eur 316 mn from eur 500 mn the year before,-1,15,75,5.0,6
negative,profit before taxes was eur 40 mn  down from eur 49 mn,-1,12,54,4.5,4
negative,the company s profit before taxes fell to eur 211 mn in the third quarter of 2008  compared to eur 358 mn in the corresponding period in 2007,-1,28,141,5.035714285714286,14
neutral,a state program has been worked out  legal provisions have been developed  and rules and normative documents have been specified for the functioning of a technological park,0,27,172,6.37037037037037,0
positive,in augustoctober 2010  the company s result before taxes totalled eur 96 mn  up from eur 05 mn in the corresponding period in 2009,1,24,130,5.416666666666667,12
positive,finnish bore that is owned by the rettig family has grown recently through the acquisition of smaller shipping companies,1,19,120,6.315789473684211,0
positive,the plan is estimated to generate some eur 5 million  usd 65 m  in cost savings on an annual basis,1,20,98,4.9,3
positive,finnish pharmaceuticals company orion reports profit before taxes of eur 700 mn in the third quarter of 2010  up from eur 549 mn in the corresponding period in 2009,1,29,164,5.655172413793103,14
positive,finnish sampo bank  of danish danske bank group  reports profit before taxes of eur 1523 mn in 2010  up from eur 327 mn in 2009,1,25,127,5.08,15
positive,profit after taxes for the period was up to eur0 9 m  from eur0 01 m last year,1,18,78,4.333333333333333,5
positive,profit before taxes was eur 54 mn  up from eur 36 mn a year earlier,1,15,67,4.466666666666667,4
negative,also construction expenses have gone up in russia,-1,8,49,6.125,0
neutral,neste oil said it will build a biodiesel production facility in rotterdam  the netherlands  at an estimated cost of 670 million euros  naming francebased technip as the project s main contractor,0,31,194,6.258064516129032,3
neutral,the european central bank ecb is anticipated to raise its benchmark interest rate in the second half of 2011 at the earliest,0,22,124,5.636363636363637,4
negative,11 august 2010  finnish measuring equipment maker vaisala oyj hel  vaias said today that its net loss widened to eur4 8 m in the first half of 2010 from eur2 3 m in the corresponding period a year earlier,-1,39,204,5.230769230769231,14
negative,finnish power supply solutions and systems provider efore oyj said its net loss widened to 32 mln euro  42 mln for the first quarter of fiscal 20062007 ending october 31  2007 from 900000 euro  12 mln for the same period of fiscal 200506,-1,43,237,5.511627906976744,32
negative,adp news  apr 22  2009  finnish business information systems developer solteq oyj hel  stq1v said today its net loss widened to eur 189000 usd 245000 for the first quarter of 2009 from eur 10000 for the same peri,-1,38,212,5.578947368421052,28
negative,salonen added that data shows producers  pulp inventories in north america are declining,-1,13,88,6.769230769230769,0
negative,the elcoteq group recently announced that the last three months of the previous year brought to it a major loss of more than half a billion kroons  eur 32 mln  for the fifth quarter running,-1,35,189,5.4,2
positive,for the current year  raute expects its net sales to increase and the operating result  to be positive,1,18,102,5.666666666666667,0
positive,turnover surged to eur61 8 m from eur47 6 m due to increasing service demand  especially in the third quarter  and the overall growth of its business,1,27,149,5.518518518518518,6
positive,as a result  the company currently anticipates net sales to increase and the operating result to be positive,1,18,108,6.0,0
positive,asimilar agreement was signed between china mobile ltd  sehk  0941 and nyse  chl   the largest mobile carrier  and thegps and social networking service provider  promoting gypsii service before beijing 2008 olympic games  according to thelatest news,1,36,249,6.916666666666667,8
positive,upm s deliveries increased during the third quarter by 4 percent  and the efficiency of operations improved   chief executive jussi pesonen said,1,22,144,6.545454545454546,1
positive,global sports equipment maker amer sports corp  whose brands include atomic  salomon and wilson  saw a 64 percent increase in thirdquarter net profit to euro 474 million  65 million on strong sales and cost cuts,1,35,211,6.0285714285714285,7
neutral,exports make up more than 80 per cent of our sales  so the name glaston also reflects a truly internationally operating company   explains kyro s president  ceo mika seitovirta,0,29,176,6.068965517241379,2
neutral,westend ict plc s new 409665891 shares and increase of share capital with eur 2000000 based on the resolutions of extraordinary shareholders meeting on 27 december 2010 have today registered in the trade register,0,34,212,6.235294117647059,22
positive,due to rapid expansion  the market share of tallink in terms of passenger carriage through tallinna sadam port of tallinn totaled 55 percent in november against 457 percent in november 2005,1,31,189,6.096774193548387,9
positive,finnish industrial investor panostaja oyj omx helsinki  pnaas omx helsinki  pnabs said on friday 11 july that it has signed a deal to acquire the entire share capital of kospa oy  the manufacturer of waste disposal equipment,1,37,224,6.054054054054054,2
positive,stora enso r shares rose 120 pct to 1184 eur  upmkymmene was also dragged higher  rising 168 pct to 1756 eur and mreal b added 238 pct to 430 eur,1,30,145,4.833333333333333,20
negative,cash flow from operations for the most recent quarter also reached a eight year low,-1,15,83,5.533333333333333,0
positive,both loans will be used to finance strategic investments such as shopping center redevelopment projects and refinancing of maturing debt,1,20,136,6.8,0
positive,the stock price rose 700 ores or 09  to close at sek77 65  ending a twoday streak of losses,1,19,91,4.7894736842105265,9
positive,earnings per share  eps  amounted to eur0 98  up from the loss of eur0 02,1,15,73,4.866666666666666,6
positive,earnings per share  eps  were eur0 03  up from the loss of eur0 083,1,14,67,4.785714285714286,7
positive,operating profit totalled eur 04 mn  up from an operating loss of eur 08 mn yearonyear,1,16,86,5.375,4
positive,operating profit totalled eur 70 mn  up from a loss of eur 40 mn in the second quarter of 2009,1,20,94,4.7,8
positive,operating result including nonrecurring items rose to eur 146mn from a loss of eur 267mn in 2009,1,17,96,5.647058823529412,10
positive,tiimari  the finnish retailer  reported to have geenrated quarterly revenues totalling eur 13 mn in the 4th quarter 2009  up from eur 03 mn loss in 2008,1,27,152,5.62962962962963,13
positive,earnings per share eps amounted to eur0 03  up from the loss of eur0 08,1,15,71,4.733333333333333,6
positive,operating profit totalled eur 58 mn  up from a loss of eur 17 mn in the fourth quarter of 2009,1,20,94,4.7,8
positive,operating profit was eur 06 mn  up from a loss of eur 19mn a year earlier,1,16,73,4.5625,4
positive,the investments and operational changes enable additional optimisation of the working hours and thereby further cost savings of some 7  9,1,21,137,6.523809523809524,2
positive,okmetic s products are based on hightech expertise that generates added value for customers  innovative product development and an extremely efficient production process,1,23,169,7.3478260869565215,0
neutral,shareholder s full name and id code   petri ailus  born 1591966 for further information  please contact isto hantila  ceo  tel 358 9 591 8342,0,24,141,5.875,18
positive,9 september 2010  finnish stationery and gift retailer tiimari hel  tii1v said today its net sales rose by 2  yearonyear to eur5 7 m in august 2010  driven by growth in finland  while demand in the baltics remained weak,1,39,219,5.615384615384615,13
positive,by 1429 cet on monday  shares in bavarian nordic had climbed 121  to dkk250 on the stock exchange in copenhagen after having lost 741  in the past month,1,28,152,5.428571428571429,13
positive,for example  net sales increased by 59  from the first quarter  and ebitda increased from a negative eur 02 mn in the first quarter of 2009,1,26,139,5.346153846153846,8
positive,mobile phone sales rose 25  to 587 billion euros  while enterprise solution sales dropped 39  to 186 million euros,1,19,114,6.0,10
negative,rising costs have forced packaging producer huhtamaki to axe 90 jobs at its hampshire manufacturing plant,-1,16,105,6.5625,2
negative,however  the rapidly increasing costs and the strengthening of the euro were challenging for the whole industry  and they impacted on our results,-1,23,145,6.304347826086956,0
negative,at this growth rate  paying off the national debt will be extremely painful,-1,13,75,5.769230769230769,0
negative,operating loss increased to eur 17mn from a loss of eur 108 mn in 2005,-1,15,70,4.666666666666667,9
negative,the payment of 2779 million litas in interest on a longterm loan provided by ragutis  majority shareholder  estonia s a le coq  also added to the losses,-1,27,152,5.62962962962963,4
negative,at the moment  valio is not worried  but if the ban continues for long  it may become quite a problem,-1,20,101,5.05,0
positive,sponda will record a profit from the sale of 85 mln euro  124 mln,1,14,65,4.642857142857143,5
positive,cencorp estimates that its net sales in the last quarter will be as earlier stated  eur4 3 m to eur5 0 m  and operating profit ebitis estimated to be positive,1,30,158,5.266666666666667,4
positive,our customer has been satisfied with basware invoice automation solution and extends the implementation to new geographies,1,17,122,7.176470588235294,0
positive,repeats sees 2008 ebita above 18 pct of sales,1,9,45,5.0,6
positive,by separating side businesses we will be able to faster expand and develop tapro retail network,1,16,95,5.9375,0
positive,our strategic cooperation with rentakran brings us new customers and alreadyworking relationships with the authorities of the new territories   said jarmo laasanen  a senior manager at cramo,1,27,190,7.037037037037037,0
neutral,patja has worked well for us for more than a decade  and fujitsu s new bid was competitive,0,18,90,5.0,0
positive,after the share purchase is completed  financing will also be provided to expand latvia s broadband infrastructure and to develop new areas of business  including acquisitions of other companies,1,29,194,6.689655172413793,0
positive,in terms of profitability and earnings 2007 was the best year in our history   chief executive velimatti mattila said,1,19,117,6.157894736842105,4
positive,the government has had a very professional approach in assessing the offer,1,12,74,6.166666666666667,0
positive,the margarine business has been put into good shape in the last two years  making it a natural addition to bunge  which is looking to leverage its position in the central and northern european markets   raisio ceo matti rihko said in a statement,1,43,245,5.6976744186046515,0
positive,this is a win for all oems targeting to develop wimax products,1,12,62,5.166666666666667,0
positive,a portion   125 million  will be recorded as part of its winnings in a prior patent dispute with finnish phone maker nokia oyj,1,23,126,5.478260869565218,3
positive,finnish electronics manufacturing services company elcoteq signing a cooperation agreement with a japanese mobile phone manufacturer  bypasses elcoteq tallinn  says jan kotka  ceo of elcoteq tallinn,1,26,198,7.615384615384615,0
positive,according to arehu s managing director  jouko lahtinen  the project will stabilise costs and improve supply security,1,17,116,6.823529411764706,0
positive,according to ceo matti karppinen  frozen foods posted a good result in 2010  as it did in 2009,1,18,94,5.222222222222222,8
positive,according to viking line s managing director  nilserik eklund  the company s board of directors is very satisfied with viking line s performance,1,23,144,6.260869565217392,0
positive,actions to improve operational efficiency and adjust operations are expected to deliver annualised permanent cost savings of around eur 45 million and will be effected mostly during the first half of 2010,1,32,204,6.375,6
positive,at the same time  sales development in russia was boosted by the opening of stockmann nevsky centre in st petersburg,1,20,116,5.8,0
positive,benefon  a wireless and gps technology company  will supply karputer with its twig navigation platform  a gps satellite navigation and voice guidance service,1,23,157,6.826086956521739,0
positive,biohit and vwr have been in close cooperation for a number of years in the us  where biohit is one of vwr s focus suppliers,1,25,123,4.92,0
positive,combining this deep domain expertise with our application service management asm and outsourcing service offerings has now proved to be a winning combination,1,23,157,6.826086956521739,0
positive,demand was brisk as expected and order levels have remained high,1,11,64,5.818181818181818,0
positive,during the past decade it has gradually divested noncore assets and bought several sports equipment makers  including californiabased fitness products international and sparks  nevadabased atec  a leading maker of baseball and softball pitching machines,1,34,253,7.4411764705882355,0
positive,espoon kaupunki awarded contracts for personal care products,1,8,60,7.5,0
positive,exports accounted for 654  of net sales  representing an all time record for the company,1,15,88,5.866666666666666,3
positive,finland s poyry energy has won a contract to advise builders of a new cogeneration power plant in lithuania s secondbiggest city of kaunas and to supervise the construction process,1,30,180,6.0,0
positive,finnish construction company yit oyj said on november 13  2007 it won a 70 mln euro  1028 mln contract to construct the new office building for local property company tapiola real estate oy,1,33,189,5.7272727272727275,12
neutral,in 2005 cargotec s net sales exceeded eur 23 billion,0,10,52,5.2,6
positive,in 2006  kone received an order from aker yards to supply 43 customised elevators for the very first genesis cruise ship which is scheduled to be completed in 2009,1,29,163,5.620689655172414,10
positive,in addition to fireplace exports  demand for lining stone has exceeded the level of the earlier part of the year and will continue to be clearly brisker for the remainder of the year,1,33,182,5.515151515151516,0
positive,kalmar has been awarded a new 5year contract to supply its rough terrain container handler rtch,1,16,95,5.9375,1
positive,major order in india comptel corporation has received a significant longterm order for mediation and provisioning solutions being used by a leading operator in india,1,25,165,6.6,0
positive,managing director kari inkinen says that sponda s leasing operations developed highly favourably,1,13,96,7.384615384615385,0
positive,net cash flow from operations is expected to remain positive,1,10,60,6.0,0
positive,of the price  kesko s share is 10 mln euro  155 mln and it will recognize a gain of 40 mln euro  62 mln on the disposal which will be included in the result for the second quarter of 2008,1,40,187,4.675,13
positive,olvi has posted a strong set of figures for the first six months of this year,1,16,77,4.8125,0
positive,operating profit improved by 27  to eur 5798 mn from eur 4572 mn in 2006,1,15,72,4.8,14
positive,our standardised services have met with a positive reception among our customers as well as at itella,1,17,101,5.9411764705882355,0
positive,performance in the second half of 2009 exceeded expectations,1,9,60,6.666666666666667,4
positive,ponsse projects the forest machine markets to improve more than expected in 2010 from the previous year,1,17,103,6.0588235294117645,4
positive,ragutis  which is based in lithuania s secondlargest city kaunas  boosted its sales last year 223 per cent to 364 million liters,1,22,128,5.818181818181818,6
positive,raisio s bid to buy glisten is a  winwin  deal for both companies  the chairman of the uk snacks firm told justfood today 10 february,1,25,133,5.32,2
positive,stora enso owns 43 percent of bergvik and earns therefore sek 15 bn on the value appreciation,1,17,93,5.470588235294118,4
positive,talvivaara also maintains its assumption of turning cash flow positive before the year end,1,14,90,6.428571428571429,0
positive,thanksto improvements in demand and the adjustments we have made  theutilization rates of cramo s fleet have substantiallyimproved,1,18,130,7.222222222222222,0
positive,the acquisition is expected to improve access to chrome ore resources in turkey,1,13,79,6.076923076923077,0
positive,the aim is an annual improvement in ruukki construction s operating profit of more than eur 3 million usd 41 m starting in 2009,1,24,127,5.291666666666667,7
positive,the company estimates that the trend in demand for sports equipment will be steady in 2006   amer s report said,1,20,111,5.55,4
positive,the estimated synergy benefits are at least eur7m annually,1,9,58,6.444444444444445,1
neutral,the goal will be achieved via organic growth possibly supplemented by acquisitions,0,12,82,6.833333333333333,0
positive,the group s business is balanced by its broad portfolio of sports and presence in all major markets,1,18,99,5.5,0
neutral,the group s business is balanced by its broad portfolio of sports and presence in all major markets,0,18,99,5.5,0
positive,the objective of the planned measures is to achieve significant savings in the next few years,1,16,93,5.8125,0
positive,the rebuilds are designed to improve the machines  performance and product quality,1,12,82,6.833333333333333,0
positive,the transaction will have a positive impact of around eur2m on earnings  which ruukki will recognize during the fourth quarter of this year,1,23,139,6.043478260869565,1
positive,when the situation normalises  the company will be able to increase the amount of residential units for sale in st petersburg and moscow  in particular,1,25,151,6.04,0
positive,this is a repeat order to follow successfully installed 159 elevators in the same delhi metro system   kone spokeswoman told thomson financial news,1,23,147,6.391304347826087,3
positive,our customers now have the chance to make bookings for all the services they want at one location   said mikko tuomainen  incharge of finnair s internet  sales,1,27,159,5.888888888888889,0
positive,stonesoft sees great promise in the future of ipv6,1,9,50,5.555555555555555,1
positive,the combined activities will create value for shareholders and be good for our employees and customers,1,16,102,6.375,0
positive,the trend in the sports and leisure markets was favorable in the first months of the year,1,17,89,5.235294117647059,0
positive,we continued actively to focus rd and to position our offering away from point solutions towards dynamic endtoend solutions   ervio stated,1,21,138,6.571428571428571,0
positive,16 february 2011  finnish industrial machinery company metso oyj  hel  meo1v  said today it will deliver minerals processing equipment and basic engineering to canadian miner northland resources  osl  naur   tse  nau,1,31,216,6.967741935483871,7
positive,27 january 2011  finnish it solutions provider affecto oyj  hel  afe1v  said today it has won a eur1 2 m  usd1 6 m  contract from stateowned lithuanian social insurance institution  sodra,1,31,187,6.032258064516129,11
positive,according to finnish pension insurance company varma  varma was the recipient of over two thirds of the revenue of the earningsrelated pension cover that was under competitive tendering in finland,1,30,196,6.533333333333333,0
positive,finnish construction group lemminkinen has been awarded two road building contracts by the lithuanian transport administration,1,16,126,7.875,0
positive,finnish construction group yit has been awarded a contract to install heating  air conditioning and cooling systems to the new head office of the automobile association adac in munich in germany,1,31,194,6.258064516129032,0
positive,finnish flexible packaging manufacturer suominen corporation reports net sales of eur 545 mn in the first quarter of 2008  compared with eur 543 mn a year earlier,1,27,162,6.0,10
positive,finnish forest machinery manufacturer ponsse has agreed with volvo on the start of cooperation in latin america,1,17,111,6.529411764705882,0
positive,finnish metso paper has been awarded a contract for the rebuild of sabah forest industries   sfi  pulp mill in sabah  malaysia,1,21,126,6.0,0
positive,finnish metso paper has won an order to supply an uncoated fine paper machine to mcc paper yinhe  in china,1,20,106,5.3,0
positive,finnish outokumpu technology has been awarded several new grinding technology contracts,1,11,87,7.909090909090909,0
positive,finnish rautaruukki has been awarded a contract to supply and install steel superstructures for the partihallsfrbindelsen bridge in gothenburg in sweden,1,21,152,7.238095238095238,0
positive,lule municipality has awarded yit a 2year contract  for property management of about one third of the municipality s properties  with a total area of 140000 sq metres,1,28,166,5.928571428571429,7
positive,the shopping center to be opened in st petersburg  russia in november 2010 will turn the cash flow of finnish department store chain stockmann s russian operations positive for the first time in 2011,1,34,199,5.852941176470588,8
positive,according to atria s president and ceo matti tikkakoski  the company s swedish operations significantly improved in the first quarter,1,20,133,6.65,0
positive,according to ceo kai telanne  the company s newspapers achieved the best financial result ever,1,15,94,6.266666666666667,0
positive,according to kesko  the company agreed with the city administration about lease of the building in 2006  its resettlement and construction of a fivestar hotel hilton for 120 rooms,1,29,179,6.172413793103448,7
positive,according to nordic financial group nordea s analyst sami sarkamies  this makes nokia s portfolio competitive again,1,17,115,6.764705882352941,0
positive,according to ringman  finnish paper companies have acquired knowhow and capacity in paper recycling  which has turned out to be a successful strategy,1,23,149,6.478260869565218,0
positive,according to schmardin  nordea will most likely try to win customers over from other pension fund providers,1,17,107,6.294117647058823,0
positive,according to the ceo of nordea bank estonia vahur kraft  nordea finland and stockmann have been cooperating for more than ten years,1,22,131,5.954545454545454,0
positive,adanac molybdenum of canada has ordered grinding technology for its molybdenum project in british columbia  canada  while shalkiya zinc of kazakhstan has awarded a contract for grinding technology for the shalkiya zinclead project in kazakhstan,1,35,244,6.9714285714285715,0
positive,all of raisio s divisions recorded an operating profit,1,9,54,6.0,0
neutral,an estimated 30 pct of mobile calls are made from the home  and france telecom hopes that 15 pct of its orange clients will sign up for the service by the end of 2008,0,34,166,4.882352941176471,8
positive,and the broker repeated its  buy  rating  based on expectations that current restructuring will lead to a clear improvement in performance in europe in 2007,1,25,156,6.24,4
positive,arvo vuorenmaa  the loviisa plant s general manager said the application for the new licence was a  standard  procedure and that he was  quite confident  about approval being granted,1,29,182,6.275862068965517,0
positive,as a domestic business  bestin is already close to finnish dog owners,1,12,69,5.75,0
positive,basware s ceo ilkka sihvo comments in conjunction with the interim report   as a whole  basware succeeded well in the second quarter of 2007,1,24,140,5.833333333333333,4
positive,cash flow from operating activities is estimated to be positive,1,10,63,6.3,0
positive,cision says the sale will return its uk operation to profitability,1,11,66,6.0,0
positive,citigroup  inc  nyse  c  has announced that its global transaction services  gts  business has been awarded a new mandate by finlandbased pohjola bank group,1,24,156,6.5,0
positive,comptel  a vendor of dynamic operations support system  oss  software  has been selected by orascom telecom  oth  as partner for provisioning and activation solutions for mobile services,1,27,186,6.888888888888889,0
positive,department store sales improved by 14  to eur 10706 mn,1,10,54,5.4,7
positive,dmasia16 august 2006benefon extends manufacturing capability with asmobile  2006 digitalmediaasiacom  dma ltd,1,12,109,9.083333333333334,10
positive,finland s national carrier finnair plc carried a record 85 million passengers in 2005  an increase of 45 percent on the previous year  the airline reported tuesday,1,27,163,6.037037037037037,8
positive,finnair plc carried a record 88 million passengers in 2006  an increase of 35 percent on the previous year  the finnish national carrier reported tuesday,1,25,153,6.12,8
positive,finnish consulting and engineering group poyry plc  omx helsinki  poy  said on wednesday  1 october  that it has been awarded a contract by tanqia dibba fzc as ownerengineer for the wastewater system of dibba  emirate of fujairah  uae,1,38,234,6.157894736842105,1
positive,finnish financial solutions developer basware corporation  omx helsinki bas1v  said on tuesday  23 september  that it will deliver a complete invoice automation solution to a large us engineering  construction and technical services organization,1,33,245,7.424242424242424,3
positive,finnish handling systems company cargotec oyj  hel  cgcbv  said today that it won a eur 13 million  usd 166 m  contract to deliver macgregor hatch covers for ships ordered by norwegian shipowner grieg shipping,1,34,209,6.147058823529412,5
positive,finnish operator elisa and aker yards have signed a longterm service deal through which elisa will deliver all necessary voice and data services for aker yards in finland,1,28,170,6.071428571428571,0
positive,finnish steel maker rautaruukki oyj  ruukki  said on july 7  2008 that it won a 90 mln euro   141 mln  contract to supply and install steel superstructures for partihallsforbindelsen bridge project in gothenburg  western sweden,1,35,227,6.485714285714286,10
positive,fiskars has a strong portfolio of international brands  which include fiskars  iittala  gerber  silva and buster,1,16,112,7.0,0
positive,for teleste  the acquisition marks an entry into services business in a market where it has long been an established and significant supplier of products,1,25,153,6.12,0
positive,forestries were also higher  driven by yesterday s bullish analyst comment on stora enso in dagens industri  dealers said,1,19,121,6.368421052631579,0
positive,furthermore  efficiency improvement measures initiated earlier are now bearing fruit   ceo jan lang said,1,14,104,7.428571428571429,0
positive,global banking news  28 september 2010 tieto corporation and pohjola bank  pink  pojlf  are to cooperate on swift services,1,19,122,6.421052631578948,6
positive,hearst will be able to consolidate about 20  of all russian market for advertising in press after the purchase,1,19,110,5.7894736842105265,2
positive,helsingin uutiset  vantaan sanomat and lansivayla reach some 385000 readers  or more than 40  of the consumers in the greater helsinki region,1,22,141,6.409090909090909,8
positive,helsinki  afx   metso said it will upgrade one of upmkymmene s four paper machines at the latter s mill in jaemsaenkoski with a new coating color supply system  machine and process controls and quality measurements,1,35,214,6.114285714285714,0
positive,however  simdax will remain available in the markets where it already has been approved as it has marketing authorisations or submitted applications in more than 40 countries  orion added,1,29,187,6.448275862068965,2
positive,however  the broker gave an  outperform  recommendation on the stock,1,10,68,6.8,0
positive,however  the total orders received will still be above last year s levels,1,13,73,5.615384615384615,0
positive,in accordance with our strategy  we strengthened our local presence by establishing a representative office in south africa in october,1,20,134,6.7,0
positive,in addition  lehdentekijat oy will start producing a new membership magazine  viisas raha  wise money  for the association,1,18,122,6.777777777777778,0
positive,in future  the company intends to look for knowhow from outside the company and to cooperate with other actors in the sector,1,22,124,5.636363636363637,0
positive,industry investment is very interested in glaston s solar energy projects,1,11,73,6.636363636363637,0
neutral,it also has potential clients in the growing environmental and recycling technology sectors,0,13,91,7.0,0
positive,it is now the leading private road ambulance service company in finland,1,12,71,5.916666666666667,0
positive,known as post bank  the concept would see fidelity bank rolling out 75 offices in ghana post premises  to provide financial services to the people,1,25,146,5.84,2
positive,kone s factory located at ayanambakkam  a suburb to the west of chennai  is a fully integrated facility which gives it the capability to address costs,1,26,150,5.769230769230769,0
positive,last year sysopen digia invested in ibm product knowhow in the building of portal and trading place systems and successfully implemented customer solutions supported by it,1,26,171,6.576923076923077,0
positive,adp news   oct 1  2008  finnish consulting and engineering company poyry oyj  omx  poy1v  said today it was awarded a eur 52 million  usd 74 m  extension to their existing consultancy engineering contract with venezuel,1,35,218,6.228571428571429,10
positive,adp news   oct 31  2008  finnish food company raisio oyj  omx  raivv  said today that its net profit jumped to eur 164 million  usd 209 m  for the first nine months of 2008 from eur 11 million for the same period of 2,1,43,217,5.046511627906977,19
positive,adp news   sep 30  2008  finnish security and privacy software solutions developer stonesoft oyj said today that it won a usd 19 million  eur 13 m  order to deliver its stonegate network security products to an unnamed russian te,1,39,229,5.871794871794871,10
positive,meanwhile  electrowattekono philippines  inc was also awarded a threeyear operation and maintenance  om  contract by fr cement corporation,1,18,138,7.666666666666667,0
positive,meanwhile  nokia said that it will be able to deliver a complete range of services from deployment operations to consulting and integration to managed services as a result of the buyout,1,31,185,5.967741935483871,0
neutral,metso paper s delivery will comprise an advantage dct 200 tissue machine including quality control and distributed control systems  qcsdcs,0,20,138,6.9,3
neutral,net sales in 2007 totalled eur 329 million and the operating margin was above 19,0,15,80,5.333333333333333,9
positive,nevertheless  fitch notes that the business fundamentals of the three banks currently remain sound,1,14,98,7.0,0
positive,nokia controls more than 50 percent of phone sales in india and africa  and has a strong prosition on most other emerging markets,1,23,129,5.608695652173913,2
neutral,nokia will provide indosat turnkey services  including civil works  network planning  implementation and integration of a wcdma 3ghspa network,0,19,142,7.473684210526316,1
positive,nordic business report26 june 2006metso corporation wins eur50m equipment order in australia  19982006 m2 communications ltd the finnish engineering and technology group metso corporation said on monday  26 june  that it has received a eur50m equipment order in australia,1,39,271,6.948717948717949,21
positive,of the sales price  a sales gain of some 31 mln euro   45 mln  will be recognized in incap s earnings for 2007,1,23,110,4.782608695652174,8
positive,outotec s net profit for the second quarter of 2007 jumped to 168 mln euro   231 mln  from 46 mln euro   63 mln  a year ago,1,26,123,4.730769230769231,14
positive,panostaja oyj s  panostaja  board of directors decided on 16 december 2010 on a new longterm incentive and commitment plan for members of the management team,1,26,157,6.038461538461538,6
positive,pioneer library system was one of 127 libraries  municipalities  arts  culture and higher education and science organizations to have been awarded grants to participate in the big read  the largest federal reading program in us history,1,36,235,6.527777777777778,3
positive,pretax profit jumped to eur 219 million from eur 31 million,1,11,59,5.363636363636363,5
positive,profitability  ebit   was 139   compared to 131  in the previousyear period,1,11,75,6.818181818181818,6
positive,raute corporation has received orders worth over eur 12 million from ooo ilim bratsk dok in russia,1,17,98,5.764705882352941,2
positive,recovery has been evident in the liquid handling business  particularly in areas outside europe and primarily in north america and asia,1,21,135,6.428571428571429,0
positive,sales improved to sek 1553 mn  compared with sek 1408 mn,1,11,56,5.090909090909091,8
positive,savon koulutuskuntayhtyma  finland based company has awarded contract for specialist agricultural or forestry machinery,1,14,119,8.5,0
positive,skf 6 april 2010  alandsbanken has given a  buy  recommendation on swedish industrial company skf ab  sto  skf b  with a share price target of sek150,1,26,149,5.730769230769231,8
positive,sony ericsson and nokia dominated the list of bestselling handsets with five models each,1,14,88,6.285714285714286,0
positive,speaking to justdrinks today  a spokesperson for olvi said   we have performed very well in all four countries we operate in  namely  finland  estonia  latvia and lithuania,1,27,172,6.37037037037037,0
positive,sports equipment sales also progressed well owing to the prolonged winter season,1,12,80,6.666666666666667,0
positive,stockmann mastercard has widened the scope of this cooperation to estonia and latvia,1,13,84,6.461538461538462,0
neutral,stora enso will record a capital gain of eur 33 million as a nonrecurring financial item in its fourth quarter 2006 results,0,22,123,5.590909090909091,6
positive,tele2 affarsvarlden gave a  buy  recommendation on mobile operator tele2 ab and a share price target of 142 crowns   2354  1519 euro,1,22,132,6.0,13
positive,that topped consensus forecasts for earnings of 021 euros a share,1,11,65,5.909090909090909,3
positive,the acquisition of kaupthing sverige will bring a significant positive nonrecurring addition to the group s performance,1,17,119,7.0,0
positive,the acquisition will have an immediate positive impact on aspocomp s financial result,1,13,85,6.538461538461538,0
positive,the amending of the proposal simplifies the proposed plan and increases the incentive for key employees to stay in the company,1,21,126,6.0,0
positive,the australian company mirabela nickel has awarded outokumpu technology a contract for grinding technology for its nickel sulfide project in bahia state  brazil,1,23,160,6.956521739130435,0
positive,the broker has initiated both palfinger ag and konecranes oyj with  buy  recommendations  with 51 and 42 eur price targets respectively,1,21,135,6.428571428571429,4
positive,the buyer aims to thus reinforce its position in denmark  martela group managing director heikki martela said,1,17,109,6.411764705882353,0
positive,the companies have agreed on longterm cooperation to mechanise harvesting in stora enso s eucalyptus plantations in southern china,1,19,130,6.842105263157895,0
positive,the company aims to maintain this trend in profitability during the current year,1,13,80,6.153846153846154,0
positive,the company also said that in poland a profitability program has been launched at the oborniki steel frame and sandwich panel plant,1,22,131,5.954545454545454,0
positive,the company has established a 3g base station at about 17000 feet at the foot of mount everest that will enable mountain climbers at the 29035foot summit to surf the internet and even send videos of their exploits,1,38,213,5.605263157894737,11
positive,the company is also featured in the ethibel pioneer investment register and included in innovest s global 100 list of the world s most sustainable corporations,1,26,159,6.115384615384615,3
positive,the company s goal is to achieve annual savings of eur 2 million  usd 27 m   of which two thirds are to be realized in 2010,1,26,123,4.730769230769231,7
positive,the company said it observed a current stabilisation in prices and there is potential for higher prices for deliveries in the first quarter of 2011,1,25,147,5.88,4
positive,the company will also be compensated for acting as a reserve batch plant,1,13,72,5.538461538461538,0
positive,the group also has a strong global position in other fishing categories,1,12,71,5.916666666666667,0
positive,the group s cash flow from operations will be positive,1,10,54,5.4,0
positive,the mill has long traditions and holds an established position in the markets,1,13,77,5.923076923076923,0
positive,the move is aimed at boosting sales  costefficiency and market share in finland,1,13,79,6.076923076923077,0
neutral,the newspapers of alma media and arena partners will enter a cooperation agreement on using alma s marketplace services in their respective regions,0,23,147,6.391304347826087,0
positive,the original name componenta ml  as a subsidiary of the finnish componenta group  has been changed to ml components and the company has seen a 63  growth in q1 2010  in comparison to q1 2009,1,35,190,5.428571428571429,12
positive,the parties have also agreed on options that allow uh to extensively implement later on also functionalities of human resources management,1,21,138,6.571428571428571,0
positive,the pilot project proved that rifd technology is ideal for our purposes   comments olli saarinen  material handling supervisor at yara,1,20,134,6.7,0
positive,the planned facility  estimated to cost around  814 million  would be the largest biodiesel plant in the world  and use palm oil certified by the roundtable on sustainable palm oil  rspo,1,31,186,6.0,3
positive,this combined with foreign investments creates interesting opportunities for solteq,1,10,83,8.3,0
positive,this is done logistics  largest order in norway  the diversified group said,1,12,75,6.25,0
positive,this resulted in improved sales figures in sweden,1,8,49,6.125,0
neutral,to choose basware as the tools for our financial service seemed like a natural continuation of our cooperation   says tommi leskinen  financial applications manager  neste oil corporation,0,27,187,6.925925925925926,0
positive,under the agreement geosentric will provide gypsiipowered hotel information and reservation services to visitors to china  including such popular cities as beijing and shanghai,1,24,176,7.333333333333333,0
positive,vaisala also said it expects net sales of eur 2532 million for 2010  compared with eur 2522 million recorded in 2009,1,21,116,5.523809523809524,16
positive,validating our fgvoip client through symbian signed represents a significant step forward in accomplishing this goal,1,16,116,7.25,0
positive,wartsila won the contract in october 2007 and the plant will be installed at manturovo in the kostroma region of russia  about 600 km northeast of moscow  russia,1,28,161,5.75,7
positive,we are honored to be recognized by gartner as a specialist in business process modeling and analysis  in the company of many of the largest software vendors in the world,1,30,169,5.633333333333334,0
positive,we are now in a position to pursue novel clinical candidates going forward,1,13,74,5.6923076923076925,0
positive,upmkymmene upgraded to  inline  from  underperform  by goldman sachs,1,9,68,7.555555555555555,0
positive,consumers have very well received our packed fresh meat,1,9,55,6.111111111111111,0
positive,demand for sports equipment was good in 2005,1,8,44,5.5,4
positive,last year  finnair recorded a 326percent growth on the asian sector  carrying more than 110 million passengers between the two continents,1,21,137,6.523809523809524,6
positive,the additional flight linking mumbai with helsinki was dictated by the strong traffic demand between asia and europe,1,18,116,6.444444444444445,0
positive,the lowering of prices by us and by our competitors shows that the real estate market has stabilised and returned into balance and apartments are acquiring a fair price in the eyes of our clients,1,35,195,5.571428571428571,0
positive,the new structure provides better communication  faster decisionmaking and cost savings   proha said,1,13,100,7.6923076923076925,0
positive,this contract demonstrates our ability to apply our minerals and metals technologies in adjacent industries  such as oil shale processing,1,20,137,6.85,0
positive,we are pleased to deliver the basware invoice automation solution to a major retail company in the us,1,18,101,5.611111111111111,0
positive,we have tailored our solutions to meet solel s technical requirements  and the result is both costeffective manufacturing and highestquality reflectors,1,21,151,7.190476190476191,0
positive,we ve been feeling quite positive about the region as a whole,1,12,61,5.083333333333333,0
positive,21 december 2010  finnish industrial machinery company wartsila oyj abp hel  wrt1v said yesterday it had won an order to design a liquefied natural gas lng powered platform supply vessel psv for norwegian oil service provider eidesvik offshore asa osl  eiof,1,41,257,6.2682926829268295,7
positive,finlan s listed food industry company hkscan group controlled companies in the baltics improved revenues by eur 35 mn to eur 1604 mn in 2010 from eur 1569 mn in the year before,1,33,176,5.333333333333333,14
positive,finnish airline finnair has won a deal with the uk public sector to be the official airline for flights from london heathrow to osaka in japan  as well as flights between manchester in the uk and helsinki in finland,1,39,215,5.512820512820513,0
positive,finnish cargotec has been awarded a significant order for a total of 292 hiab loader cranes by bae systems in the us,1,22,116,5.2727272727272725,3
positive,finnish cargotec s kalmar has received a significant order from the us department of defense,1,15,92,6.133333333333334,0
positive,finnish outotec has been awarded a contract to supply a new zinc roaster with gas cleaning and sulphuric acid plant for the ozk kardzhali zinc smelter in bulgaria,1,28,162,5.785714285714286,0
positive,finnish pyry has been awarded an engineering contract by cfr  the national railway company of romania,1,16,101,6.3125,0
positive,according to a report by neomarkka  kuitu finland s customers are interested in buying the company s products when it restarts production,1,22,137,6.2272727272727275,0
positive,as a result  the distribution companies will start to distribute  in addition to their current product offering  shimano reels  rods and other shimano fishing tackle products on an exclusive basis,1,30,196,6.533333333333333,0
positive,cargotec germany gmbh has been awarded a contract by stadtverwaltung mainz for chassis bodies under open procedure,1,17,114,6.705882352941177,0
positive,ceo erkki jrvinen is happy with the company s performance in 2010,1,12,65,5.416666666666667,4
positive,deliveries have started and the network will be ready for a launch soon,1,13,71,5.461538461538462,0
positive,earnings per share for the quarter were also higher yearonyear at 033 eur versus 027  and above market expectations of 028 eur,1,22,126,5.7272727272727275,9
positive,ebitda for the year 2009 improved to eur484m  as compared with eur472m in 2008,1,14,78,5.571428571428571,14
positive,estonian telecoms company elisa s customer numbers cross 400000 tallinn  oct 22  bns  the estonian telecommunications company elisa won approximately 50000 new clients in the nine months of this year  bringing the number to 401800 by the end of september  the company said,1,43,272,6.325581395348837,19
positive,exel composites  longterm growth prospects remain favourable  however,1,8,69,8.625,0
positive,fi is developing cooperation in keyword advertising with microsoft,1,9,66,7.333333333333333,0
positive,finnish construction group lemminkainen oyj hel  lem1s said today it has won a contract to provide technical services for the nevsky centre shopping mall to be opened in november in st petersburg  russia,1,33,203,6.151515151515151,1
positive,finnish mobile operator dna will function as a subcontractor to maingate and will be responsible for telecommunications connections,1,18,131,7.277777777777778,0
positive,finnish software developer basware oyj said on november 30  2006 its us subsidiary basware  inc won an order to provide software for contract lifecycle management to an unnamed us medical technology company,1,32,206,6.4375,6
neutral,honka s subsidiaries in france and germany will also benefit by  for example  arranging customer events in conjunction with world cup skiing competitions,0,23,153,6.6521739130434785,0
positive,however  sales volumes in the food industry are expected to remain at relatively good levels in finland and in scandinavia  atria said,1,22,134,6.090909090909091,0
positive,incap and lankapaja aim to enter into actual agreement to transfer the sheetmetal production to the buyer in february in order to complete the transfer on 1 march 2011,1,29,167,5.758620689655173,5
positive,mr kivimeister said john deer former timberjack stands to win in the situation  it controls around 60  of estonia s forest machinery market,1,23,139,6.043478260869565,2
positive,nokia and elisa will work together to bring a superior mobile gaming experience for elisa customers,1,16,99,6.1875,0
positive,nordea sees a return to positive growth for the baltic countries in 2011,1,13,72,5.538461538461538,4
positive,operating profit improved by 167  to eur 77 mn,1,9,46,5.111111111111111,5
positive,operating profit improved by 399  to eur 180 mn from eur12 8 mn,1,13,63,4.846153846153846,9
positive,operating profit improved by 440  to er 47 mn from eur 33 mn in 2004,1,15,68,4.533333333333333,11
positive,operating profit improved to eur 203 mn from eur 114 mn,1,11,55,5.0,6
positive,outokumpu s chief executive juha rantanen expressed his confidence in china market,1,12,82,6.833333333333333,0
positive,previously  the company anticipated its operating profit to improve over the same period,1,13,88,6.769230769230769,0
positive,productional situation has now improved,1,5,39,7.8,0
positive,rautaruukki said construction group yit has awarded it a 25 mln eur contract to supply the steel structures for a new bridge spanning the kemijoki river in northern finland,1,29,172,5.931034482758621,2
positive,sales came in at 241 mln eur  compared with 2114 mln  and also beating consensus forecasts of 235 mln eur,1,20,105,5.25,10
positive,sales vat inclusive expanded by 19 percent  to 351 million euros,1,11,64,5.818181818181818,5
positive,strong growth has continued also in china,1,7,41,5.857142857142857,0
positive,synergy benefits will start to materialise in the second quarter,1,10,64,6.4,0
positive,teleste and sentry 360 have formed an integration partnership between sentry s advanced 360degree immersive camera product line and teleste s enterprise video management systems,1,25,177,7.08,6
positive,thanks to the multiplying effect of wagon performance  transport will be much more efficient   says development manager juha malkia from vr cargo,1,22,145,6.590909090909091,0
positive,the  buy  recommendation was reiterated,1,5,39,7.8,0
positive,the aim is to achieve eur 25 mn yearly savings,1,10,46,4.6,2
positive,the borrower was happy to do the roadshow and this paid off as the hit ratio from it was high,1,20,93,4.65,0
positive,the company  which makes garden tools  scissors and other consumer goods  said earnings were boosted by 69 mln eur of income it received from its 167 pct shareholding in finnish engineering group wartsila,1,33,204,6.181818181818182,5
positive,the company anticipates its turnover for the whole 2010 to surpass that of the previous year when it was eur 671 million,1,22,120,5.454545454545454,7
neutral,the company negotiated an amendment to the financial covenants of the present credit agreements in regard to the situation on 30 september 2010,0,23,143,6.217391304347826,6
positive,the eps improved to eur0 38 from eur0 27,1,9,40,4.444444444444445,6
positive,the expansion aims to attract new customers both in finland and abroad,1,12,70,5.833333333333333,0
positive,the federal secretary for transport and communication of mexico has awarded poyry and its mexican partner sintra a consulting contract in connection with the buenavistacuautitlan suburban railway,1,27,195,7.222222222222222,0
positive,the financial impact is estimated to be an annual improvement of eur2 0 m in the division s results  as of fiscal year 2008,1,24,123,5.125,6
positive,the financial impact is estimated to be some 15 meur annual improvement in the division s result  starting from fiscal year 2007,1,22,128,5.818181818181818,6
positive,the finnish group anticipates a sales gain of eur42m after tax and expenses,1,13,75,5.769230769230769,2
positive,the launch of the plant in june went well  and it has been producing the advanced fuel for a couple of weeks,1,22,108,4.909090909090909,0
positive,the parties have agreed to negotiate definitive distribution and license agreements by the end of june 2010,1,17,107,6.294117647058823,4
positive,the rationalization of the operations seeks to achieve over eur 1 million in yearly savings as from the second quarter of the current financial year,1,25,148,5.92,1
positive,the sale  which will result in a gain of some eur 60 million in the second quarter of 2010 for oriolakd  supports the finnish company s strategy to focus on pharmaceutical wholesale and retail operations,1,35,203,5.8,6
positive,the stock of new machines is reasonably small and new orders bring work,1,13,71,5.461538461538462,0
positive,the third order awarded to outokumpu technology is by shalkiya zinc of kazakhstan for the shalkiya zinclead project in kazakhstan,1,20,129,6.45,0
positive,these companies will be able to keep their market positions,1,10,59,5.9,0
positive,this acquisition supports our strategy of being close to our customers all around the world offering both equipment and related services,1,21,136,6.476190476190476,0
neutral,this lays a foundation for sustainable business development for the long term,0,12,77,6.416666666666667,0
positive,turun kaupunkin  finland based company has awarded contract to lemminkainen talotekniikka oy for electrical installation work,1,16,125,7.8125,0
positive,the world s biggest magazine paper maker said the program to improve efficiency will include closing several of its least competitive mills and would cover all the company s operations resulting in annual savings of some euro200 million us 240 million,1,41,251,6.121951219512195,6
positive,these moderate but significant changes resulted in a significant 2432  reduction in the estimated cvd risk,1,16,106,6.625,4
positive,uponor improved its performance in spite of the decrease in residential construction in the us,1,15,94,6.266666666666667,0
neutral,the inventor was issued us patent no,0,7,36,5.142857142857143,0
positive,israeli cable network operator hot telecom has chosen teleste  an international technology group  as its exclusive provider of fttx equipment in israel  according to teleste today,1,26,179,6.884615384615385,0
neutral,incap corporation stock exchange release 4 may 2010 at 830 am incap corporation s directed share issue was subscribed in full the board of incap corporation has approved the subscriptions of directed share issue,0,34,211,6.205882352941177,8
neutral,amer sports divests an industrial site in rumilly  france   this announcement is distributed by thomson reuters on behalf of thomson reuters clients,0,22,148,6.7272727272727275,0
neutral,simultaneously  his responsibility area is extended from legal affairs to cover also mergers and acquisitions,0,15,109,7.266666666666667,0
neutral,the board of directors has proposed the extraordinary general meeting to authorise the board to decide on the issuance of a maximum of 30mn new shares in one or more share issues,0,32,178,5.5625,2
neutral,bg crane has been a strong partner for hiab in australia for many years,0,14,71,5.071428571428571,0
neutral,once your plants are in the ground they will continue to grow  but the success of any garden lies in how well it s maintained,0,25,125,5.0,0
neutral,the purchase of sites worth 300 million in the thames gateway will provide more than 1200 homes,0,17,95,5.588235294117647,7
neutral,poyry s contract includes engineering management  civil and detail engineering services  and time scheduling and procurement services,0,17,133,7.823529411764706,0
neutral,the group brand portfolio includes the leading brand in the industry  rapala  and other global brands like vmc  storm  blue fox  luhr jensen  williamson  marttiini and sufix,0,27,173,6.407407407407407,0
neutral,it s  fingerfriendly   and to my opinion  really fast,0,9,53,5.888888888888889,0
neutral,thanks to my nokia and lulu  i am now proud to be a published his novel can be found here,0,20,89,4.45,0
neutral,the summer collection 2008 will be joyfully fresh like a vitamin injection   said hm s head of design margareta van den bosch,0,22,125,5.681818181818182,4
neutral,a maximum of 20 employees  who work in karttakeskus and are responsible for producing geographic information services  will be affected  the company added,0,23,154,6.695652173913044,2
positive,about marubeni marubeni corporation tse  8002  adr  maruy was established in 1858  and is a core company of marubeni group  one of japan s leading general trading houses,1,28,169,6.035714285714286,8
neutral,about midnighttrader  midnighttrader is the premier source of extendedhours us equity trading analysis  news and forecasting for the retail and institutional investment community,0,23,178,7.739130434782608,0
neutral,juhapekka weckstrm has been appointed president of telecom group teliasonera finland to succeed esa rautalinko,0,15,110,7.333333333333333,0
neutral,according to pietinalho  doctors should motivate their patients who smoke every time they visit their doctors,0,16,109,6.8125,0
neutral,according to the original merger plan  scanfil would get a 79  stake in the combined business,0,16,93,5.8125,2
neutral,according to ultrascan  with a software acquired from crackers  it has managed to change the mobile phone in a way that the phone was able to get hold of a onetime password sent by a bank via a text message,0,40,206,5.15,0
neutral,additionally  retailers can use the same hardware across all tasks in stores and throughout the warehouse  providing substantial savings on support and infrastructure costs,0,24,172,7.166666666666667,0
neutral,addus  services include personal care and assistance with activities of daily living  skilled nursing and rehabilitative therapies  and adult day care,0,21,150,7.142857142857143,0
neutral,aldata solution oyj bertrand sciard president and ceo further information  aldata solution oyj  bertrand sciard  president and ceo  tel 33 1 46 48 28 00 aldata 100  retailwholesale at aldata 100  of our business is dedicated to retail and wholesale business improvement,0,42,269,6.404761904761905,17
neutral,alfa group will have 439  of voting stock in the new company and telenor 354  with a free float of 207,0,21,102,4.857142857142857,9
neutral,all are welcome,0,3,15,5.0,0
neutral,altogether 150 subjects with mildly elevated cholesterol levels participated in the fourmonth long intervention,0,14,111,7.928571428571429,3
neutral,an additional amount  capped at eur12m  is payable in cash upon the achievement of certain financial performance targets in 2007,0,20,128,6.4,6
neutral,arto ryymin  born 1964  will replace juhani kaisanlahti who has worked as acting evp  healthcare  welfare since august 2007,0,19,123,6.473684210526316,8
neutral,at capman haavisto will be responsible for group finances and accounting and it,0,13,79,6.076923076923077,0
positive,by implementing the software the finnish army aims to unify and improve its operations in these application areas  qpr software stated,1,21,134,6.380952380952381,0
neutral,cablevision systems corp cvc their madison square garden division owns and operates the new york knickerbockers basketball team  they also own the madison square garden arena  the new york rangers hockey team  the new york liberty women s basketball team  and the hartford wolf pack hockey team,0,47,294,6.25531914893617,0
neutral,capman has six investment areas capman buyout  capman technology  capman life science  capman russia  capman public market and capman real estate  and each of them has a dedicated team and funds,0,31,194,6.258064516129032,0
neutral,capman plc press release 31 march 2008 jukka ruuska  president of the omx nordic exchanges and the stockholm stock exchange  will transfer to capman effective no later than september 2008,0,30,187,6.233333333333333,10
neutral,cents the profile contains business operations  the company history  major products and services  prospects  key competitors  structure and key employees  locations and subsidiaries,0,23,181,7.869565217391305,0
neutral,conference call to participate via a conference call  please dial in 510 minutes before the beginning of the event  44 0 20 7162 0025 europe or 1 3343236201 usa,0,29,160,5.517241379310345,27
neutral,construction is scheduled to start in apriljune 2007 and to be completed in early 2008,0,15,86,5.733333333333333,8
neutral,financialwire tm is a fully independent  proprietary news wire service,0,10,70,7.0,0
neutral,finnish civil aviation administration decided to temporarily reopen finnish capital s helsinki airport since 3 pm to 11 pm monday local time,0,22,140,6.363636363636363,3
positive,fiskars  the world s  1 scissors brand tm  recently won learning  magazine s 2011 teachers  choice award for the classroom,1,20,122,6.1,5
neutral,founded in 1946  strand associates  which provides civil  environmental  transportation  electrical and mechanical engineering services  has 350 employees at 10 offices in wisconsin  alabama  illinois  indiana  kentucky and ohio,0,29,228,7.862068965517241,9
neutral,halonen s office acknowledged receiving the letter but declined comment,0,10,71,7.1,0
positive,he believes that the soyoats have a good chance of entering the uk market,1,14,73,5.214285714285714,0
neutral,he does not believe  however  that hkscan or atria will start to use imported meat as finnish consumers prefer domestic products,0,21,128,6.095238095238095,0
neutral,headquartered in this city  the company is nearly 75 years old and focuses on sciencebased innovation and technology for environmental measurement,0,21,146,6.9523809523809526,2
neutral,however  in march 2009  the government of st petersburg passed the front part of the building with the area 1900 square metres and a land plot for a hotel worth usd 1015mn to the company delta,0,36,192,5.333333333333333,12
neutral,in 2009  lee  man had a combined annual production capacity of close to 45 million tonnes of paper and 300000 tonnes of pulp,0,23,124,5.391304347826087,12
neutral,in the method the smelt spouts 2 are separated from the working area 6 by a shielding wall 8  10 arranged movable in relation to the smelt spouts,0,28,145,5.178571428571429,5
neutral,investments span across various product and investment types  including retail  hospitality  office  and residential  with interests in realestate portfolios  nonperforming loans and corporate restructurings,0,24,207,8.625,0
neutral,it also recovers valuable raw material for kemira s water chemical production,0,12,77,6.416666666666667,0
neutral,it is necessary to strengthen the company s operations  however,0,10,63,6.3,0
neutral,it will use the proceeds from the transaction to achieve its target,0,12,67,5.583333333333333,0
positive,kai tulonen  chief technology officer  sysopen digia says   we have been using corporate phonebook inside sysopen digia extensively since last fall  and we have been very satisfied with the results,1,30,197,6.566666666666666,0
positive,last year  lemminkainen completed the kouvola ksupermarket contract,1,8,67,8.375,0
neutral,le lay succeeds walter gnter and will be based in finland,0,11,57,5.181818181818182,0
neutral,lemminkainen infra oy s subsidiary lemminkainen sverige ab will perform the construction work  which is expected to start in early 2011 and to be completed in the summer of 2013,0,30,177,5.9,8
neutral,los angelesbased pacific office properties trust acquires  owns  and operates office properties in the western us  focusing initially on the markets of honolulu  san diego  los angeles  and phoenix,0,29,197,6.793103448275862,0
neutral,master of mayawas jointly developed by nokia siemens networks and ufa  fremantlemedia  and will be actively advertised by maxis in the end of may 2007,0,25,150,6.0,4
neutral,medical devices  russia this brandnew market analysis gives a clear overview of the actual situation and future outlook of the medical device market in russia,0,25,158,6.32,0
positive,metrics in qpr scorecard now support date  text and milestonebased values  which improve its support for managing projects around performance or processrelated content,1,23,167,7.260869565217392,0
neutral,mformation provides enhanced management of these applications by enabling configuration and control throughout their lifecycle,0,15,126,8.4,0
neutral,mr jorma valkama  managing director of suomen paikallissanomat oy  states that rannikkoseutu complements in an outstanding way the current product range of the company,0,24,167,6.958333333333333,0
neutral,mr mikko saavalainen  head of comptel s global sales concludes   gibtelecom provides a perfect illustration of the variety of business  technical and regulatory challenges operators are facing in their oss today,0,31,211,6.806451612903226,0
neutral,neste oil said that while results from its biomass to 3 liquids demonstration plant  commissioned in june 2009  have been promising  no decision on a commercial plant has been taken,0,30,181,6.033333333333333,5
neutral,nokia will continue to invest in future development of qt  and digia will be responsible for commercial licensing and services business,0,21,135,6.428571428571429,0
neutral,nonwovens and specialty papers  made by ahlstrom  are used in a large variety of everyday products  eg in filters  wipes  flooring  labels  and tapes,0,24,149,6.208333333333333,0
neutral,now  nokia has announced the launch of bicycle charger kit that is compatible with all nokia phones that have a 2 mm charging interface,0,24,135,5.625,1
neutral,on the basis of competitive bidding ooo kitai stroi  the russian subsidiary of china state construction engineering corporation  a construction company owned by china state  has been selected as the main constructor,0,32,215,6.71875,0
neutral,only this time  nokia  india s largest mnc  has sought out a topic that could spark off a million approaches  creativity in emerging markets,0,24,140,5.833333333333333,0
positive,other carriers and handset makers spin it as a positive event that will raise interest for higherend phones and pricier data plans,1,22,130,5.909090909090909,0
neutral,other potential clients include public administration organizations investing in utility networks and services,0,13,110,8.461538461538462,0
neutral,our solutions are fully arabized  and our message is that we want to become the it partner of choice for businesses in the neareast region,0,25,138,5.52,0
positive,pearl plaza llc  the joint venture of srv and shanghai industrial investment holdings co ltd  has concluded the investment decision on construction of the first phase of the shopping center in saint petersburg  russia,1,34,217,6.382352941176471,0
neutral,poyry plc additional information by  martin kuzaj  president  industry business group  finland tel 358 10 33 21179 sanna paivaniemi  director  investor relations  poyry plc  finland tel 358 10 33 23002 poyry is a global consulting and engineering company dedicated to balanced sustainability,0,42,291,6.928571428571429,24
neutral,professional and consumer applications include personal navigation  personal safety  field and workflow management  and asset tracking,0,16,134,8.375,0
neutral,satama and trainers  house will remain as names and independent brands of the business areas,0,15,92,6.133333333333334,0
neutral,talvik says the relocation of application programs on servers will continue  while hp servers were approved because of hp supplying a tailormade solution to elisa,0,25,162,6.48,0
positive,technopolis and the st petersburg government signed a cooperation memorandum in october 2005 to set up a technopark in the neudorf production zone in the village of strelny  in the st petersburg suburbs,1,33,202,6.121212121212121,4
neutral,tekla structures 16 is  all about you and your team  and compatible with the windows 7 operating system,0,18,103,5.722222222222222,3
positive,tekla structures bim building information modeling software is being developed according to a longterm plan of improved user experience  process  and functionality,1,22,163,7.409090909090909,0
positive,teliasonera is the leading telecommunications company in the nordic and baltic regions,1,12,86,7.166666666666667,0
neutral,the above mentioned shareholders will suggest that a monthly salary of eur 1400 would be paid for the board members outside the company,0,23,135,5.869565217391305,4
neutral,the address location is provided to a local controller  preferably by wireless transmission  which then uses the address location to access the appliance control module,0,25,168,6.72,0
neutral,the aim of the bridge solutions chosen is to minimize construction times while ensuring that traffic beneath the bridge on the saimaa canal continues undisturbed,0,25,161,6.44,0
neutral,the bank is also examining the benefits of transferring the swedish business to operate as a branch office so that the operations would be governed by finland s laws,0,29,165,5.689655172413793,0
neutral,the company admits that 36 months is a relatively short time when operating in russia,0,15,85,5.666666666666667,2
neutral,the company has a wide selection of metal products and services,0,11,63,5.7272727272727275,0
neutral,the company is in charge of all natural gas storage activities in france  great britain  and germany,0,17,100,5.882352941176471,0
neutral,the cooperation with airbaltic is expected to lead to the transfer of finncomm to the ownership of airbaltic in time,0,20,116,5.8,0
neutral,the court s decision will also promote genuine competition in services,0,11,70,6.363636363636363,0
neutral,the daily graphic newspaper  in october  reported an initiative being embarked upon by the fidelity bank to partner ghana post  which has offices across the country  to offer financial services to the unbanked and underbanked in the country,0,38,240,6.315789473684211,0
neutral,the device can also be used for theft protection and positioning of vehicles  boats and other assets,0,17,100,5.882352941176471,0
neutral,the donations are granted to aalto university and the universities of helsinki  tampere  turku  eastern finland  jyvskyl  oulu and vaasa  and to polytechnics to be announced later,0,27,179,6.62962962962963,0
neutral,the estonian beverages maker a le coq today brought to the market a new premium class beer  a le coq special  investing 6 million kroons eur 383000 into its development and planning to sell three million liters of the beer during the next year,0,44,243,5.5227272727272725,7
neutral,the first phase will be completed by the end of 2012,0,11,52,4.7272727272727275,4
neutral,the guidance has been set at 90 basis points over midswaps  the report said,0,14,75,5.357142857142857,2
neutral,the invention carries international patent publication no,0,7,57,8.142857142857142,0
neutral,the inventors are bylander johan  ponten fredrik and lundberg jorgen,0,10,68,6.8,0
neutral,the inventors are mukkavilli krishna kiran  sabharwal ashutosh and aazhang behnaam,0,11,82,7.454545454545454,0
neutral,the inventors are ridge justin  bao yiliang and karczewicz marta,0,10,64,6.4,0
neutral,the issuer is solely responsible for the content of this announcement,0,11,69,6.2727272727272725,0
neutral,the issuer is solely responsible for the content of this announcement,0,11,69,6.2727272727272725,0
neutral,the market making in accordance with the agreement will begin on september 24  2009,0,14,83,5.928571428571429,6
neutral,the offer price is  35 million  including cash of  10 million as net debt assumption of face  and  20 million worth of cencorp shares to be issued to savcor,0,29,156,5.379310344827586,6
neutral,the ore body is sufficient to support anticipated production for at least 46 years,0,14,82,5.857142857142857,2
neutral,the original patent was filed in finland under application no,0,10,61,6.1,0
neutral,the relocation of ragot has already started and will be completed in the next few weeks  with the waterqueen and tortue moves planned for mid2008 and vmc europe during the third quarter of 2008,0,34,193,5.676470588235294,8
positive,the report provides a comprehensive insight into the company  including business structure and operations  executive biographies and key competitors,1,19,148,7.7894736842105265,0
neutral,the rewards to be paid on the basis of the earning period 2011 will correspond to the value of a maximum total of 364000 componenta corporation shares including also the proportion to be paid in cash,0,36,199,5.527777777777778,10
neutral,the right margin will be viewed separately in detail with every customer,0,12,72,6.0,0
neutral,the service also enables users to watch emails in html format en is enhanced with 23 addition languages to choose from,0,21,118,5.619047619047619,2
positive,the services also give the supplier opportunity to keyin invoices  receive orders electronically  to send order confirmations and to upload and create electronic catalogues,1,24,172,7.166666666666667,0
neutral,the swedish subsidiary holds 10  net smelter return  nsr  royalties over two advanced copper projects in northern sweden  the viscaria and adak projects  being developed by avalon minerals ltd asx  avi,0,31,201,6.483870967741935,2
neutral,the total investment in the vantaa plant extension will amount to around 10 million euro  and okmetic s share of the investments will be worth around 27 million,0,28,160,5.714285714285714,4
neutral,the value of the deal exceeds eur500 000  the company said,0,11,58,5.2727272727272725,6
neutral,this implementation will upgrade the existing system  enabling voicemail and video mail to be housed on the same platform,0,19,121,6.368421052631579,0
positive,this is the second successful effort for the financial investor this year,1,12,73,6.083333333333333,0
neutral,travel expenses would be reimbursed in accordance with the travel policy of the company,0,14,87,6.214285714285714,0
neutral,welcome,0,1,7,7.0,0
neutral,wellness services will be important in the future,0,8,49,6.125,0
neutral,you need to be ready when the window opens up  rosberg said,0,12,59,4.916666666666667,0
neutral,tikkurila inspires you to color your life,0,7,41,5.857142857142857,0
positive,lietuvos respublikos sveikatos apsaugos ministerija has awarded contract to uab  affecto lietuva  for financial systems software package,1,17,136,8.0,0
neutral,cf2 pty ltd became a substantial holder in renison consolidated mines nl on january 25 with 150 million shares  79 pc,0,21,117,5.571428571428571,8
neutral,raffles equities ltd became a substantial holder in archer exploration ltd on january 12 with 117 million shares  182 pc,0,20,120,6.0,8
positive,for nordea  moving into the new headquarters signifies the beginning of a new era,1,14,81,5.785714285714286,0
neutral,we respect their decision  the discussions are now closed   said kai telanne  alma media s ceo,0,16,94,5.875,0
neutral,directors and shareholders alike should ask why these practices were allowed to continue,0,13,88,6.769230769230769,0
neutral,every partner will be allowed to buy a quantity of electricity corresponding to their share in the consortium  at production cost   a letter of intent said,0,26,155,5.961538461538462,0
positive,i m happy with the outcome   sneed said after the hearing,1,11,57,5.181818181818182,0
positive,installation of the automatic varnishing line is an important part of the company s strategy in the region of central and eastern europe   said jozef misurec  the director of ruukki slovakia,1,31,190,6.129032258064516,0
positive,it allows the young child to move forward with his life,1,11,55,5.0,0
positive,our decision and resolve on meego is only stronger   she continued,1,11,66,6.0,0
neutral,the issues identified by stonesoft affect a range of content inspection technology,0,12,82,6.833333333333333,0
neutral,they want my credit card info and my personal details,0,10,53,5.3,0
neutral,we hope to clarify our policies to finnish businesses where there are any gray areas   motlanthe said,0,17,101,5.9411764705882355,0
neutral,we will now  after the relevant authority approvals  make a mandatory bid as required by the finnish securities markets act,0,20,123,6.15,0
positive,1 november 2010  finnish textile and clothing company marimekko oyj  hel  mmo1v  announced on friday the opening of its first concept store in seoul in cooperation with japanese sector player look inc  tyo  8029,1,34,211,6.205882352941177,10
neutral,a broad range of connectivity options including 3g  hspa and wifi gives consumers high speed access to the internet,0,19,115,6.052631578947368,1
positive,a new production line is being completed for the contract production of hormone treatments,1,14,90,6.428571428571429,0
neutral,a quick  onestopshop  to understand the company,0,7,47,6.714285714285714,0
neutral,about dopplr dopplr is a service for smart travellers,0,9,53,5.888888888888889,0
positive,about elcoteq elcoteq se is a leading electronics manufacturing services  ems  company in the communications technology field,1,17,125,7.352941176470588,0
positive,about nokia nokia is a pioneer in mobile telecommunications and the world s leading maker of mobile devices,1,18,107,5.944444444444445,0
neutral,about stonesoft corporation stonesoft corporation  omx  sft1v  is an innovative provider of integrated network security solutions to secure the information flow of distributed organizations,0,24,189,7.875,1
neutral,according to sweden s minister for local government and financial markets  mats odell  the decision to sell the state s shares in telecom group teliasonera can only be carried out in cooperation with the state of finland,0,37,220,5.945945945945946,0
neutral,finnish beverage company olvi is introducing a new long drink olvi kultalonkero   golden long drink   in the market in finland in the spring of 2009,0,25,148,5.92,4
positive,finnish geosentric  a developer and provider of solutions  products  and technologies for location based services  has preliminary agreed on a eur 6mn shortterm funding with its leading investor,1,28,194,6.928571428571429,1
positive,finnish raisio  diagnostics  is launching new dnabased quick tests to ensure the safety of food,1,15,95,6.333333333333333,0
neutral,finnish rautaruukki is selling its precision tube and automotive component processing unit carl froh in germany to german arques industries,0,20,139,6.95,0
negative,finnish suominen corporation that makes wet wipes  nonwovens  and flexible packaging is starting employeremployee negotiations at its tampere plant in finland to lay off about 25 employees,-1,27,188,6.962962962962963,2
neutral,swedish wallenberg family controlled investor has bought a large stake of c shares in swedish retail bank seb,0,18,109,6.055555555555555,0
negative,according to arokarhu  some of the purchases that had been scanned into the cash register computer disappeared when the total sum key was pressed,-1,24,145,6.041666666666667,0
neutral,according to barclays  the fsecure software will protect users from hackers  viruses  spyware and other digital attacks,0,17,119,7.0,0
neutral,according to capman plc s corporate governance  the majority of the committees  members shall be independent of the company,0,19,123,6.473684210526316,0
neutral,according to finnair technical services  the measure is above all due to the employment situation,0,15,97,6.466666666666667,0
neutral,according to honka japan s managing director marko saarelainen  honkarakenne exports about 200 ready made log houses to japan a year,0,21,132,6.285714285714286,3
neutral,according to preliminary data from slovakia s statistics office  goods worth e36 4 million were imported from finland between january and october 2010  making up 01 percent of slovakia s total imports,0,32,200,6.25,9
neutral,according to seikku  the retail sector in finland is controlled by 34 large actors  while food manufacturers are still relatively small,0,21,135,6.428571428571429,2
negative,according to the company  staff will be laid off temporarily when necessary,-1,12,75,6.25,0
neutral,according to tyrvinen s estimation  japan is a very essential location in terms of finnair s asian strategy,0,18,107,5.944444444444445,0
neutral,according to vauramo  the plant s lifting equipment is suitable for asian and for some chinese trucks,0,17,101,5.9411764705882355,0
neutral,after the signing  the total amount of aspo s revolving credit facility agreements is eur 50 million  which replaces the formerly valid agreements of eur 80 million,0,27,164,6.074074074074074,4
neutral,ahlstrom corporation stock exchange release 13022008 ahlstrom  a global leader in high performance fiberbased materials  today announced the completion of the acquisition of friend group inc  which consists of west carrollton parchment company and west carrollton converting company,0,38,282,7.421052631578948,8
neutral,aho is proud of the company s new product  lordicola,0,10,52,5.2,0
neutral,aldata to share space optimization vision at apollo user group and 2009 category management association conferences  company will unveil new solution that combines business intelligence with space planning data at conferences,0,31,225,7.258064516129032,4
neutral,alexandria  va  aug 27  timo vataja of tampere  finland  virve inget of oulu  finland  have developed a computer program product with activating the right of use,0,26,161,6.1923076923076925,2
neutral,also  a sevenyear historic analysis is provided for these markets,0,10,65,6.5,0
neutral,also  a sixyear historic analysis is provided for these markets,0,10,63,6.3,0
neutral,also  a sixyear historic analysis is provided for this market,0,10,61,6.1,0
neutral,also  technopolis plans to build a 100 million euro technology park at the special economic zone neudorf in st petersburg  the st petersburg government said in february,0,27,168,6.222222222222222,3
neutral,also chile is an important market area for forest machine companies,0,11,67,6.090909090909091,0
neutral,also the traditional grapevine carries a lot of weight,0,9,54,6.0,0
positive,altia s operating profit jumped to eur 47 million from eur 66 million,1,13,69,5.3076923076923075,4
positive,altimo and teliasonera said yesterday that usmanov would be welcome to join the new company,1,15,91,6.066666666666666,0
neutral,amanda said that it had already made a usd5 0 m investment commitment in russia partners ii fund in july 2005,0,21,109,5.190476190476191,6
neutral,an  of the invention  released by the patent office  said   the chambers are pressurized,0,14,88,6.285714285714286,0
neutral,an audio webcast will be available live and archived on cerner s web site at wwwcernercom,0,16,89,5.5625,0
neutral,anttila s online department store  netanttila  has an established position as the bestknown  most visited and most shopped online store in finland,0,22,146,6.636363636363637,0
neutral,apart from nordea  also ergo is competing for the position among the top three pension funds providers in estonia,0,19,113,5.947368421052632,0
neutral,as a result of the merger  the largest professional electronics and telecommunications technology contract manufacturing center in finland will be formed in sievi,0,23,162,7.043478260869565,0
negative,as a result of the negotiations the employment of 130 blue  and whitecollar employees at the oulu plant would be terminated,-1,21,123,5.857142857142857,3
neutral,as of august 2008  glaston s north asian sales and service region is upgraded to a new market area  north asia,0,21,110,5.238095238095238,4
neutral,as the world leaders in developing uv technology for municipal wastewater  drinking water  and industrial water treatment systems  trojan technologies was a logical partner in providing wrtsil with uv technology for ballast water treatment,0,34,239,7.029411764705882,0
neutral,aspo s strong company brands  esl shipping  leipurin  telko and kaukomarkkinat  aim to be the market leaders in their sectors,0,20,125,6.25,0
neutral,at this stage  a maximum of 60000 tulikivi series a shares will be acquired  representing about 016 per cent of the company  s shares outstanding,0,25,145,5.8,8
positive,atria group is a leading scandinavian meat products group,1,9,57,6.333333333333333,0
positive,atria will launch a campaign in september to promote the campomos brand on the moscow market  he said,1,18,101,5.611111111111111,0
neutral,basware order matching automatically matches purchase invoices with approved purchase orders,0,11,92,8.363636363636363,0
positive,bg ad  bulgaria s leading internet company,1,7,42,6.0,0
neutral,capacity of the facility made by finland s vaahto group is 86000 tons of light coated paper,0,17,91,5.352941176470588,5
neutral,capman  an asset manager  has eur 3bn worth of assets under management in the nordic region,0,16,91,5.6875,1
neutral,capman has four investment areas  capman buyout  capman technology  capman life science and capman real estate   and each of them has a dedicated team,0,24,150,6.25,0
neutral,castecka said the town hall would hold talks with other investors interested in the zone,0,15,88,5.866666666666666,0
neutral,central europe is an important market area for honka,0,9,52,5.777777777777778,0
neutral,cents recognize potential partnerships and suppliers,0,6,52,8.666666666666666,0
positive,certain shareholders have irrevocably agreed to vote in favor of the bond issue,1,13,79,6.076923076923077,0
neutral,changes being announced today will be effective after the close of trading on friday  june 19  2009,0,17,99,5.823529411764706,6
neutral,chief financial officer jim heindlmeyer said beyond oblivion is in advanced talks with the four major recording companies about its service,0,21,139,6.619047619047619,0
neutral,chs expo freight is a major finnish fair  exhibition and culture logistics company that provides logistics services to various events by land  air and sea,0,25,154,6.16,0
neutral,competition authorities will have to approve the deal before it can be finalized,0,13,80,6.153846153846154,0
neutral,complete name of shareholder  otto henrik bernhard nyberg for further information  please contact maijaliisa friman  ceo  tel 358 9 7597 0711,0,21,141,6.714285714285714,12
neutral,completion of the transaction is subject to a final agreement and a due diligence process,0,15,89,5.933333333333334,0
neutral,construction is expected to be completed in the summer of 2011,0,11,62,5.636363636363637,4
neutral,consumers are now increasingly interested in what they can do with heir phones,0,13,78,6.0,0
neutral,crucially  the decision to use etsi  european telecommunication standard institute   backed dvbh adds to the growing list of operators and equipment manufacturers opting for the standard  see global  20 january 2006  competing technologies vie for mobile tv,0,37,257,6.945945945945946,6
neutral,currently more than 100 of global fortune 500 companies are using ssh security solutions,0,14,88,6.285714285714286,6
positive,demand seems to have hit bottom now  and some signs of improvement can be seen,1,15,78,5.2,0
neutral,dnb nord of norway is the  most likely nordic buyer  for citadele  while nordea would be a  good strategic fit   according to the document published by pietiek,0,27,159,5.888888888888889,0
neutral,donations to universities the annual general meeting authorized the board of directors to donate max,0,15,100,6.666666666666667,0
neutral,dopplr members share personal and business travel plans privately with their networks  and highlight interesting places to stay  eat and explore in cities around the world,0,26,171,6.576923076923077,0
neutral,dragonfly love is another video shot from start to finish using the nokia n8,0,14,76,5.428571428571429,1
neutral,during the past 10 years the factory has produced many of nokia s most popular models including the nokia 2760  the nokia 6300 as well as nokia s latest music device the nokia 5800 express music,0,36,194,5.388888888888889,14
neutral,eb will hold the exclusive rights to market the new entity s product,0,13,68,5.230769230769231,0
neutral,elcoteq s electronics manufacturing services  ems  business segment serves customers globally in engineering  manufacturing and fulfillment services,0,17,148,8.705882352941176,0
neutral,elisa corporation  headquartered in helsinki  is a finnish telecomms company offering private and corporate customers a comprehensive range of telecomms services,0,21,161,7.666666666666667,0
positive,employees are also better prepared to answer calls  since they already have detailed information about the caller before they answer the phone,1,22,142,6.454545454545454,0
neutral,entire paper mills may be set up  especially in the new eu member states,0,14,72,5.142857142857143,0
neutral,eqt has completed its exit from salcomp  a finnish company that makes mobile phone chargers  by selling its remaining stake to swedish investment group nordstjernan for about  euro  35 million   47 million,0,32,205,6.40625,4
neutral,even so  tulikivi emissions are well below some of the strictest state standards including washington and colorado,0,17,114,6.705882352941177,0
neutral,fcc chairman kevin martin said that fair play required extending the same deregulatory rules to the digital subscriber lines that telecom providers use for broadband networks,0,26,174,6.6923076923076925,0
neutral,financialwire  tm   in cooperation with the investrend broadcast syndicate  also provides complete  daily conference call and webcast schedules as a service to shareholders and investors via the firstalert  tm  networks oefirstalert  tm  daily,0,33,243,7.363636363636363,0
positive,finnish automation solutions developer cencorp corporation  omx helsinki  cnc1v  said on friday  27 june  that it has completed employee negotiations regarding a reorganisation of its operations,1,26,194,7.461538461538462,3
neutral,finnish consumers prefer to buy the cheapest beer brand,0,9,55,6.111111111111111,0
positive,finnish engineering and technology company metso oyj said on may 27  2008 it completed the acquisition of paper machinery technology from japanese engineering company mitsubishi heavy industries  mhi  for an undisclosed sum,1,32,223,6.96875,6
neutral,finnish holding company panostaja oyj said on june 12  2007 it has signed a letter of intent to acquire local lahden lampokasittely oy and heatmasters oy  active in the heat treatment of metals  for a total 31 mln euro   41 mln,0,41,227,5.536585365853658,10
neutral,finnish paints and coatings company tikkurila oyj  hel  tik1v  announced today the launch of tikkurila prohouse method for protection of wooden surfaces via treatment with ultra pro waterborne products,0,29,201,6.931034482758621,1
neutral,following the registration  the number of issued and outstanding shares of basware is 12890829,0,14,94,6.714285714285714,8
neutral,fortum had previously bought the stateheld stake in tgk10 from rao ues during its reform,0,15,88,5.866666666666666,2
neutral,founded in 1649  fiskars has over 360 years of product quality excellence and is finland s oldest company,0,18,105,5.833333333333333,7
positive,furthermore  our fully electrically driven cranes are environmentally friendly,1,9,78,8.666666666666666,0
neutral,genvec is a biopharmaceutical company developing novel therapeutic drugs and vaccines,0,11,85,7.7272727272727275,0
neutral,geosentric s flagship product is the gypsii platform  which uses pioneering geolocation software technology to connect people to people  and people to places with new and exciting social community and locationspecific services,0,32,226,7.0625,0
neutral,glaston s wellknown brands are bavelloni  in preprocessing machines and tools  tamglass and uniglass  in safety glass machines and albat  wirsam in software solutions,0,24,166,6.916666666666667,0
neutral,glaston s wellknown brands are bavelloni  in preprocessing machines and tools  tamglass and uniglass in safety glass machines and albat  wirsam in software solutions,0,24,165,6.875,0
neutral,goodwill and other intangible assets account for some 20 mln euro   26 mln  of the purchase price  20 pct of which payable in aspo shares,0,25,137,5.48,6
positive,grapevine city officials in september approved  35 million in tax rebates and grants for the expansion,1,16,102,6.375,2
neutral,gunneflo will be responsible of oriolakd s pharmaceutical trade business in sweden,0,12,82,6.833333333333333,0
neutral,harju elekter was founded in 1968  and is the leading producer of electrical equipment and materials in the baltic states,0,20,121,6.05,4
neutral,harold w young is an independent broker working closely with several retailers including ahold usa  market basket  cvs  bj s wholesale club  hannaford and cumberland farms,0,26,171,6.576923076923077,0
positive,he also mentions that this improvement to the service follows the recent expansion of the finnlines service from bilbao via antwerp and helsinki and from hull via helsinki to st petersburg,1,31,188,6.064516129032258,0
neutral,helsinki  afx   outokumpu said it has agreed to sell the hitura nickel mine in finland to canadian group belvedere resources ltd for 10 mln eur worth of belvedere shares,0,29,169,5.827586206896552,2
neutral,hkscan  headquartered in turku  finland  is a leading northern european food group with 10000 employees in nine countries,0,18,121,6.722222222222222,5
neutral,hkscan is one of the leading food companies in northern europe with homemarkets in finland  sweden  the baltic countries and poland,0,21,131,6.238095238095238,0
neutral,honkarakenne mainly exports large luxury log houses to russia to be used as onefamily houses or holiday homes  70  of sales go to the moscow region  about 20  to the st petersburg region  and the remainder to other locations,0,39,224,5.743589743589744,4
neutral,however shortterm rentals are becoming more popular,0,7,51,7.285714285714286,0
neutral,huhtamaki oyj stock exchange release 16122008 at 0930 huhtamaki oyj has resolved to clarify the group structure by separating the foodservice and consumer goods businesses in its production unit in hameenlinna  finland by transferring the businesses into its wholly owned subsidiaries,0,41,284,6.926829268292683,12
positive,iggesunds bruk in sweden is one of the most advanced  fully integrated pulp and paperboard mills in the world,1,19,109,5.7368421052631575,0
neutral,in addition  yit has reserved epi russia the right to expand the logistics center by about 100000 m2,0,18,100,5.555555555555555,7
neutral,in addition to the presentations held by president  ceo kai telanne and cfo tuomas itkonen  participants will have an opportunity to discuss with other members of the company s management,0,30,187,6.233333333333333,0
neutral,in finland  71  of paper and paperboard is reclaimed,0,9,52,5.777777777777778,2
neutral,in finland  export industry forms a large clientele for the packaging industry,0,12,78,6.5,0
neutral,in providing managed services  nokia takes responsibility for building  operating and transferring as well as optimising the indosat 3g network,0,20,143,7.15,1
neutral,in switzerland  teleste have been an established supplier of products for a long time and its primary customers include cable and fibertothehome  ftth  operators,0,24,161,6.708333333333333,0
neutral,in the end  sanoma news wants to secure its foundation with the savings,0,13,71,5.461538461538462,0
positive,in the homeware area  fiskars provides leading branded products for home  kitchen  and interior design,1,15,102,6.8,0
neutral,in the survey  goodyear is the third most valued tyre brand  followed by continental and bridgestone,0,16,100,6.25,0
neutral,in today s business  you have to preempt what consumers want  said mohammed zainalabedin  general manager  zain bahrain,0,18,119,6.611111111111111,0
neutral,ingen is an established medical device manufacturer with an emerging new medical product line for the respiratory market worth an estimated  4 billion in the us and  8 billion globally,0,30,184,6.133333333333334,2
neutral,insurance policies should be simple,0,5,35,7.0,0
neutral,it has several innovative small molecule and biological drug candidates at different stages of clinical development,0,16,115,7.1875,0
neutral,it has sold one half of its business operations and will enter the helsinki stock exchange via the back door through an innovative buyout arrangement with kasola,0,27,161,5.962962962962963,0
neutral,it is a member of the oneworld alliance  which includes american airlines and british airways,0,15,93,6.2,0
positive,it is a solid credit that has been compared to a dz bank or a rabobank,1,16,70,4.375,0
neutral,it is expected to be completed by the end of 2007,0,11,49,4.454545454545454,4
neutral,it is planned to set up the a class business center in the two top storeys of the complex,0,19,89,4.684210526315789,0
neutral,it is positive that the company it recruited harri koponen as ceo  according to affarsvarlden,0,15,93,6.2,0
neutral,it is the first oil company to join rspo and commits fully to sustainable sourcing of feedstocks for the production of its nexbtl biodiesel  it said,0,26,148,5.6923076923076925,0
neutral,it will provide heating in the form of hot water for the sawmill s needs,0,15,72,4.8,0
neutral,its 168 asset management experts manage assets worth over eur 35 billion,0,12,72,6.0,5
neutral,its other wellknown brands include fitness equipment maker precor and us  based ball sports equipment maker wilson,0,17,114,6.705882352941177,0
neutral,janno reiljan  a member of the eesti energia supervisory board  said the owners of narva power grid had informed eesti energia about their wish to sell,0,26,151,5.8076923076923075,0
positive,jawad williams scored 23 points in an impressive debut for jerusalem  with jason rich adding 18 and yuval naimi chipping in with 16 points for hapoel  which visits the yellowandblue next week,1,32,191,5.96875,6
neutral,jon risfelt is 49 years old holds a master of science in chemical engineering from the swedish royal institute of technology,0,21,124,5.904761904761905,2
neutral,juha haapakoski will continue as editorinchief with budget responsibility also with the new publisher,0,14,101,7.214285714285714,0
neutral,jun 14  2009  aol weblogs delivered by newstex   looks like the e71 is about to be upstaged as nokia s  nyse  nok  premier businessclass smartphone  someone in espoo s just hit the corporate youtube account with this promo video for an e72,0,42,239,5.690476190476191,10
neutral,jun 25  2008  boy genius report delivered by newstex   the nokia  nyse  nok  n78  huh,0,15,85,5.666666666666667,8
neutral,kone  headquartered in espoo  finland  is one of the world s leading elevator and escalator companies,0,16,101,6.3125,0
neutral,last july  the group said it intended to relocate warehouse and office space in loudeac and saint marcel to morvillars  in the east of france  where it already operates a hook manufacturing and distribution unit,0,35,211,6.0285714285714285,0
neutral,lember said the matter was topical also in estonia  where a bill has been drafted at the social affairs ministry that would scrap oldage pensions on favorable conditions,0,28,169,6.035714285714286,0
neutral,linde acts responsibly towards its shareholders  business partners  employees  society and the environment  in every one of its business areas  regions and locations across the globe,0,26,182,7.0,0
neutral,lkab  headquartered in lulea  sweden  is a hightech mining company producing upgraded iron ore products for the steel industry,0,19,126,6.631578947368421,0
neutral,llc  a voice and data management solution provider to wireless companies with operations worldwide  will be transferring its us deployment operations to the finnish mobile giant  which includes civil works and site acquisition services,0,34,235,6.911764705882353,0
neutral,look out for vintage fabric cushion covers  70s coffee pots  ceramic serving dishes  cocktail glasses  and stainless steel party dishes,0,20,135,6.75,2
positive,ih  in a move to enhance growth,1,7,31,4.428571428571429,0
neutral,lsc s 30 employees will move to ixonos with their existing status and benefits,0,14,78,5.571428571428571,2
neutral,meego  learns as you use it   fisher said  putting the most important things up top,0,15,83,5.533333333333333,0
neutral,merging the two free sheets will clarify the market situation,0,10,61,6.1,0
neutral,metso is a global supplier of sustainable technology and services for mining  construction  power generation  automation  recycling and the pulp and paper industries,0,23,165,7.173913043478261,0
positive,more than 200 volunteers from fiskars  the garden tool company  home depot  nyse  hd   the city of baltimore and the neighborhood are working right now to create a garden sanctuary  in a single day,1,34,197,5.794117647058823,3
neutral,name of applicant  jot automation oyname of inventor  mammila tuomo  piirainen mika and kellokoski mikaapplication no  2424kolnp2008 adate of filing of application  16062008publication date  30012009,0,25,199,7.96,24
positive,nasdaqlisted yahoo inc has introduced a new service that enables malaysians to take their favorite internet content and services with them on their mobile phones,1,25,161,6.44,0
neutral,national sponsors for the big read include national endowment for the arts in cooperation with the institute of museum and library services and arts midwest,0,25,156,6.24,0
neutral,neomarkka has played a leading role in a group that aims to restart the production of specialty cellulose fiber in valkeakoski,0,21,126,6.0,0
neutral,neste oil corporation refining operation asset summary report summary neste oil corporation refining operation assets summary report is an essential source for company data and information,0,26,188,7.230769230769231,0
neutral,neste oil extended yesterday s gains and put on 049 pct to 2272 eur  while utility fortum shed 114 pct to 2076 eur,0,23,114,4.956521739130435,14
positive,nordea bank  sto  nda  and sampo bank have helped finnish real estate investment company sponda  hel  sda1v  place a eur100m  usd125 4 m  domestic bond  the company said friday,1,29,176,6.068965517241379,8
neutral,of course  you ll have direct access to nokia s ovi store  so you ll have lots of fun downloading your favorite media,0,23,117,5.086956521739131,0
neutral,of these shares 14747084 are held by the company and the number of outstanding shares and voting rights attached to the shares amounts thus to 161256847,0,26,152,5.846153846153846,17
neutral,oka specialises in new construction  renovation work of residential and nonresidential building as well as premises for industrial and logistical use,0,21,149,7.095238095238095,0
neutral,okmetic board of directors has also decided on a new share ownership program directed to the company s top management,0,20,117,5.85,0
neutral,okmetic s silicon wafers are part of a further processing chain that produces end products that improve human interaction and quality of life,0,23,141,6.130434782608695,0
positive,oleary s material handling services  located in perth  is the leading company in western australia that supplies  installs and provides service for tail lifts,1,24,158,6.583333333333333,0
positive,one attractive factor about the tablets for media companies is that they provide a new way of making money,1,19,106,5.578947368421052,0
positive,one of uponor s promising future products is a hydronic cooling system,1,12,70,5.833333333333333,0
neutral,oriolakd  headquartered in espoo  finland  is a leading distributor of pharmaceutical and healthcare products with 1300 employees in the nordic and baltic countries,0,23,164,7.130434782608695,4
neutral,other shareholder entitlements became effective today,0,6,53,8.833333333333334,0
neutral,our cannedpreserved food in finland report offers a comprehensive guide to the size and shape of the market at a national level,0,22,127,5.7727272727272725,0
neutral,our solutions are industryindependent supporting multilingual and currency needs  modular and applicable to companies of all sizes   ceo ilkka sihvo said,0,21,153,7.285714285714286,0
positive,our strong company brands  esl shipping  leipurin  telko and kaukomarkkinat  aim to be the market leaders in their sectors,1,19,122,6.421052631578948,0
neutral,outotec  headquartered in espoo  finland  is a leading provider of process solutions  technologies and services for the mining and metallurgical industries,0,21,155,7.380952380952381,0
positive,overall  50 percent of respondents were confident about their security when banking online,1,13,90,6.923076923076923,2
neutral,panostaja  headquartered in tampere  finland  is an investment company focusing on small and mediumsized finnish companies operating in the traditional industries,0,21,162,7.714285714285714,0
neutral,performance is based on values and sustainability,0,7,49,7.0,0
neutral,pertti ervi is independent from the company and its major shareholders,0,11,70,6.363636363636363,0
neutral,please inform ir johanna koskinen of your participation no later than 20 april at 10 am a telephone conference for financial analysts and investors  conducted in english  will begin at 300 pm finnish time  eet,0,35,209,5.9714285714285715,7
neutral,poyry energy gmbh is austria s leading engineering and consulting company in the energy  infrastructure and environment sector  owned by poyry plc and the austrian verbund ag,0,27,174,6.444444444444445,0
positive,poyry is recognized as one of the world s leading advisors to the global forestry industry,1,16,90,5.625,0
positive,precedex is approved for iv sedation of initially intubated and mechanically ventilated patients in intensive care,1,16,114,7.125,0
neutral,press release 3 september 2009 ruukki continues to be listed in two dow jones sustainability indexes  djsi world and djsi stoxx,0,21,127,6.0476190476190474,5
neutral,previously  the plant was expected to be completed by the end of 2008,0,13,69,5.3076923076923075,4
neutral,production at the plant will be based on neste oil s proprietary technology that can use a flexible input of any vegetable oil or animal fat,0,26,140,5.384615384615385,0
neutral,prothious engineering  wwwprothiouscom  employs more than 1000 and has a large portfolio of projects and an annual detailing capacity of more than 100000 tonnes,0,24,160,6.666666666666667,10
neutral,qpr product family is fully compatible with microsoft s windows 7 operating system,0,13,82,6.3076923076923075,1
positive,ramirent is a leading company in machinery and equipment rentals for construction and industry,1,14,94,6.714285714285714,0
positive,ramirent is the leading construction machinery rental company in finland with annual sales of eur 134 million in 2009 and operating nationwide through 83 outlets and 612 employees,1,28,179,6.392857142857143,12
neutral,rapala aims to move the distribution unit ragot from loudeac in bretagne and the distribution unit waterqueen and the fishing line supplier tortue from saint marcel in central france to morvillars,0,31,196,6.32258064516129,0
neutral,rapala tournament fishing  with all the major titles already out for the holidays  bargainpriced games such as rapala aim for a smaller audience,0,23,144,6.260869565217392,0
neutral,regulatory news  the nomination committee of cybercom  sto  cybe   which is unanimous in its proposal  proposes the election of jon risfelt as the new chairman of the board,0,28,172,6.142857142857143,0
neutral,rfid  radio frequency identification  is a method of socalled intelligent transport  whereby information can be read and saved remotely,0,19,135,7.105263157894737,0
neutral,rk group  headquartered in vantaa  finland  is one of europe s leading machinery rental services,0,15,96,6.4,0
positive,russia s top container shipping group  fesco  and finnish logistics company nurminen logistics have started a pilot project offering clients direct intermodal transportation service from finland to asia pacific countries  fesco said in a statement,1,35,247,7.057142857142857,0
neutral,sp has kept its  sell  rating  while nordea and ubs have reaffirmed their  buy  recommendations,0,15,95,6.333333333333333,0
neutral,sanoma also has an executive committee  in accordance with the company s articles of association  that prepares proposals for matters to be decided or noted by the board of directors,0,30,182,6.066666666666666,0
neutral,sarantel  based in wellingborough  uk  designs highperformance antennas for portable wireless devices,0,12,101,8.416666666666666,0
positive,shareholders of rakvere lihakombinaat decided in favor of the buyout of minority shares in midjuly,1,15,98,6.533333333333333,0
neutral,shares will be acquired in accordance with section 5 of the rules of nasdaq omx helsinki and other rules applicable to the acquisition of own shares,0,26,148,5.6923076923076925,1
neutral,she will succeed krister kylas  who has decided to leave teliasonera,0,11,68,6.181818181818182,0
neutral,shuweihat 2 got under way in july 2008 when the project was awarded to desalination and power contractors,0,18,105,5.833333333333333,5
neutral,simmons elected dcuc chairman portsmouth  nhgordon a simmons  ceo of service credit union  has been elected chairman of the defense credit union council for the 20072008 term,0,27,174,6.444444444444445,8
neutral,south america and asia are other promising markets,0,8,50,6.25,0
neutral,sponda plans to renovate old real estate and develop new property,0,11,65,5.909090909090909,0
neutral,stock exchange release 1032011 1200 sanoma has published its annual report and financial statements for 2010 and its first corporate responsibility report,0,22,154,7.0,15
neutral,stockholmbased nordea bank  sto  nda  said yesterday it had hired casper von koskull to lead its corporate merchant banking and capital markets unit  effective 1 september,0,26,171,6.576923076923077,1
neutral,stonesoft is a global provider of proven  next generation solutions that simplify network security management,0,15,109,7.266666666666667,0
neutral,strategic and operational business information is objectively reported,0,8,70,8.75,0
neutral,swedish  finnish and danish listed companies are organized in three market cap segments  nordic large cap  mid cap and small cap,0,21,128,6.095238095238095,0
neutral,symphony services provides development services for aldata gold,0,8,63,7.875,0
positive,technopolis is europe s leading operator of technoparks,1,8,55,6.875,0
neutral,technopolis s technological centers supply their clients with modern highclass premises,0,11,87,7.909090909090909,0
neutral,tekla provides 3d software for building and infrastructure engineering  with a focus on building information modelling of steel and concrete structures from design to construction,0,25,179,7.16,1
neutral,teleste s hybrid tv solution includes components for the whole process of delivering video services to consumers from content acquisition and service creation to delivery through a range of access solutions  including hfc  hybrid fibrecoaxial   xdsl  etth  and ftth,0,39,265,6.794871794871795,0
neutral,the adjustment measures will be carried out in phases to secure the delivery capability,0,14,87,6.214285714285714,0
neutral,the agreement is valid for four years,0,7,37,5.285714285714286,0
neutral,the alliance aims to tap pocketable mobile computers  netbooks  tablets  mediaphones  connected tvs and invehicle infotainment systems,0,17,134,7.882352941176471,0
neutral,the availability of the internet services is highlighted in the service offer of kesko s kgroup stores,0,17,102,6.0,0
neutral,the broker started upmkymmene  stora enso and sappi with  equalweight  recommendations and holmen and norske skog with  underweight  ratings,0,19,140,7.368421052631579,0
neutral,the building complex consists of highquality office and retail space totalling 49200 square metres  the company said,0,17,116,6.823529411764706,5
neutral,the business has sales of about  euro  35 million   44million   and has been responsible for sales and marketing of lanxess s paper chemicals business  which kemira bought for  euro  88 million early this year  cw  jan 11  p 22,0,39,227,5.82051282051282,10
neutral,the business section also includes ahlstrom s sustainability report,0,9,67,7.444444444444445,0
neutral,the center offers a comprehensive range of device design services spanning from electronics  mechanics and software design to a full range of testing laboratory services,0,25,169,6.76,0
neutral,the commission said the hydrogen peroxide and pbs market was worth about 470 million euros in 2000,0,17,98,5.764705882352941,7
neutral,the company designs  manufactures and markets highquality clothing  interior decoration textiles  bags and other accessories,0,15,124,8.266666666666667,0
neutral,the company designs and manufactures highquality clothing  interior decoration textiles  bags  and other accessories,0,14,116,8.285714285714286,0
neutral,the company has delivered the technical infrastructure  used by nav for their data warehouse and business intelligence initiatives,0,18,130,7.222222222222222,0
neutral,the company is now withdrawing the second part  eur 72 mn  of the investment commitment,0,15,87,5.8,2
neutral,the company is presently examining whether the project would be financially feasible,0,12,84,7.0,0
neutral,the company is studying the feasibility of focusing most of its processed meat production in the vantaa facilities and the processing of fresh meat in the forssa facilities,0,28,172,6.142857142857143,0
positive,the company s strength is its apetit brand,1,8,42,5.25,0
neutral,the company said shareholders will be able to vote on the agreement at an egm scheduled for later this month,0,20,108,5.4,0
neutral,the company specialises in temporary electrification and heating at construction sites,0,11,86,7.818181818181818,0
positive,the competition was received with great enthusiasm by the employees  he goes on,1,13,79,6.076923076923077,0
neutral,the cooperation will involve arena partners buying a 35  share of the new joint venture company  operating in alma media s home sales  vehicle and consumer advertising marketplace businesses,0,29,190,6.551724137931035,2
neutral,the deliveries started in april 2006 and will be completed in 2007,0,12,66,5.5,8
neutral,the desk will reach its full planned strength of ten persons in autumn 2007,0,14,75,5.357142857142857,4
neutral,the dividend is payable on february 1  2010 to shareholders of record on january 19  2010,0,16,89,5.5625,11
neutral,the dividend will be paid on april 15  2008 to each of the shareholders who on the record date of april 8  2008 have been entered in the list of shareholders kept by the finnish central securities depository ltd,0,39,211,5.410256410256411,11
positive,the effect of the savings will be noticeable as of the beginning of 2010,1,14,72,5.142857142857143,4
neutral,the effect of the savings will be noticeable from the beginning of 2010,0,13,71,5.461538461538462,4
neutral,the endtoend delivery combines the competencies and services from tietoenators telecom  media  processing  network and digital innovations business areas,0,19,153,8.052631578947368,0
neutral,the eur 07 million nonrecurring expenses have been recorded for the third quarter,0,13,81,6.230769230769231,2
neutral,the event can be followed online via orion s finnish homepage at wwworionfi as well as via the kauppalehti live web service at wwwkauppalehtifilive,0,24,147,6.125,0
neutral,the extraordinary general meeting is expected to take place no later than 18 february 2011,0,15,90,6.0,6
neutral,the first installment of the cinema series concludes with a profile of finnish inventor olavi linden  whose personal artistic journey and work at fiskars has led to dozens of design awards,0,31,188,6.064516129032258,0
neutral,the first of the two project phases is expected to be completed by the end of 2012,0,17,82,4.823529411764706,4
neutral,the group also plans to launch the 270 room atria grand  whitefield  a five star luxury hotel  in 2009,0,19,102,5.368421052631579,7
neutral,the group intends to relocate warehouse and office space in loudeac and saint marcel to morvillars  in the east of the country  where it already operates a hook manufacturing and distribution unit,0,32,196,6.125,0
neutral,the group owns and operates a fleet of more than 800dwt  while container capacity is 17000 teus  and manages a diversified fleet of its own railway rolling stock of over 17000 units,0,32,181,5.65625,13
neutral,the handset also features a media bar for quick access to favorite media and applications  including music  photos  youtube or ovi share,0,22,136,6.181818181818182,0
neutral,the hayward  califbased target designs active  casual and dress footwear  as well as boots and sandals,0,16,102,6.375,0
neutral,the important thing now is to keep the bank s existing 15000 customers,0,13,70,5.384615384615385,5
neutral,the innova 2 building will be located close to downtown  in the immediate vicinity of paviljonki and the travel center  and within walking distance from the heart of the city thanks to the trade fair bridge,0,36,206,5.722222222222222,1
neutral,the interchange of editorsinchief is a part of publisher s goal to enhance job circulation in all personnel groups,0,19,114,6.0,0
neutral,the joint venture is planning a quick timetable for negotiating the lease of the potential wind farm areas and for charting the feasibility of the wind farms,0,27,157,5.814814814814815,0
neutral,the kyroskoski investment is to be completed in late 2011 and the nekoski investment in the spring of 2012,0,19,106,5.578947368421052,8
neutral,the lemminkainen group  headquartered in helsinki  finland  operates in all sectors of the construction industry  civil engineering  building contracting  technical building services and the building materials industry,0,27,218,8.074074074074074,0
neutral,the lemminkainen group  headquartered in helsinki  finland operates in all sectors of the construction industry  civil engineering  building contracting  technical building services and the building materials industry,0,27,217,8.037037037037036,0
neutral,the marubeni group focuses on creating  value chain  from upstream to downstream  encompassing a wide variety of business fields  including oil  gas  metals  mineral resources  foods  pulp  paper and chemicals  among others,0,32,223,6.96875,0
neutral,the most interesting export markets will be russia  the baltic countries and scandinavia,0,13,88,6.769230769230769,0
neutral,the most popular mobile data services are email  surfing the internet  as well as news and weather services,0,18,107,5.944444444444445,0
neutral,the new b shares carry the right to dividend and other shareholder rights with effect from today,0,17,96,5.647058823529412,0
neutral,the objective of the st petersburg office is first to boost the company s maintenance business,0,16,94,5.875,0
neutral,the office space will rise above the remodeled cannon street underground station,0,12,80,6.666666666666667,0
neutral,the official opening of the office  located in prague  will be celebrated on may 20,0,15,83,5.533333333333333,2
neutral,the oil shale feedersupply solution will deliver crushed oil shale to the shale oil refinery already in operation as well as to the novel enefit280 shale oil technology processing plant,0,30,185,6.166666666666667,3
neutral,the operator is one of 6 operators to have been granted a wimax license in taiwan  and hopes to be the first to launch commercial services in early 2009,0,29,152,5.241379310344827,5
neutral,the opportunity will be available only for few employees  however,0,10,65,6.5,0
neutral,the order includes a steel frame  loadbearing roof structures and partition wall elements  and rautaruukki said it expects to complete installation as early as may next year,0,27,173,6.407407407407407,0
neutral,the oxyview pulse oximeter is a common device to check patient bloodoxygen saturation level and pulse rate,0,17,106,6.235294117647059,0
neutral,the plant would use palm oil certified by the roundtable on sustainable palm oil  rspo,0,15,86,5.733333333333333,0
neutral,the port operator  however  favors retaining the port fees in 2010  citing the owner  the governemtn of estonia  commiting the port to pay eek 400mn  eur 2556 mn usd 3644 mn  in dividends to the state in 2009 and another eek 300mn in 2010,0,44,238,5.409090909090909,26
positive,the price for logs has clearly improved from 2009 and also the price of pulpwood has gone up,1,18,92,5.111111111111111,4
neutral,the product s frontedge folding maximizes weather resilience and enables a seamless roof finish,0,14,95,6.785714285714286,0
neutral,the program included operational improvements and reductions in personnel  mainly in the netherlands,0,13,100,7.6923076923076925,0
neutral,the project is expected to be completed in 2009,0,9,47,5.222222222222222,4
neutral,the reason for this is st petersburg status as a capital  one of the participants in the meeting quoted chikunov as saying,0,22,122,5.545454545454546,0
neutral,the report goes on to provide detailed profiles of ten leading european specialty chemicals companies  and brief profiles of other major players,0,22,144,6.545454545454546,0
neutral,the report profiles 614 companies including many key and niche players worldwide such as black  decker corporation  fiskars corporation  fiskars brands  inc  husqvarna outdoor products inc  ks group  ryobi technologies  inc  the scotts miraclegro company  and van group  inc,0,39,274,7.0256410256410255,3
neutral,the report profiles 614 companies including many key and niche players worldwide such as black  decker corporation  fiskars corporation  fiskars brands  inc  husqvarna outdoor products inc  ks group  ryobi technologies  inc  the scotts miraclegro company  and van group  inc,0,39,274,7.0256410256410255,3
neutral,the russian government will contribute 20  of the necessary funds  he said,0,12,74,6.166666666666667,2
neutral,the sale will allow campofrio to focus on its recently announced takeover of groupe smithfield holdings  the european unit of smithfield foods inc  sfd  of the us,0,27,162,6.0,0
neutral,the scope of the project is to find the most costefficient method for phosphorous removal and to deliver the storing and dosing equipment  which can be used in continuous operation at the plants,0,33,194,5.878787878787879,0
neutral,the server is responsible for managing devices and user accounts and a desktop client application enables remote access to the mobile phones,0,22,140,6.363636363636363,0
neutral,the service developed by digia facilitates the work and resourcing of health care personnel during vaccination campaigns while providing them with monitoring and management tools,0,25,178,7.12,0
neutral,the share of the share capital of both above mentioned shareholders remains below 5,0,14,83,5.928571428571429,1
neutral,the shares carry a right to dividend and other shareholder rights as from their registration with the finnish trade register,0,20,124,6.2,0
neutral,the shares shall be repurchased through public trading  for which reason the shares are repurchased otherwise than in proportion to the holdings of the shareholders,0,25,164,6.56,0
neutral,the shipyard hopes the regional government in andalusia can offer its some form of financial support,0,16,100,6.25,0
positive,the shopping center will have a prime location right next to the myllypuro metro station,1,15,88,5.866666666666666,0
positive,the solutions will be used for upgrading the networks of a russian mso in 37 different cities in russia,1,19,103,5.421052631578948,2
neutral,the stonegate product family was designed to provide the full benefits of a unified management system including shared logging  reporting and auditing,0,22,150,6.818181818181818,0
neutral,the subsidiary is setting up a facility for manufacturing highdensity interconnection printed circuit boards or pcbs at nokia s special economic zone at sriperumbudur near chennai,0,26,179,6.884615384615385,0
neutral,the subsidiary will be responsible for filter sales  local assembly of filters and after market services in china,0,18,113,6.277777777777778,0
neutral,the total number of shares in the company will be 585236987 innofactor group innofactor offers its customers comprehensive solutions in the microsoft environment,0,23,161,7.0,9
neutral,the total value of the project is valued at sek 30bn  eur 283 bn usd 381 bn,0,17,75,4.411764705882353,8
neutral,the trade is in accordance with the agreement announced on 26 march 2008,0,13,72,5.538461538461538,6
positive,the training modules aim at strengthening the public accounting abilities and fulfilling communal project management,1,15,116,7.733333333333333,0
neutral,the transaction is expected to be completed next spring,0,9,55,6.111111111111111,0
neutral,the trucks feature an eco drive system  a fuel measuring tool which stores data particular to individual drivers,0,18,112,6.222222222222222,0
neutral,the veneer and plywood industry in sweden is quite small despite the raw material resources,0,15,91,6.066666666666666,0
neutral,the writing and publication of lemminkinen  s history is a continuation of earlier collaboration between antti tuuri and the company,0,20,132,6.6,0
neutral,these products include personal communications products such as mobile phones and their parts  home communications products such as settop boxes and electronics for flat panel tvs as well as communications networks products such as basestations  towertop amplifiers  and microwave systems,0,40,288,7.2,0
neutral,they re in a race with google to get lots of users onto their service as social networking creates new business models  said martin garner  a londonbased analyst with ccs insight,0,31,178,5.741935483870968,0
neutral,this beauty is an updated version of her chichi loop shade launched in 2001,0,14,75,5.357142857142857,4
positive,through this transaction we are able to participate in developing the industry,1,12,78,6.5,0
neutral,thus the group s balance sheet will have about eur25 8 m of goodwill  the company added,0,17,87,5.117647058823529,3
neutral,to check them out or to make a bid they will be in the deka showroom  fortitude valley,0,18,86,4.777777777777778,0
neutral,tracker g400 is a gps collar for hunting dogs allowing to monitor the dog s position and movements with a map application for mobile phones,0,25,139,5.56,3
neutral,ulefos group is the leading supplier of manhole covers in the nordic countries,0,13,78,6.0,0
positive,upgrades include a five megapixel camera  voice control  and what looks to be an optical mouse instead a dpad  an upgrade clickhappy s60 has needed forever,1,26,155,5.961538461538462,2
positive,upmkymmene is one of the world s leading printing paper producers with production in 15 countries and a sales network covering more than 170 companies,1,25,150,6.0,5
neutral,uponor has initiated actions to attempt to recover the cost of the replacement program from the supplier of the clamps as well as its insurance company,0,26,151,5.8076923076923075,0
neutral,uponor maintains its fullyear guidance for 2010,0,7,47,6.714285714285714,4
neutral,utah s capital wanted to be the next us headquarters of amer sports corp  a skiequipment company,0,17,96,5.647058823529412,0
neutral,vaisala oyj stock exchange release 26032010 klo 0900 1  1  the annual general meeting of vaisala oyj decided on march 25  2010 to approve the company s annual accounts for 2009,0,31,176,5.67741935483871,24
neutral,we are pleased to invite you to join mreal s international conference call at 300 pm eet,0,17,88,5.176470588235294,3
positive,we warmly welcome him to satama   states jussi lansio  chairman of the board,1,13,76,5.846153846153846,0
neutral,veracel is preparing an appeal in the issue and has asked the court for clarification of the judgement,0,18,102,5.666666666666667,0
neutral,what would you like to see changed on nokia s next attempt,0,12,58,4.833333333333333,0
neutral,when completed  the 120meter watchtower will be the highest building in ireland,0,12,79,6.583333333333333,3
neutral,viking will pay eur 130 million for the new ship  which will be completed in january 2008,0,17,89,5.235294117647059,7
neutral,with the basware connectivity services  companies gain visibility to an audit trail that can be traced from order to goods delivery and invoice,0,23,143,6.217391304347826,0
neutral,wwwcountryelementscouk designed by patricia burt  this is just one of a selection of distinctive hooked rugs created with recycled materials and dyed natural dyes,0,24,162,6.75,0
neutral,you are warmly welcome,0,4,22,5.5,0
neutral,approval by shareholders of cencorp in accordance with finnish law,0,10,66,6.6,0
neutral,tikkurila has an interesting growth strategy  which we support,0,9,62,6.888888888888889,0
neutral,assa abloy kaupthing bank gave a  neutral  recommendation and a share price target of 174 crowns  247  19 euro on swedish lock maker assa abloy ab,0,26,146,5.615384615384615,8
positive,ruukki has experience of logistics construction  competence in project management and also has the best references in terms of steel frame production and installation   says onodi stefan  general manager of arxikon construction company srl  which is ruukki s customer,1,39,267,6.846153846153846,0
neutral,the investment in matkavekka has been reasonable for investors in capman funds,0,12,78,6.5,0
neutral,as a part of the eseries business promise  the nokia e50 has been equipped with a variety of email solutions in a small and stylised package   said dave grannan  general manager  enterprise solutions  nokia,0,34,206,6.0588235294117645,2
neutral,as defences mature  attackers develop trojans that are equipped with content filters to detect online banking activity for capturing account details using methods such as form grabbing  screen shots  video captures  keylogging and injection of form fields,0,37,255,6.891891891891892,0
positive,i warmly welcome michael frei to outotec,1,7,40,5.714285714285714,0
neutral,nokia is just interested in bring nokia to the market,0,10,53,5.3,0
neutral,our aim is to understand different traffic patterns based on the use of each building,0,15,85,5.666666666666667,0
neutral,our approach is very much to only use raw materials that are produced in line with the principles of sustainable development,0,21,124,5.904761904761905,0
neutral,our vaalipalveluservice was especially developed for use by communities and organizations,0,11,89,8.090909090909092,0
neutral,rapala is excited to be partnering with rbff and other industry leaders on this holiday promotion,0,16,97,6.0625,0
neutral,small well targeted acquisitions have played an important role in executing satama s strategy in the past couple of years,0,20,121,6.05,0
neutral,social networking and locationbased service trends comprise a significant share of the internet traffic today and are appealing to mid users,0,21,140,6.666666666666667,0
positive,the acquisition of sampo bank makes strategic sense for db   says lindsey liddell  director of fitch ratings s financial institutions group,1,21,139,6.619047619047619,0
neutral,the bond gathered subscriptions from some 400 investors and the issued amount can be considered substantial taking into account the main target group  retail investors   citycon cfo eero sihvonen said,0,30,200,6.666666666666667,3
positive,the chf is a great product,1,6,26,4.333333333333333,0
neutral,the flex is a small price to pay for happy lenders,0,11,50,4.545454545454546,0
neutral,the industry is coming to an interesting fork in the road as both handset manufacturers and wireless carriers attempt to serve as the portal for webbased service to your wireless handset   he wrote,0,33,197,5.96969696969697,0
positive,the intel atom processor has had tremendous success in the marketplace since its launch over 2 years ago   said pankaj kedia  director of global ecosystem programs for intel corp s ultra mobility group,1,33,201,6.090909090909091,1
neutral,tom doring has a long and successful career in the drives business  and he knows the american market,0,18,100,5.555555555555555,0
positive,we have significant experience in smartphone functionality  in the development of mobile internet services  and in uniting the two into a smooth user experience,1,24,160,6.666666666666667,0
neutral,with this new version it is very important for us to introduce a bim process that is based on the detailed building information model,0,24,133,5.541666666666667,0
neutral,1830 dinner the conference program can also be viewed as a live audio webcast through the internet pages at wwwcityconcom,0,20,121,6.05,4
neutral,3g data subscribers are also helping to maintain these growth levels  since dataonly subscriptions push for more multiple sim ownership,0,20,135,6.75,1
neutral,6 october 2010  finnish paints and coatings company tikkurila oyj hel  tik1v announced today the launch of tikkurila prohouse method for protection of wooden surfaces via treatment with ultra pro waterborne products,0,32,215,6.71875,6
neutral,a cut above bring the outdoors in with these birchbranch coasters,0,11,65,5.909090909090909,0
neutral,a downloadable instruction sheet  instructional video  and project ideas for the awardwinning everywhere punch tm window system can be found at wwwfiskarscom,0,22,157,7.136363636363637,0
positive,a new kveyt light variety of suomalainen pekoni marketed under the atria brand name is now available to consumers in finland,1,21,124,5.904761904761905,0
neutral,a plumbing business has announced it is sponsoring a professional darts player,0,12,78,6.5,0
positive,a realignment of interests in the sector is clearly under way,1,11,61,5.545454545454546,0
neutral,a le coq special was developed for the bicentenary of the company and the trade mark  the brewer said,0,19,101,5.315789473684211,0
neutral,estimations indicate that even up to 170 different tablet computers or reading devices will be available in 2011,0,18,112,6.222222222222222,7
positive,finnish construction company yit corporation is planning to build about 200 highquality holiday homes near the tahko ski and spa resort  in finland,1,23,147,6.391304347826087,3
neutral,after piloting  the instrument will be further developed according to the experiences gained,0,13,92,7.076923076923077,0
neutral,and when it has lifted the veil on the various types of customer for which it designs its phones  the result is social stereotyping taken to a fine art,0,29,151,5.206896551724138,0
neutral,another noticeable thing is that the search for tata and airtel brands was mostly related to  broadband connections,0,18,115,6.388888888888889,0
neutral,as an overall effect of the abovementioned measures glaston will recognize nonrecurring expenses of eur 12 million in the fourth quarter of 2008,0,23,144,6.260869565217392,6
neutral,aspo has also investigated the sales opportunities of kaukomarkkinat s electronics business,0,12,91,7.583333333333333,0
positive,at a press conference  lattelecom board chairman nils melngailis explained that blackstone had been chosen for its experience in the it sector as well as its financial strength,1,28,176,6.285714285714286,0
neutral,at the beginning of the subscription period on may 2  2006 the share subscription price under b option right is eur 1022 per share,0,24,130,5.416666666666667,9
neutral,back then  tikkurila s former owner  finnish chemicals company kemira oyj hel  kra1v  distributed an 86  stake to kemira shareholders to facilitate the divestment and listing of tikkurila,0,28,187,6.678571428571429,3
neutral,based on negotiations with personnel  some 20  have indicated their willingness to move to the new location,0,17,107,6.294117647058823,2
neutral,bg crane has a strong customer base in the onroad load handling and related installation and service businesses,0,18,111,6.166666666666667,0
neutral,both mr walden and mr ignatius will be responsible also for the newspapers  business result,0,15,91,6.066666666666666,0
neutral,capitex kalmar will continue to be responsible for the maintenance and technical development of the services,0,16,108,6.75,0
neutral,cathay forest s strategy is to develop sustainable  regenerative forest assets,0,11,78,7.090909090909091,0
neutral,changes to the asbuilt models from the design were communicated to the subcontractors to accommodate them into the steel and grc glass reinforced concrete fabrication process,0,26,174,6.6923076923076925,0
neutral,chargers manufactured under the new platform are suitable for mobile phones  navigators  digital cameras  bluetooth head sets  media players and other electronic devices,0,23,169,7.3478260869565215,0
positive,com  and we are constantly planning new ways to serve our customers online on a more comprehensive basis   says matti leminen  president of anttila oy,1,25,150,6.0,0
neutral,currently  yit builds a housing estate zapadnye vorota 26000 square metres in the city and a house 9910 square metres  which will be completed at the end of 2009,0,29,161,5.551724137931035,13
neutral,customers in a wide range of industries use our stainless steel and services worldwide,0,14,86,6.142857142857143,0
neutral,delivery will start immediately in june 2008 and will be completed in 2008,0,13,74,5.6923076923076925,8
neutral,demonstrations of the broad capabilities of the mobility business suite will be organized during the 3gsm world congress in barcelona  from february 12th to 15th,0,25,161,6.44,5
neutral,each option right entitles the holder to subscribe for one new share at a subscription price of eur0 045 during the subscription period which ends on 31 december 2013,0,29,166,5.724137931034483,10
neutral,elisa will expand the use of this technology provided the pilot proves successful,0,13,81,6.230769230769231,0
neutral,elite residence tower  a new development by tameer  is located at the heart of dubai marina,0,16,91,5.6875,0
neutral,europe needs 17 new large paper machines,0,7,40,5.714285714285714,2
neutral,exel wants to serve its industrial customers with individual products,0,10,69,6.9,0
neutral,finnish bank pohjola bank plc hel  poh1s said today that it will issue a eur 40 million usd 512 m indexlinked bond  pohjola tutkimuksen tahdet viii2010 pohjola research stars viii2010  on october 27  2010,0,34,204,6.0,20
neutral,finnish diversified holding company aspo oyj said on september 8  2008 that it will sell the finnish tape business of its kaukomarkkinat unit to local oy telpak ab,0,28,163,5.821428571428571,5
positive,finnish retailer stockmann has won approval from the board of swedish rival lindex for a public tender offer with the aim of expanding the companies  presence in russia and other cee countries  stockmann said monday,1,35,215,6.142857142857143,0
negative,finnish software and hardware developer elektrobit oyj hel  ebg1v  or eb  said today it will temporarily lay off up to 200 people for a maximum of 90 day in finland  aiming to achieve cost savings of eur 17 million usd 2m in the second half of 2010,-1,47,248,5.276595744680851,13
neutral,following the impact  the altima hit a utility pole  causing a live electric line to fall onto the roadway,0,19,106,5.578947368421052,0
neutral,from merisatama to the far corners of the world asfaltti osakeyhti lemminkinen was established in 1910 by a group of master builders in helsinki as a specialist business and subcontractor,0,30,187,6.233333333333333,4
neutral,fsecure  a developer of security solutions as a service through internet service providers and mobile operators  announced results from its annual online wellbeing survey,0,24,170,7.083333333333333,0
neutral,further concrete cooperation is also carried out through various projects  doctoral theses and diploma dissertations,0,15,116,7.733333333333333,0
neutral,furthermore  the company will sell the warehouse and office buildings in loudeac and saint marcel and lease new joint premises for these operations in morvillars,0,25,161,6.44,0
positive,handelsbanken ranked before local cooperative banks and aktia in customer loyalty this time too  however,1,15,104,6.933333333333334,0
neutral,he is resting comfortably and is looking forward to getting back to work,0,13,72,5.538461538461538,0
neutral,if the employee leaves the company within the duration of the cover  the money invested to ensure commitment is returned to the company,0,23,135,5.869565217391305,0
neutral,in 2008  kemira recorded revenue of approximately eur 28 billion and had a staff of 9400,0,16,88,5.5,10
neutral,in accordance with the terms and conditions of alma media s 2006 option program  the share subscription price for the 2006a option rights was eur 488 per share and the book countervalue eur 060 per share,0,36,203,5.638888888888889,14
neutral,in addition to supplying a new headbox and a modern sizing and coating unit  vaahto group will provide erection supervision  training and startup services,0,24,154,6.416666666666667,0
neutral,in finland  martela offers a comprehensive service that can cover the entire process of change from initial inventory and design to removal and maintenance,0,24,155,6.458333333333333,0
neutral,in finland  the corresponding service is alma media s etuovicom  finland s most popular and best known nationwide online service for home and property sales,0,25,156,6.24,0
neutral,in penttil s vision  the most important reason for the transaction is russia,0,13,76,5.846153846153846,0
positive,in recent months  capman has taken significant steps to simplify its operations  ceo lennart simonsen said,1,16,106,6.625,0
neutral,in stead of being based on a soft drink  as is usual  the teho energy drink is made with fresh water,0,21,100,4.761904761904762,0
neutral,in the baltics  the merger of the businesses of the two is expected to be completed in early 2008,0,19,97,5.105263157894737,4
neutral,in the next few years  the ict sector s share of electricity consumption will be raised by the increase in the popularity of smartphones,0,24,136,5.666666666666667,0
neutral,in the video above marimekko s design manager  noora niiininoski  explains that the brands are a natural fit for each other because they both have a timeless style,0,28,163,5.821428571428571,0
neutral,it also confirmed its earnings guidance for the whole 2009 issued in its report for the whole 2008,0,18,98,5.444444444444445,8
positive,it also has strong assets in electronic media  employing 18500 an increase of 9 percent on last year,1,18,100,5.555555555555555,6
neutral,it is handpainted resin with real 140 trebles and is 75cm long by 25cm deep from top to bottom of the middle hook,0,23,113,4.913043478260869,7
neutral,it is part of the development of the worldclass magnetite deposit at karara  which has the known potential for over 30 million metric tons of annual processing of magnetite over its estimated 30year life,0,34,203,5.970588235294118,4
neutral,it is the last smartphone running maemo 5  which is to be replaced with meego  a joint project between nokia  intel and the open source community,0,26,145,5.576923076923077,1
neutral,it makes a wide range of mobile devices with services and software that enable people to experience music  navigation  video  television  imaging  games and business mobility,0,26,174,6.6923076923076925,0
neutral,it offers advanced machinery maintenance and process development services to the pulp and paper industry in northern china,0,18,122,6.777777777777778,0
neutral,it operates under three distinct brands  united supermarkets  market street and united supermercado,0,13,99,7.615384615384615,0
neutral,it s an area that is highly valued  because most of the land there has already been built on,0,19,92,4.842105263157895,0
positive,kaido kaare  general director for atria eesti  says the company s investments in the upgrade of the pig farms surpass eek 150mn eur 959 mn usd 1419 mn in the past years,1,32,168,5.25,10
neutral,kaukopartio oy has acquired specialized knowledge in far eastern operations  and industrial sourcing services are their core competence,0,18,135,7.5,0
neutral,kaupthing bank will publish its annual results for 2007 before markets open on thursday 31 january,0,16,98,6.125,6
neutral,london afx  uk and european brokers  recommendations issued today  as collated by afx news from a range of market sources,0,20,121,6.05,0
neutral,london icis  tikkurila has completed the sale of its powder coatings business to finnish industrial coatings firm teknos group  the finlandbased decorative paints company said on wednesday,0,27,188,6.962962962962963,0
neutral,the fine print is here,0,5,22,4.4,0
neutral,m and a master of business administration mba,0,8,45,5.625,0
neutral,martela is a front runner in providing innovative solutions and customer service martela designs and supplies interior solutions for working environments and public spaces,0,24,171,7.125,0
neutral,more than 80 special events in the three counties during four months were hosted by the library system and its nine branch libraries,0,23,132,5.739130434782608,2
neutral,ms laakso will be responsible for hkscan s hr functions and for their development in all of the group  smarket areas,0,21,116,5.523809523809524,0
neutral,netcom expects to complete turbo 3g deployment in these areas this year,0,12,71,5.916666666666667,1
neutral,new delhi  july 17  sahlberg teppo  kallio timo and mustonen tuomas of m real oyj  espoo  finland have developed novel markings and methods of producing the same,0,27,161,5.962962962962963,2
neutral,nokia siemens networks provides mobile and fixed network infrastructure  communications and networks service platforms  as well as professional services  to operators and service providers,0,24,188,7.833333333333333,0
positive,nokia will continue to invest in future development of qt for the benefit of all users  both commercial and lgpl,1,20,112,5.6,0
neutral,nokian tyres  tyres are considered genuine winter tyres in russia,0,10,65,6.5,0
neutral,of these shares 29659239 are held by the company or its group companies and the number of outstanding shares and voting rights attached to the shares thus amounts to 322705218,0,30,175,5.833333333333333,17
negative,on the other hand  finnish sawmills  production has decreased even more,-1,11,71,6.454545454545454,0
positive,one of the installed elevators will be a doubledeck elevator  which enables more efficient use of the building s core space,1,21,123,5.857142857142857,0
neutral,one of the opportunities would be to bring all baltic meat processing to rakvere  like processing was concentrated at the vantaa meatpacking unit in finland  the paper wrote,0,28,173,6.178571428571429,0
neutral,outotec s scope of delivery covers the engineering  supply of special equipment and services for a calcination plant with two circulating fluid bed calciners,0,24,157,6.541666666666667,0
neutral,outotec s scope of delivery includes design  basic engineering and supply of proprietary equipment for a sinter plant with a grate area of 496 square meters,0,26,156,6.0,3
neutral,participants at any of the book discussions or other special events  or visitors to the car dealership were eligible to enter the drawing for the 2005 silver  fourdoor altima,0,29,174,6.0,4
neutral,peigs wwwpeigsse will become part of sardus latta maltider light meals unit,0,12,75,6.25,0
neutral,pharmaceuticals  belgium this brandnew market analysis gives a clear overview of the actual situation and future outlook of the pharmaceutical market in belgium,0,23,160,6.956521739130435,0
neutral,pharmaceuticals  czech republic this brandnew market analysis gives a clear overview of the actual situation and future outlook of the pharmaceutical market in czech republic,0,25,174,6.96,0
neutral,pharmaceuticals  italy this brandnew market analysis gives a clear overview of the actual situation and future outlook of the pharmaceutical market in italy,0,23,156,6.782608695652174,0
neutral,pharmaceuticals  netherlands this brandnew market analysis gives a clear overview of the actual situation and future outlook of the pharmaceutical market in netherlands,0,23,168,7.304347826086956,0
neutral,pharmaceuticals  poland this brandnew market analysis gives a clear overview of the actual situation and future outlook of the pharmaceutical market in poland,0,23,158,6.869565217391305,0
neutral,pharmaceuticals  spain this brandnew market analysis gives a clear overview of the actual situation and future outlook of the pharmaceutical market in spain,0,23,156,6.782608695652174,0
neutral,product coverage  baked goods  biscuits  breakfast cereals data coverage  market sizes historic and forecasts  company shares  brand shares and distribution data,0,21,161,7.666666666666667,0
neutral,pulkovo park will be ready in 2016  its first stage of 23000 sq m will be finished in the first quarter of 2010,0,23,111,4.826086956521739,13
neutral,quality chargers under chargz brand are sold in selected retail stores and other sales locations worldwide,0,16,106,6.625,0
neutral,rapala vmc corporation rapala  a leading fishing tackle and sporting goods manufacturer and distributor  is the main owner of peltonen with its 80  shareholding,0,24,160,6.666666666666667,2
neutral,remote phone management demonstrates sysopen digia s unique endtoend offering for operators  handset manufacturers and enterprise customers,0,17,139,8.176470588235293,0
positive,renzo piano s building design will be a wonderful addition to london s skyline   says noud veeger  evp and area director for central and north europe at kone,1,28,157,5.607142857142857,0
neutral,reporting in accordance with the merged business operations will start as of january 1  2011,0,15,92,6.133333333333334,5
neutral,rushydro has an agreement to transfer its stakes in oesk and the five ercs into the trust management of inter rao,0,21,113,5.380952380952381,0
neutral,russia wants to utilise its huge forest reserves in a very different way from what has been done so far,0,20,103,5.15,0
neutral,ruukki is restructuring commercial and industrial construction operations in pursuit of permanent improvements whilst adjusting operations to market conditions,0,19,159,8.368421052631579,0
neutral,s already good position in the technical building services market in ostrobothnia,0,12,81,6.75,0
neutral,s group s loyal customer magazine yhteishyv came second with 1629000 readers and sanoma corporation s daily newspaper helsingin sanomat was third with 1097000 readers,0,25,166,6.64,14
neutral,scopi chief business excellence officer  eng,0,6,44,7.333333333333333,0
neutral,seppala transferred the sale to a greater extent than last year to february  and this is reflected on the january sales figures,0,22,127,5.7727272727272725,0
neutral,stora enso oyj said friday it will sell its north american unit to newpage  in a deal valued at euro1 82 billion us 252 million,0,25,127,5.08,6
neutral,subjectmatter of the invention furthermore is the use of the cyclone for separating partly molten particles,0,16,107,6.6875,0
neutral,taking a cue from the playbook of the east dillon lions  we ve created a special team of heavyhitting style players  such as bootcut jeans  tummy tops and  of course  cowboy boots,0,32,179,5.59375,0
neutral,tekla s defense business employs over 20 persons and is located in espoo  finland,0,14,81,5.785714285714286,2
neutral,tekla s software solutions make customers  core processes more effective in building and construction  energy distribution  infrastructure management and water supply,0,21,166,7.904761904761905,0
positive,tekla will implement the renewal in software versions which will be introduced in spring 2011,1,15,93,6.2,4
neutral,tekla will organize an information meeting for analysts and media at wtc helsinki marski meeting room  aleksanterinkatu 17  the same day at 1230  130 pm light lunch will be served,0,30,179,5.966666666666667,9
positive,the aim is to convert the plants into flexible manufacturers of new and technologically demanding products,1,16,106,6.625,0
neutral,the aim is to develop opensource application solutions,0,8,54,6.75,0
neutral,the annual general meeting approved a dividend of eur 010 per share  that is  a total of eur 78 million,0,20,103,5.15,5
neutral,the annual general meeting approved that the yearly remuneration for the members of the board of directors shall remain at eur 40000 for the chairman of the board  eur 30000 for the deputy chairman of the board and eur 20000 for other members of the board,0,46,255,5.543478260869565,15
positive,the annual thesis contest is aimed to enhance the thesis quality and to strengthen the thesis culture in polytechnics,1,19,117,6.157894736842105,0
neutral,the board machine  which will have a wire width of 625 m and a design speed of 900 mmin  will produce close to 1400 tonnes of folding boxboard per day,0,30,150,5.0,10
neutral,the board of directors also proposed that a dividend of eur0 20 per outstanding share be paid,0,17,93,5.470588235294118,3
neutral,the change in holdings in accordance with chapter 2  section 9 of the finnish securities markets act is described below,0,20,119,5.95,2
neutral,the company also appointed leif rosen head of the special plate unit which includes the quarto plate units in degerfors  sweden  and new castle  usa  the unit in willich  germany  as well as pressplate and prefab in avesta and plate service centre nordic in degerfors,0,45,267,5.933333333333334,0
neutral,the company designs  manufactures and markets advanced composite products for industrial applications and consumer goods such as crosscountry  alpine and nordic walking poles  floorball sticks and antenna radomes,0,28,212,7.571428571428571,0
neutral,the company had earlier said that it was considering different strategic options for the struggling lowcost mobile operator  including a divestment of its holding,0,24,162,6.75,0
neutral,the company had hoped the new plant would be on stream by the end of 2008,0,16,73,4.5625,4
neutral,the company is owned by the state of finland and the european aeronautic defense and space company eads nv tekla is an international software company that provides solutions for building and construction  energy distribution and municipalities,0,36,243,6.75,0
neutral,the company pledged that the new software would render emails and other documents much as they appear on desktop computers,0,20,122,6.1,0
positive,the company s advantage in pricing can be seen in the significantly lower prices offered by the new unmanned stations,1,20,117,5.85,0
neutral,the company said offshore segment represented 43  of the total marine engines orders for the julyseptember 2010 period  merchant 33   special vessels 18   and cruise and ferry  and ship design  2  and 3   respectively,0,34,217,6.382352941176471,12
neutral,the company said production volumes so far indicate the circuit is capable of the targeted output rate of 60000 tonnes per day  or 22 million tonnes a year,0,28,155,5.535714285714286,7
neutral,the company said that currently the french distribution unit ragot is located in loudeac  normandy  the distribution unit waterqueen and line supplier tortue in saint marcel in midfrance and the hook manufacturing unit vmc and hook distribution unit vmc europe in morvillars,0,42,274,6.523809523809524,0
neutral,the construction of a large woodworking facility in the sheksna district of the vologda region  in northwest russia  will begin in 2009  and the plant will start production in 2011,0,30,180,6.0,8
neutral,the contract consists of a new building with an area of 18000 sq m and renovation of the existing buildings,0,20,107,5.35,5
neutral,the contractor of the shopping center  china state construction engineering corporation  has previously built eg airports  hotels and factories for large international customers in different parts of the world,0,29,209,7.206896551724138,0
neutral,the contracts awarded to date  in connection with the system  amount to a total eur 36 million,0,17,94,5.529411764705882,2
neutral,the corrected chapter is in its entirety below,0,8,46,5.75,0
neutral,the deal  already approved by shareholders  will be carried out in the first half of 2011,0,16,89,5.5625,4
positive,the deal strengthens ramirent s position especially in the industrial sector and in large investment projects,1,16,109,6.8125,0
neutral,the deal was worth about eur 12 mn,0,8,34,4.25,2
neutral,the device offers multimedia performance along with a host of productivity applications  including live stock prices,0,16,116,7.25,0
neutral,the event can also be viewed as a live audio webcast at wwwahlstromcom,0,13,70,5.384615384615385,0
neutral,the event can also be viewed as a live webcast at wwwcargoteccom,0,12,64,5.333333333333333,0
neutral,the first charging stations will be made available already in 2008 and a whole network is to be ready in 2010,0,21,109,5.190476190476191,8
neutral,the geosolutions team further provides an intriguing new technology combining gps and mobilebased technologies together with internetbased social networking,0,19,156,8.210526315789474,0
neutral,the investment will be worth approximately eur 100mn,0,8,52,6.5,3
neutral,the mill is concentrating on getting the supercalendered line running satisfactorily before restarting its older newsprint line,0,17,127,7.470588235294118,0
neutral,the most important export markets are norway  germany  russia and france,0,11,72,6.545454545454546,0
positive,the most loyal customers were found in the bank of land  with an index of 80,1,16,76,4.75,2
neutral,the new system  which will include 60 mc3090 pdas from motorola  to be used by 60 poundstretcher operatives across 3 shifts  will integrate in realtime with the company s existing warehouse management system  aldata gold stock  which went live in may 2008,0,42,255,6.071428571428571,13
neutral,the nokia music store begins trading on tuesday  selling singles and albums as well as live music streaming,0,18,107,5.944444444444445,0
neutral,the number of customers is one of the most important parameters in determining the price of electricity networks,0,18,112,6.222222222222222,0
neutral,the order was valued at over eur15m,0,7,35,5.0,2
neutral,the order was valued at usd12 2 m,0,8,33,4.125,3
neutral,the order was worth eur 8mn,0,6,27,4.5,1
neutral,the organization that is a member of the russian auto sector union mpra has become active since tikkurila acquired russian paint company kraski teks in 2006,0,26,156,6.0,4
neutral,the outsourced scan and capture solutions transfer paper invoices into electronic format  and basware business transactions service allows the customer to receive and send invoices in an electronic format,0,29,204,7.0344827586206895,0
neutral,the parties have also agreed that lnnen tehtaat has the right to sell the remaining shares in suomen rehu to hankkijamaatalous 15 months after the purchase of the majority holding  at the earliest,0,33,196,5.9393939393939394,2
positive,the pipeline is strong,1,4,22,5.5,0
neutral,the potential acquirer is cencorp corporation which is a related entity to sav owing to each of sav and cencorp being a subsidiary of the finnish savcor group oy,0,29,161,5.551724137931035,0
neutral,the prerequisite for inclusion in the program and for receipt of any gains is that key employees acquire aspo shares to the amount determined by the board in advance  in the maximum,0,32,181,5.65625,0
neutral,the record date for dividend distribution is march 14  2008,0,10,59,5.9,6
neutral,the samsung mobile applications store was launched in january 2009 by samsung mobile innovator  a program which enables mobile software developers to create applications for use across samsung mobile devices,0,30,207,6.9,4
neutral,the secondquarter net sales are expected to be on par with the first quarter of 2009,0,16,84,5.25,4
positive,the service is intended to allow the people of thirteen mediterranean countries to reach the baltic more rapidly  with a single carrier,1,22,135,6.136363636363637,0
neutral,the solid fuel is heated before sludge is mixed therein,0,10,55,5.5,0
neutral,the study evaluated the safety  tolerability and pharmacokinetics of repeated doses of intravenously administered antibody in 26 patients with active plaque psoriasis,0,22,166,7.545454545454546,2
neutral,the ten year rent contract with the right of prolongation on the existing terms  was signed between stockmann and the owner of the shopping center in 1998,0,27,154,5.703703703703703,4
positive,the terms of the financing were approved by the annual general meeting of the company held on june 30  2010,1,20,107,5.35,6
neutral,the total donation amount is eur 1115000,0,7,40,5.714285714285714,7
neutral,the total investment necessary will be eur40m  the company estimated,0,10,68,6.8,2
neutral,the total project duration is three years and it is valued at some eur11 5 m,0,16,76,4.75,3
neutral,the total scope of the project is about 38000 square metres and it is valued at a total of around eur75m,0,21,104,4.9523809523809526,7
neutral,the transaction  which includes us 15 billion euro1 billion in cash  vendor notes and share purchases  is expected to be completed in the first quarter of 2008  the finnishswedish paper maker said,0,32,196,6.125,7
neutral,the upgraded factory is scheduled to come on stream in the summer of 2008,0,14,73,5.214285714285714,4
neutral,the uranium found locally is naturally occurring and it makes sense to extract it in the same way as we do with our other metals,0,25,128,5.12,0
positive,there are companies  which are ready to invest their own funds in this deal such as rostelecom rts  rtkm,1,19,104,5.473684210526316,0
neutral,they are responsible for their own operations  customer relationships  and the development of these,0,14,99,7.071428571428571,0
neutral,this allows devices such as mobile phones to become a few millimetres thinner,0,13,77,5.923076923076923,0
neutral,this implementation is very important to the operator  since it is about to launch its fixedtomobile convergence service in brazil see brazil  8 may 2006,0,25,153,6.12,5
positive,this is the first time finnair has been awarded an agreement with the uk government,1,15,83,5.533333333333333,0
neutral,this organization will assume the responsibility for operations in russia,0,10,73,7.3,0
neutral,this pc application allows users to copy files and other data from their nokia mobile device to their computer as well as create backup content,0,25,143,5.72,0
neutral,three students from universiti sains malaysia have won a study trip to helsinki,0,13,79,6.076923076923077,0
neutral,thus the group s balance sheet will have about eur 258 million of goodwill  the company added,0,17,93,5.470588235294118,3
neutral,thus the group s balance sheet will have about eur25 8 m in goodwill for 2010  the company added,0,19,96,5.052631578947368,7
neutral,timo penttila has been appointed new manager responsible for the asset management of nordea s institutional customers in finland,0,19,128,6.7368421052631575,0
neutral,to achieve synergy targets related to the acquisition  vaisala is consolidating its manufacturing  depot and data services  and finance activities currently located in uniontown  pennsylvania  st louis  missouri and durham  north carolina,0,32,238,7.4375,0
neutral,to raise consumer awareness and encourage people to recycle their old mobile devices nokia runs regular recycling campaigns around the world,0,21,140,6.666666666666667,0
neutral,to see more of new haven register  or to subscribe to the newspaper,0,13,67,5.153846153846154,0
neutral,to showcase our endtoend capabilities at the mobile world congress  we arranged an internal meego application development competition to entice developers to create new applications,0,25,181,7.24,0
neutral,today  we are connecting people in new and different ways  fusing advanced mobile technology with personalized services to enable people to stay close to what matters to them,0,28,174,6.214285714285714,0
neutral,together they generate aspo s goodwill,0,6,38,6.333333333333333,0
neutral,trading in the new shares  which have right to dividends and other distributions of funds  will start on the exchange in helsinki tomorrow,0,23,138,6.0,0
neutral,unc charlotte would also deploy ssh tectia connector to enable secure application connectivity,0,13,94,7.230769230769231,0
positive,upmkymmene has generated four consecutive quarters of positive free cash flow,1,11,77,7.0,0
positive,upmkymmene has generated seventeen consecutive quarters of positive cash flow from operations,1,12,93,7.75,0
positive,upmkymmene has generated thirtyone consecutive quarters of positive ebitda,1,9,74,8.222222222222221,0
neutral,upmkymmene wwwupmkymmenecom produces magazine papers and newsprint  as well as fine and specialty papers  converting materials and wood products,0,19,144,7.578947368421052,0
neutral,wayne greensmith  fiskars brands uk senior brand manager  said   we have launched this as we want to give something back to the community,0,23,137,5.956521739130435,0
positive,vdw combined with lxe devices enhances productivity  enabling workers to use a single device to perform voice  scanning and keyboard functions,1,21,142,6.761904761904762,0
positive,we can choose the most efficient  best overall value option for our customers already at the bidding stage,1,18,106,5.888888888888889,0
neutral,we make available the following brandnew market analyses  cement  uk cement  poland cement  belgium these analyses give a clear overview of the actual situation and future outlook of the cement industry in some european countries,0,35,229,6.542857142857143,0
neutral,we make available the following brandnew market analyses cement  pakistan cement  malaysia cement  taiwan cement  philippines these analyses give a clear overview of the actual situation and future outlook of the cement industry in some asian countries,0,37,252,6.8108108108108105,0
neutral,we serve a broad range of customers  including construction and process industries  shipyards  the public sector and households,0,18,127,7.055555555555555,0
neutral,we went to the market with yield guidance of the 725  area  which gave us the flexibility to go up or down by 18th,0,24,114,4.75,5
neutral,vehvilainen  who is currently the chief operating officer at nokia siemens networks  will join finnair on 5 january 2010 and take over as ceo effective 1 february 2010,0,28,167,5.964285714285714,10
neutral,when new types of network elements are added to the network  the conversion file is updated by adding the information required for converting the message format of the new network element type to the format understood by the management system,0,40,242,6.05,0
positive,when open next year  it will be the largest facility in the world to produce diesel fuel from renewable feedstock such as palm oil and animal fat,1,27,145,5.37037037037037,0
neutral,via the plant  the belgian company will feed 84 mw of electricity into the distribution grid and will be able to deliver up to 14 mw of heat,0,28,140,5.0,4
positive,viking line head jan kaarstroem told tt that his company s ferries were well equipped to handle ice and that all the passengers were safe,1,25,137,5.48,0
neutral,yara suomi ltd also provides nitrogen chemicals and technical nitrates to various sectors of industry  as well as products used in environmental protection,0,23,155,6.739130434782608,0
neutral,finnish plumbing and heating systems supplier uponor announced a companywide cost reduction program in august 2008,0,16,114,7.125,4
positive,finnish plumbing and heating systems supplier uponor corporation  omx helsinki  unr1v  said on tuesday  12 august  that its board of directors has authorised the management to proceed with a companywide cost reduction program,1,33,225,6.818181818181818,3
neutral,a flurry analytics spokesperson said that  as it was only measuring windows phone 7 data for some weeks  the firm doublechecked the data to make sure the 66 per cent rise was not an aberration,0,35,192,5.485714285714286,3
negative,net sales of finnish sanoma learning  literature  of finnish media group sanoma  decreased by 36  in januaryjune 2009 totalling eur 1628 mn  down from eur 1688 mn in the corresponding period in 2008,-1,33,198,6.0,18
negative,employing 112 in finland and 280 abroad  the unit recorded firstquarter 2007 sales of 86 mln eur  with an operating loss of 16 mln eur,-1,25,134,5.36,14
negative,jp morgan expects that scala will lower nobel biocare s growth forecast for 2007 from the current guidance of 2325 pct  as well as the operating margin target from the current 3435 pct,-1,33,184,5.575757575757576,12
negative,furthermore  sales of new passenger cars and light commercial vehicles in the country declined by 54  yearonyear last month,-1,19,123,6.473684210526316,2
negative,it services firm tietoenator was bucking the general trend  holding flat at 2270 eur  after slipping back from earlier gains,-1,20,124,6.2,4
negative,profitability  ebit   was 136   compared to 143  in q2 2009,-1,10,59,5.9,11
negative,several large stocks tacked lower  however,-1,6,42,7.0,0
positive,the company booked apriljune new orders worth 949 mln eur  compared with 786 mln eur in the same period a year ago,1,22,114,5.181818181818182,6
negative,sales of midstrength beer decreased by 40,-1,7,41,5.857142857142857,2
negative,teliasonera s underlying results however included 457 mln skr in positive oneoffs  hence the adjusted underlying ebitda actually amounts to 7309 bln skr  clearly below expectations  analysts said,-1,28,195,6.964285714285714,7
positive,aspocomp has repaid its interest bearing liability to standard chartered bank and will use the rest of the consideration to partially repay its interest bearing liabilities in finland and to improve its liquidity,1,33,212,6.424242424242424,0
positive,eurochem head of corporate finance alexander gavrilov said   i am pleased that we have once again confirmed that eurochem is able to attract longterm funds at attractive rates,1,28,175,6.25,0
positive,under a memorandum of understanding mou the parties will collaborate in preparing and implementing joint projects in the fields of combined power and heat generation  environmental protection and energy efficient technologies,1,31,225,7.258064516129032,0
positive,we are honored to be acknowledged for our commitment to the industry  especially in asia pacific,1,16,96,6.0,0
neutral,i thank jarmo ukonaho warmly for his contribution and wish him all the best in the future challenges,0,18,100,5.555555555555555,0
positive,the seminar introduced modern  clean technologies and products  financial tools and sponsorship programs for energy and environment projects as well as the potential to develop clean energy in vietnam,1,29,200,6.896551724137931,0
positive,proving that good cellphone design is truly a work of art  the website for the nokia 6131 provides a colorful canvas for the expression of mobileinspired sentiments,1,27,164,6.074074074074074,4
positive,following last year s good profit development  we have entered the current year in a good position,1,17,98,5.764705882352941,0
positive,helsinki thomson financial kemira growhow swung into profit in its first quarter earnings on improved sales  especially in its fertilizer business in europe  which is normally stronger during the first quarter,1,31,209,6.741935483870968,0
positive,finnish lifting equipment maker kone oyj said on october 4  2007 it won an order worth 15 mln euro  212 mln to deliver a total of 53 custom designed elevators to norwegian shipbuilder aker yards asa,1,36,198,5.5,12
positive,for the full 2010 the company expects its net sales and operating result to improve from the previous year  saying that a positive operating result and its amount will depend on the order intake by the end of the summer,1,40,219,5.475,4
positive,it will focus on improving its profitability next year by streamlining operations,1,12,81,6.75,0
positive,md henning bahr of stockmann gruppen praises the trend  since the chains become stronger and their decisionmaking processes more clear,1,20,134,6.7,0
positive,mr lee said he hoped that neste s move will  pave the way for more collaboration projects between our two countries,1,21,115,5.476190476190476,0
positive,the company will enhance the gprs capability in the existing 12 idea telecom service areas and add 10 more service areas to its network,1,24,135,5.625,4
positive,the company will make its marketing and sales investments initiated in 2009 even more efficient in 2010,1,17,103,6.0588235294117645,8
positive,the core of solidium s investment strategy is proper  value enhancing asset management of the current holdings,1,17,110,6.470588235294118,0
positive,the developers of that project predict that once it is completed in april 2009  skanssi will attract some 45 million visitors annually,1,22,134,6.090909090909091,6
positive,the geosolutions technology will leverage benefon s gps solutions by providing location based search technology  a communities platform  location relevant multimedia content and a new and powerful commercial model,1,29,213,7.344827586206897,0
positive,the stock is trading above both its maps and the 50day map of sek72 983 is higher than the 200day map of sek70 283  a bullish indicator,1,27,135,5.0,15
positive,those will be partially offset by a 186 mln eur gain on the sale of its celbi pulp plant in portugal,1,21,100,4.761904761904762,3
positive,with the measures  suominen corporation aims to ensure the competitiveness of the flexible packaging business in the long term,1,19,126,6.631578947368421,0
positive,abb deutsche bank upgraded its recommendation on swissswedish engineering group abb ltd to  buy  from  hold,1,16,107,6.6875,0
positive,i am very pleased and proud of our performance last year   chief executive juha rantanen said in a statement,1,19,108,5.684210526315789,0
positive,i m pleased to receive the nomination committee s request and confidence   says jon risfelt,1,15,91,6.066666666666666,0
positive,our design team has long admired marimekko s vivid patterns and colors,1,12,70,5.833333333333333,0
positive,overall  we re pleased with the startup curve  and we re pleased with the quality of the paper   stora spokeswoman patricia dietz said tuesday,1,24,142,5.916666666666667,0
positive,we are pleased with the efforts of both negotiating teams and look forward to a productive four years ahead,1,19,107,5.631578947368421,0
positive,we are proud to welcome another distribution facility to north mississippi and the region known as the logistics center of the united states   said gray swoope  executive director of mda,1,30,186,6.2,0
positive,we are very pleased to be working with fujitsu and ntt docomo to advance the progress of lte   said juergen walter  head of converged core  nokia siemens networks,1,28,162,5.785714285714286,0
positive,a memorandum of understanding on cooperation between the finnish global chemical company kemira and vietnam national chemicals group  vinachem  was signed on this occasion,1,24,171,7.125,0
neutral,affecto has helped skat to set up the platform and has previously delivered several business intelligence projects for skat,0,19,123,6.473684210526316,0
positive,also  it is bringing in  the right kind of people  to upgrade its human resources,1,15,81,5.4,0
positive,at the seminar  a memorandum of understanding on cooperation was signed between the finnish kemira company and vietnam national chemical corporation,1,21,148,7.0476190476190474,0
positive,by acquiring rcp  we can combine our strong knowhow with the expertise of a solid local company,1,17,95,5.588235294117647,0
positive,eurochem cfo andrey ilyin said   this facility marks another important step for eurochem in securing the longterm financing necessary for our potash and other strategic projects,1,26,177,6.8076923076923075,0
positive,helsinki  thomson financial   kone said it has won four orders in saudi arabia  united arab emirates and qatar worth 40 mln eur,1,22,127,5.7727272727272725,2
positive,adp news   finnish handling systems provider cargotec oyj  hel  cgcbv  announced on friday it won orders worth eur 10 million  usd 132 m  to deliver linkspans to jordan  morocco and ireland,1,31,189,6.096774193548387,5
positive,merrill lynch analyst campbell morgan upgraded his recommendation on paperlinx from  neutral  to  buy  in may,1,16,109,6.8125,0
neutral,mr atul chopra  chief operating officer  president  tecnotree elaborated  i am eager to see the continued success of the former tecnomen  bringing lifetree product to mena  under the tecnotree umbrella,0,30,201,6.7,0
positive,outotec oyj press release  february 19  2008 at 1100 am outotec has won two large minerals processing technology orders from mirabela mineracao do brasil ltda  brazil and from cumerio med jsco  bulgaria,1,32,202,6.3125,10
positive,outotec said it won new orders worth 4929 mln eur during the quarter  compared with 2404 mln eur a year earlier,1,21,111,5.285714285714286,8
positive,president and ceo mika vehvilinen says the positive signs are first and foremost emerging outside finland,1,16,105,6.5625,0
positive,raute said it has won an order worth around 15 mln eur to supply several plywood production lines to mills operated by russian wood products company sveza group,1,28,160,5.714285714285714,2
positive,satama earned data management solutions competency with business intelligence specialization recentlyvia the acquisition of fimentor oy,1,16,135,8.4375,0
neutral,since inception in 1999  access  stable management team has remained disciplined and focused on the proactive screening  selection and management of european small to midmarket buyout funds of funds and mandates,0,31,211,6.806451612903226,4
positive,sysopen digia plc  press release  7 february 2006 ibm finland has rewarded its most distinguished partner companies for 2005,1,19,124,6.526315789473684,9
positive,the brokerage said 2006 has seen a  true turning point  in european steel base prices  with better pricing seen carrying through the second quarter of 2006,1,26,155,5.961538461538462,8
positive,the concept enables a commercially affordable way to manufacture highquality tco coated glass for the solar industry,1,17,116,6.823529411764706,0
neutral,the goal is to secure the company s profitability and competitiveness,0,11,69,6.2727272727272725,0
positive,the new policy was also aimed at making the companies more profitable and competitive,1,14,85,6.071428571428571,0
positive,the purpose of this action is to ensure company s cost effectiveness this year and in the near future,1,19,101,5.315789473684211,0
positive,this location makes the mall a convenient place to shop for consumers from three large residential areas nearby  jaroszowka  wysockiego and zgody,1,22,145,6.590909090909091,0
positive,tieto offers aktia a good foundation and the required support services for implementing the update project   says juha volotinen  responsible for aktia s web services,1,25,166,6.64,0
positive,we are glad that our long cooperation with sodra continues   comments stiggoran sandberg  affecto s area manager for baltic operations,1,20,134,6.7,0
neutral,we now have both the opportunity and the responsibility to create a new journalistic culture to serve the readers of alma media s newspapers   says hannu ollikainen  head of the new helsinki desk,0,33,195,5.909090909090909,0
positive,lining stone sales were also good in the early autumn  and order books are strong to the end of the year,1,21,104,4.9523809523809526,0
neutral,these patronage refunds reward members that use the feebased services that make a positive contribution to cencorp s operating results   said bill walby  cencorp ceo,0,25,165,6.6,0
positive,this vessel order will help aspo secure the longterm competitiveness of its fleet  both in terms of technology and pricing,1,20,122,6.1,0
positive,15 december 2010  finnishgerman telecoms equipment maker nokia siemens networks said today it won a contract to upgrade the radio network of homebased telecommunications company elisa oyj hel  eli1v,1,29,198,6.827586206896552,7
positive,finnish kci konecranes has been awarded an order for four hot metal ladle cranes by indian steel producer bhushan steel  strips to be delivered in 2007,1,26,151,5.8076923076923075,4
positive,finnish raute precision has won large glass batch plant and mortar plant orders from mexico and the us,1,18,102,5.666666666666667,0
positive,vaahto pulp  paper  of finnish vaahto group  has been awarded an order to renovate finnishswedish forest industry company stora enso s paperboard machine at the ingerois board mill in finland,1,30,191,6.366666666666666,0
positive,combining the two producers will create a strong eubased fertilizer industry capable of meeting global competition  they added,1,18,126,7.0,0
positive,finnish it solutions provider affecto oyj said today that it has won a frame contract  valued at some eur2m  to implement the next phase of its insurance application for south african mutual  federal insurance company limited mf,1,37,228,6.162162162162162,1
positive,helsinki afx  kci konecranes said it has won an order for four hot metal ladle cranes from indian steel producer bhushan steel and strips ltd,1,25,141,5.64,0
positive,helsinki afx  outokumpu said its technology unit has won a 28 mln eur contract from bosniaherzegovina s aluminij dd mostar to upgrade an anode plant,1,25,148,5.92,2
positive,hk ruokatalo now accounts for about 50  of poultry sales in finland  and profitability is at a good level,1,19,105,5.526315789473684,2
positive,however  the bottomline result improved thanks to positive financial items,1,10,74,7.4,0
positive,kesko agro lietuva  the agricultural machinery and grain trader and another member of the kesko group  boosted its sales by 429 percent to 134 million euros  vat inclusive,1,28,171,6.107142857142857,6
positive,lee  man paper and metso have a long and prosperous cooperation  a good example of which are the changshu and hongmei kraftliner machines delivered earlier,1,25,155,6.2,0
positive,london s leading shares today jumped almost 100 points  or 17   as the market opened,1,15,84,5.6,5
positive,metso said it has won an order worth around 40 mln eur to supply a kraftliner board machine to china s lee  man paper co,1,25,120,4.8,2
positive,mika stahlberg  vp fsecure labs  said   we are excited and proud that fsecure has been recognized by avcomparatives as the product of the year,1,24,142,5.916666666666667,0
positive,the ministry of water in tanzania has awarded poyry a water and sanitation engineering assignment for the rehabilitation and extension of water supply and sanitation infrastructure in bukoba and musoma  situated at lake victoria in northern tanzania,1,37,249,6.72972972972973,0
positive,the policy was also aimed at making the companies more profitable and competitive,1,13,81,6.230769230769231,0
positive,the three year turnaround program is expected to ensure salomon s future competitiveness  the company said,1,16,106,6.625,0
positive,we are very pleased with the fine cooperation between the two countries in recent times  he said,1,17,96,5.647058823529412,0
positive,finland s leading metals group outokumpu said its fourthquarter net profit more than tripled on the back of strong global demand for stainless steel  soaring base metal prices and proceeds from the sale of its technology unit,1,37,225,6.081081081081081,0
neutral,neste oil corporation is a refining and marketing company concentrating on clean  highquality traffic fuels,0,15,107,7.133333333333334,0
neutral,aug 31  2009 gawker media delivered by newstex if you love fishing video games but felt that there just was nt enough wackiness involved  then activision s nasdaq  atvi rapala  we fish might just catch your eye with its familyfun hook,0,41,234,5.7073170731707314,6
neutral,the company has the poser  who wants to impress people with the latest handset,0,14,78,5.571428571428571,0
positive,we are delighted to announce our support for intel based handheld platforms  the capabilities of which have made our development easier and faster,1,23,146,6.3478260869565215,0
positive,according to bosse  the present cooperation is beneficial to all parties  however,1,12,81,6.75,0
positive,we are proud to contribute to the creation of a worldclass airport facility with kone s innovative people flow tm solutions,1,21,123,5.857142857142857,0
negative,finnish insurance company fennia and kesko group are ending their loyal customer cooperation,-1,13,92,7.076923076923077,0
neutral,according to an  posted by the world intellectual property organization   the present invention relates to hydrocarbons and particularly to the manufacture of hydrocarbon components suitable as aviation fuels or jet fuels and as blending stocks for aviation fuels,0,38,263,6.921052631578948,0
neutral,and that s exactly what happened on a recent weekday when an east haven baker was brought in to remind residents about the easter tradition of making wheat and rice pies,0,31,169,5.451612903225806,0
neutral,any investment or investment activity to which this communication relates is only available to relevant persons and will be engaged in only with relevant persons,0,25,161,6.44,0
positive,efore s presence here also opens up new and interesting development opportunities for our students   the dean of the faculty of electronics  communications and automation at tkk said,1,28,182,6.5,0
neutral,fortum needs a clear signal of commitment from the government that the permit is available before the company will start the next round  kuula says,0,25,147,5.88,0
neutral,it helps our stakeholders get a better understanding of our operations and the challenges in stainless steel business,0,18,117,6.5,0
neutral,mr mika korpinen  apac vice president for comptel concludes   comptel is once again demonstrating the importance of providing reliable delivery and enabling timetomarket,0,23,169,7.3478260869565215,0
neutral,music is provided by all major international and regional labels including universal music group  sony music entertainment  warner music  emi music  rotana  mazzika  melody music  platinum records  and leading content aggregator the orchard  as well as thousands of independent labels,0,40,284,7.1,0
neutral,nordea bank has a large share and vast experience in the nordic credit card market,0,15,82,5.466666666666667,0
neutral,one can even receive on the spot alerts as soon as jobs are posted  putting you at the front of the queue for opportunities,0,24,123,5.125,0
positive,one of my colleagues summed up the e7 quite aptly when he remarked   fantastic hardware,1,15,87,5.8,1
neutral,strong brand visibility nationally and regionally is of primary importance in home sales  vehicle and consumer advertising,0,17,122,7.176470588235294,0
positive,swiss franc surged to record 142 euros after it reported sharpest gain in manufacturing in march,1,16,96,6.0,3
neutral,technopolis said before the protocol was signed that the technopark would be built at a site covering more than six hectares in the neudorf special economic zone and that it planned to invest 200 million euros in the project until 2009 inclusive,0,42,245,5.833333333333333,7
neutral,the addon order contains  among others  control valves and instrumentation as well as complete mill engineering and electrification with metso drive controls,0,22,157,7.136363636363637,0
positive,the cl51 is designed to measure cloud base height and vertical visibility in all weather conditions  which makes it an ideal instrument for meteorological applications that rely on reliable cloud height detection,1,32,212,6.625,2
neutral,the company s objective is to offer the best people flow experience by developing and delivering solutions that enable people to move smoothly  safely  comfortably and without waiting in buildings in an increasingly urbanizing environment,0,35,238,6.8,0
neutral,the indexes include the top companies that are committed to sustainable development,0,12,83,6.916666666666667,0
neutral,the paper industry s deinking sludge  which is produced in mills that use recycled fiber when printing ink is removed from recovered paper  is also a suitable raw material,0,29,171,5.896551724137931,0
neutral,the repurchase of the bonds was executed in the open market in accordance with section 7 f of the terms and conditions of the convertible bonds,0,26,143,5.5,1
neutral,tip of the week panfish like bluegills are great fun to catch  especially for children new to fishing,0,18,101,5.611111111111111,0
neutral,with aldata  we can help retailers ensure that their merchandising and selections reflect customer demand and their evolving shopping behavior,0,20,142,7.1,0
positive,i am pleased that bjorn wahlroos has accepted the nomination,1,10,60,6.0,0
neutral,korean consumers are techsavvy and leading the pack in terms of design   gill hyunchang  president of motorola korea inc  told dow jones newswires in an interview,0,26,162,6.230769230769231,0
positive,qpr 8 integrated management system is the fastest  easiest and most efficient way for organizations all around the world to take control of their humancentric business processes,1,27,177,6.555555555555555,1
positive,we are delighted to welcome elisa to our board of directors   said garry mcguire  ceo of rmg networks,1,18,101,5.611111111111111,0
neutral,we want to serve kcitymarket customers by offering them interesting and topical selections,0,13,90,6.923076923076923,0
neutral,finnish food industry companies are interested in the opportunities provided by ukraine,0,12,87,7.25,0
neutral,finnish newspaper publisher sanoma  of media group sanomawsoy  is merging its free sheets uutislehti 100 and metro as of midseptember 2008 to form a new free sheet to be named metro,0,31,181,5.838709677419355,7
neutral,finnish raute precision that supplies weighing and dosing systems and plants is changing its name to lahti precision,0,18,116,6.444444444444445,0
neutral,finnish suominen corporation that makes wipes  nonwovens  and flexible packaging  has a plant near warsaw  in poland  that makes flexible packaging,0,21,147,7.0,0
positive,the representative body of swedish meats approved an improved offer from finnish hk ruokatalo to acquire the company,1,18,116,6.444444444444445,0
neutral,according to mark white  locatrix communications  ceo  the company s web services interface allows device owners  friends  and family to track and locate twig users via any web browser,0,29,184,6.344827586206897,0
neutral,active shipping is essential for finland,0,6,40,6.666666666666667,0
positive,after the renovation the biggest moulding line in the orhangazi foundry is the most modern line in europe,1,18,105,5.833333333333333,0
neutral,basic banking activities continued as normal,0,6,44,7.333333333333333,0
neutral,cents scout for potential acquisition targets  with detailed insight into the companies financial and operational performance,0,16,125,7.8125,0
neutral,chic and cheerful  finnish design house marimekko has been sending its geometric textiles out into the world for the past 60 years,0,22,130,5.909090909090909,2
neutral,community gardening has become a popular activity  especially to raise vegetables,0,11,81,7.363636363636363,0
neutral,companiesandmarketscom provides a wide range of research reports  industry statistics and competitive intelligence on the industrial sector,0,17,139,8.176470588235293,0
positive,finland s neste oil has been awarded the chemical industry federation of finland s innovation award for its nexbtl technology  which enables biodiesel to be produced from vegetable oil and animal fat,1,32,199,6.21875,0
positive,finnish electronics manufacturer pkc group oyj  omx helsinki  pkc1v  said on wednesday  31 december  that it has completed the acquisition of man nutzfahrzeuge ag s cable harness business from man star trucks  buses spolka zoo in poland,1,37,236,6.378378378378378,3
neutral,forest certification is a voluntary system aimed at promoting sustainable forest management in commercial forests,0,15,113,7.533333333333333,0
neutral,france tlcom spent more time studying teliasonera than other potential takeover targets because it has a shareholder that wants to sell  pellissier said,0,23,152,6.608695652173913,0
neutral,fsecure online backup automatically protects all the content stored on a computer or smartphone by making a copy of the content to an online location,0,25,149,5.96,0
neutral,he said things will be different when new finnish nuclear power stations go into operation and the large hydro powered stations of northern europe have a good year,0,28,163,5.821428571428571,0
positive,higher bit rates for outgoing traffic improves the enduser experience of mobile broadband services such as video conferencing  file sharing and sending emails with attachments,1,25,175,7.0,0
neutral,honkarakenne oyj  a worldleading manufacturer of genuine wooden homes  will be sponsoring finnish crosscountry skier virpi kuitunen for the next three years,0,22,156,7.090909090909091,0
positive,i am looking forward to contribute to srv s success with my competence   says taneli hassinen,1,16,93,5.8125,0
neutral,in his turn fradkov said russia is interested in adopting finnish experience in forming technology parks in the framework of implementing the law on special economic zone,0,27,170,6.296296296296297,0
positive,it combines a perfect price performance with sophisticated management facilities  the company said,1,13,98,7.538461538461538,0
positive,it provides customers with industryleading elevators  escalators and innovative solutions for maintenance and modernization,1,14,123,8.785714285714286,0
neutral,it said comptel delivers reliable provisioning and activation solutions which improve fulfilment processes for operators,0,15,120,8.0,0
positive,kemira coatings is the leading supplier of paints in northern and eastern europe  providing consumers and professionals with branded products in approx,1,22,151,6.863636363636363,0
neutral,lt has also made a commitment to redeem the remaining shares by the end of 2011,0,16,79,4.9375,4
neutral,proline plus is a mechanical liquid handling device with a robust design suitable for all types of applications,0,18,111,6.166666666666667,0
neutral,nokia said that its next generation mobile gaming platform makes it easy for people to find  buy  play and share rich and immersive games on a range of nokia devices,0,30,165,5.5,0
neutral,of bavelloni s and nst s joint ventures  bavelloni tools  completes semiproducts that are produced in italy into highquality tools that will be sold under the diapol brand,0,28,171,6.107142857142857,0
neutral,panostaja is a financially secure finnish multifield corporation that creates healthy companies and company entities,0,15,116,7.733333333333333,0
positive,poyry has a good track record of major transportation projects in latin america,1,13,79,6.076923076923077,0
neutral,shareholders have a right to put on the agenda of the agm items that are within the competence of the general meeting,0,22,117,5.318181818181818,0
neutral,so far the company has awarded more than  350000 worth of tools and materials,0,14,77,5.5,6
neutral,supported nokia phones include  n96  n958gb  n95  n93n931  n92  n85  n82  n81  n80  n79  n78  n77  n76  n75  n73  n72  n71  e90  e71  e70  e66  e65  e62  e61e61i  e60  e51  e50  touch xpress 5800  6220 classic  6210 navigator  6120 classic  6110 navigator  5700  5500  5320xm,0,45,275,6.111111111111111,92
positive,the basware connectivity services allow companies to handle purchase to pay processes online and make their internal processes more efficient   said ceo ilkka sihvo  basware corporation,1,26,185,7.115384615384615,0
neutral,the company s main shareholders lihakunta and itikka osuuskunta have both made a commitment to acquire shares worth eur 20mn,0,20,124,6.2,2
neutral,the engines in asiapacific industry profile is an essential resource for toplevel data and analysis covering the engines industry,0,19,129,6.7894736842105265,0
positive,the itunesbased material will be accessible on windowsbased or macintosh computers and transferable to portable devices  including apple s ipods,1,20,144,7.2,0
neutral,the machine will have an annual production capacity of 200000 tonnes of supercalendered magazine paper and other paper grades based on recovered fiber  stora enso said,0,26,167,6.423076923076923,6
neutral,the moscow metro  wwwmosmetroru  was the first metro system in europe to implement smart cards together with a new type of magnetic card in 1998,0,25,144,5.76,4
neutral,the stonegate product is centrally manageable and suited for both physical and virtual environments,0,14,99,7.071428571428571,0
neutral,the total scholarship amount was 40000 euros and the recipients were chosen on the recommendation of fine arts universities and sports associations,0,22,147,6.681818181818182,5
neutral,the tower s engineers have created an 18 degree westward lean  four times the inclination on the leaning tower of pisa  using diagrid structures that are aligned geometrically using tekla structures bim  building information modeling  software,0,36,243,6.75,2
neutral,the winners included the honda odyssey for minivan and the nissan armada for large suv,0,15,86,5.733333333333333,0
neutral,these companies own a 20000 sq m office and commercial building and substantial amount of building right for a new shopping center in liljeholmen  stockholm,0,25,156,6.24,5
positive,this bold spinning 360 red fabric design is set beautifully on ercols napoli sofa,1,14,81,5.785714285714286,3
positive,tomtom has given assurances that it will continue to sell maps to competitors if it wins eu approval,1,18,100,5.555555555555555,0
neutral,we are also pleased to welcome the new employees to tieto,0,11,57,5.181818181818182,0
positive,we are very excited working with maxis on this first commercial deployment of  master of maya   said joe doering  head of the asia south region at nokia siemens networks,1,29,169,5.827586206896552,0
neutral,we do hope that this will in the future turn out to be a novel method for the prevention of alcohol and tobacco smoking associated oral cancers,0,27,143,5.296296296296297,0
neutral,while i cant understand what theyre saying  its impressive to watch him hit that ball at those speeds,0,18,101,5.611111111111111,0
positive,it gives us a sense of pride and exposure   said bruce hansen  the svh sales representative for wolverine,1,18,105,5.833333333333333,0
positive,nokia s calling all innovators africa competition has been specifically launched to enable developers to create locally relevant  bestofbreed mobile applications,1,21,161,7.666666666666667,0
positive,po ferries now has a very efficient and powerful vessel for its dover to calais route   head of the shipbuilder s rauma yard  timo suistio  said,1,26,144,5.538461538461538,0
neutral,people who enjoy mobile games are often the same customers who enjoy experimenting with new mobile services and content,0,19,119,6.2631578947368425,0
neutral,russia is ready to participate in an open tender for lattelecom s privatization,0,13,79,6.076923076923077,0
neutral,subscribers can browse free numbers with their handset  and select the numbers  packages and services they prefer when activating the phone,0,21,139,6.619047619047619,0
positive,we are happy to be working with rapala to encourage boaters and anglers to introduce newcomers to the sport   said rbff president  ceo frank peterson,1,25,149,5.96,0
positive,we are pleased to welcome tapeks noma into cramo group,1,10,54,5.4,0
neutral,an  of the invention  released by the patent office  said   a noncoherent search matrix is formed of said correlation function matrix,0,21,133,6.333333333333333,0
neutral,as with other stakeholders  comptel has been involved in the workshops  meetings and filed comments on the issues of greatest importance to the competitive sector of our industry,0,28,178,6.357142857142857,0
neutral,aspo plc stock exchange bulletin october 24  2006 at 200 pm aspo systems division has completed the statutory negotiations  as required under the act on cooperation within undertakings  conducted as part of the action plan launched in august,0,38,241,6.342105263157895,9
neutral,being successful requires providing a level of quality that satisfies our customers and partners,0,14,96,6.857142857142857,0
neutral,both companies will keep their commercial independence and continue to market their traditional products individually,0,15,117,7.8,0
positive,cdli highlights the companies that provided the most comprehensive response to the carbon disclosure project cdp information request,1,18,132,7.333333333333333,0
neutral,city cu welcomes dart members dallascity cu welcomes the members of dart fcu as they merge with city cu,0,19,103,5.421052631578948,0
neutral,city24 users can search for homes and properties in all areas where city24 is active  even outside their own country,0,20,116,5.8,4
neutral,enclosed is affecto s call for extraordinary general meeting to be held on july 10th where the main agenda is to approve the authorization to the board for the proposed share issue related to the component software acquisition  and to elect haakon skaarer to the affecto board,0,47,276,5.872340425531915,2
neutral,europe however remains an important and strong market for us,0,10,60,6.0,0
neutral,founded in 1994  the company uses a sixstep  timefocused  collaborative project approach to improve financial institutions  revenue streams,0,18,139,7.722222222222222,4
neutral,homeowners across north america have green experiences to share from cost savings to clean and ecofriendly heating,0,17,114,6.705882352941177,0
neutral,it includes the company s new  highly powerful  compact and scalable flexi multiradio 10 base station,0,16,101,6.3125,2
neutral,it is profitable to make pulp  paper  and sawn goods in areas where the combination of these factors is good,0,20,108,5.4,0
neutral,kesko wwwkeskofi is a finnish retail specialist whose stores offer quality to the daily lives of consumers through valued products and services at competitive prices,0,25,165,6.6,0
neutral,lights out before curfew  curl up with the latest bestseller and treat your eyes to the perfect reading light from luceplan,0,21,123,5.857142857142857,0
positive,luxembourgregistered investment fund amber trust ii has won the final approval of lithuania s competition council to acquire 296 percent of sanitas  the country s largest pharmaceutical producer,1,28,194,6.928571428571429,3
neutral,nokia said the outcome was a  fair and responsible social plan,0,11,62,5.636363636363637,0
neutral,nurminen logistics provides highquality logistics services  such as railway transports  terminal services  forwarding  special and heavy transports and medical transports,0,20,170,8.5,0
neutral,panostaja treats its negotiating partners  such as entrepreneurs selling their life s work and newcomer entrepreneurs seeking a career  fairly  justly and according to the law,0,26,175,6.730769230769231,0
neutral,patrick jeambar will also continue being responsible for innovation and health  safety and environment hsea functions of ahlstrom corporation,0,19,141,7.421052631578948,0
neutral,s nasdaq omx  geo1v  gypsii business unit  developers of the awardwinning gypsii mobile social networking application  today announced its availability as a free download via the samsung mobile applications store,0,30,212,7.066666666666666,1
neutral,sami seppnen  ceo for elisa eesti  says the novel network allows fast mobile broadband for sparsely populated areas,0,18,115,6.388888888888889,0
neutral,sanoma corporation wants a new and better frequency for the helsinki metropolitan area,0,13,86,6.615384615384615,0
neutral,sanoma learning  literature  offering print and digital learning materials  is present in eleven countries,0,14,106,7.571428571428571,0
positive,the adapter  awarded with the  certified integration for sap   netweaver  endorsement  integrates basware s invoice automation and procurement solutions with more than 200 different erp systems,1,26,193,7.423076923076923,3
positive,the commission is to be applauded for applying a factbased and datadriven approach and for providing clarity for future petitions,1,20,129,6.45,0
positive,the company  which celebrates its fiftieth anniversary next year  has been exporting distinctive detached homes to central europe for several decades,1,21,149,7.095238095238095,0
neutral,the contract covers new energyefficient ac drives that have been designed in cooperation between the companies,0,16,110,6.875,0
neutral,the costanza light  with an aluminum base and washable shade  comes in white  pistachio  orange  blue and red,0,18,109,6.055555555555555,0
positive,the energyefficient data center will be built by combining an effective energy solution with stateoftheart technology,1,16,117,7.3125,0
neutral,the familiar blue  white  and red hk seal has received a more authentic look,0,14,76,5.428571428571429,0
negative,the finnish daily kauppalehti surmises that finnish supplier rautaruukki has raised its prices above aker s comfort zone,-1,18,120,6.666666666666667,0
neutral,the method utilises waterborne ultra products  giving protection to wooden surfaces in an industrial painting process whereby two layers of top coat are applied on exterior wooden panels and boards without a separate primer,0,34,223,6.5588235294117645,0
neutral,the most popular paper by far was kesko s loyal customer magazine pirkka with 2462000 readers,0,16,93,5.8125,7
neutral,the process  technology  project management  basic engineering and quality assurance within forest industry will be consolidated in vantaa  southern finland,0,20,156,7.8,0
neutral,the smaller molecules improve the grip of the tyre at topspeed driving,0,12,70,5.833333333333333,0
positive,the social plan negotiations were part of the three year turnaround program which is expected to ensure salomon s future competitiveness,1,21,136,6.476190476190476,0
neutral,the tests  conducted at nokia siemens  lte center of competence in espoo  finland  follow the company s production start of lteready flexi multiradio base stations for the 800 mhz band in april 2010  and complement earlier tests with nokia on the 2100 mhz and 2600 mhz bands,0,47,274,5.829787234042553,15
neutral,the tool is a patent pending design that allows consumers to lay out their entire project on a removable plate using multiple clear stamps of any kind,0,27,150,5.555555555555555,0
neutral,the use case dramatically narrows if you go only with the hot s ltd,0,14,67,4.785714285714286,0
neutral,the vessels also have to be environmentally friendly  fast  and have all modern conveniences,0,14,92,6.571428571428571,0
neutral,thus  sysopen digia has  in accordance with chapter 14 section 21 of the finnish companies act 2991978  734  obtained title to all the shares of sentera that are to be redeemed,0,31,176,5.67741935483871,14
neutral,today the orange scissors are the iconic symbol of the excellent ergonomic design and superior quality associated with every product from fiskars,0,22,145,6.590909090909091,0
neutral,we have sound experience of project deliveries for large multipurpose complexes and sports arenas   says sami eronen  svp  infrastructure and northern europe  ruukki construction,0,24,178,7.416666666666667,0
neutral,weber convinced his friend ray ostrom  who owned a lake street sporting goods store  to sell the lures,0,18,102,5.666666666666667,0
positive,nokia  which has a strong track record in the lowerend handset market  said in july its touchscreen offering would come this year and be cheaper than rival models in order to tap into a highervolume market,1,36,205,5.694444444444445,0
positive,we aim to ensure that vacon is in good shape when capital expenditure starts to pick up again   comments vacon plc president and ceo vesa laisi,1,26,143,5.5,0
negative,shares in royal and sun alliance continued to slide back from a 12month high of 172p last month  after a potential suitor ruled itself out of a takeover bid,-1,29,156,5.379310344827586,5
negative,managing director s comments   net sales for the first quarter were notably lower than a year before  especially in finland  russia and the baltic countries,-1,25,156,6.24,0
positive,sales climbed 192 pct to 1002 bln eur  surpassing the 953 mln eur consensus figure,1,15,82,5.466666666666667,10
positive,suominen corporation estimates that the costcutting program that started in autumn 2005  higher sales prices  and expected growth in volume of wet wipes  will make the company s operations more profitable,1,31,204,6.580645161290323,4
positive,in a release  the company said that vocollect t2 customers in north america can now take advantage of its voice directed warehousing solution and increase warehouse efficiency and productivity gains at a discounted price,1,34,220,6.470588235294118,1
neutral,marimekko makes all sorts of colorful little impulse buys  umbrellas  baby bibs  change purses  and they re all for sale  the better to take advantage of shoppers who ca nt commit to furniture but want a piece of the action,0,40,223,5.575,0
positive,business boomed after ostrom helped plant a small story about rapala lures in a life magazine issue that featured marilyn monroe on the cover,1,24,141,5.875,0
positive,finnish oko bank has signed a cooperation agreement with raiffeisen concerning finnish companies  investments in russia,1,16,119,7.4375,0
positive,paper maker stora enso oyj said friday it has been acquitted of charges that it participated in a paper pricefixing conspiracy in the united states,1,25,147,5.88,0
positive,cooper sh  the uk distributor for lift equipment manufacturer konecranes  won the fiveyear deal which involves low maintenance and fuel saving technologies,1,22,155,7.045454545454546,0
positive,metsaliitto said that it will book a minor gain of less than eur1 0 m from the transaction,1,18,90,5.0,2
positive,the negotiations were carried out in a constructive manner  and all parties tried to find a solution to the situation,1,20,117,5.85,0
positive,this is a much better process than using virgin paper as it requires less transportation of wood pulp from places like finland and canada,1,24,137,5.708333333333333,0
positive,after the reporting period  biotie north american licensing partner somaxon pharmaceuticals announced positive results with nalmefene in a pilot phase 2 clinical trial for smoking cessation,1,26,189,7.269230769230769,1
positive,indorussia trade can cross the targeted 10 billion dollars by 2010 and double to 20 billion dollars by 2015  if trade irritants and procedural hassles are resolved   the chamber said in its survey on obstacles to trade with russia,1,39,230,5.897435897435898,12
positive,this is a significant milestone for benefon  helping us to secure critical usp s for our personal navigation product roadmap for 2007 and beyond   commented simon button  chief technology officer at benefon,1,32,206,6.4375,4
positive,18 may 2010  finnish electronics producer elcoteq se hel  elqav said today that it has signed an extensive cooperation agreement on industrialisation  manufacturing  distribution and aftermarket services for mobile phones with japan s sharp tyo  6753,1,36,250,6.944444444444445,10
positive,investors will continue being interested in the company s share although it is not quite cheap  affarsvarlden said,1,18,114,6.333333333333333,0
neutral,swedish telco teliasonera is teaming up with friends  a swedish organization against bullying  to fight bullying of children and teenagers via electronic channels,0,23,162,7.043478260869565,0
neutral,each year  personal entertainment plays a more significant role in determining whether a fitness facility s workout experience is pleasurable or a chore   said brian wilson  director of marketing for precor s entertainment  services division,0,35,241,6.885714285714286,0
neutral,i see my new post as an inspiring challenge,0,9,43,4.777777777777778,0
neutral,we will continue to make it easier for users to explore services on their handsets and will work towards bringing internet to a wider range of devices including mid and lowend devices   said kallasvuo,0,34,200,5.882352941176471,0
neutral,finland s dominating rail company vr is planning to set the infected passengers for longdistance trip in a separate carriage,0,20,124,6.2,0
positive,in complying with the european water framework directive requirements  the pretreatment unit will be fully renovated  including hydraulics of waste water inception  degridding  sand and grease removal and treatment and deodorization of the unit,1,34,244,7.176470588235294,0
neutral,our purchase to pay solutions enable companies to gain visibility and control over businesscritical financial processes,0,16,119,7.4375,0
positive,so far  mr galvan he has been able to avoid laying off workers,1,13,62,4.769230769230769,0
neutral,the agreement must be approved by the russian competition authorities before it enters into force,0,15,97,6.466666666666667,0
neutral,the total amount of subscription prices was recorded in the fund for invested nonrestricted equity,0,15,98,6.533333333333333,0
negative,this is super nasty   said eric schultze  chief technology officer at shavlik technologies llc  a st paul  minnbased maker of patch management tools,-1,23,148,6.434782608695652,0
neutral,before kemira s installation nordalu was producing 3500 tons of liquid and solid aluminum waste per year,0,17,104,6.117647058823529,4
neutral,he announced a  solutions unit  to speed cooperation in august  and shifted simonson from finance chief to lowend phones in october,0,21,131,6.238095238095238,0
neutral,it started with software that was capable of retrieving the data typed into the computer keyboard   keyloggers    and then more complex mechanisms arrived on the scene  such as phishing and pharming,0,31,198,6.387096774193548,0
negative,more than a third of the original participants dropped out due to nausea and other side effects,-1,17,95,5.588235294117647,0
neutral,mr skogster currently serves as the manager responsible for abb oy s system modules for low voltage drives,0,18,106,5.888888888888889,0
neutral,the finnish company sold its uk operation  consisting of 50 staff in offices in london  birmingham and manchester  as part of a deal with hampden in july 2001 for its europeanwide property and casualty arm sampo industrial,0,37,222,6.0,6
positive,the stonegate utm solution offers protection against inbound and outbound attacks,1,11,81,7.363636363636363,0
neutral,counter your competitor s strengths and target their weaknesses,0,9,63,7.0,0
neutral,an appeal concerning the project has been lodged at the czech ministry of the environment,0,15,89,5.933333333333334,0
negative,aspocomp has a large factory in china and a factory building project in india that was halted due to financing problems,-1,21,119,5.666666666666667,0
neutral,founded in 2000  bioview automates laboratory tests  especially diagnostic tests for cancer,0,12,91,7.583333333333333,4
negative,fsecure also point out the logical weakness in the sequenced numbers of a card approach that has apparently already been utilised,-1,21,129,6.142857142857143,0
neutral,it inspects the companys strategic strengths and weaknesses,0,8,59,7.375,0
neutral,it s even a little bit higher than yara s multiples on itself   an analyst in helsinki said,0,18,91,5.055555555555555,0
neutral,kesko offers hilton to open a hotel on kalinisky prospect in a 18000square metres building because of these difficulties,0,19,120,6.315789473684211,5
neutral,key reasons to read this report   report contains only relevant information  leaving out excessive data,0,15,103,6.866666666666666,0
positive,the completion of the recycling plant is an important link in the chain of creating a waste management system in the dubna region that meets the eu standards,1,28,157,5.607142857142857,0
neutral,the dollar bounced back after hitting another record low against the euro  which reached  141 for the first time,0,19,112,5.894736842105263,3
neutral,the fivestorey  ecoefficient building will have a gross floor area of about 15000 sq m it will also include apartments,0,20,118,5.9,5
neutral,the new company will buy from baltic pearl cjsc a lease right to 81 hectares for the construction of a mall with a gross area of 140000 sq m 15 million sq ft,0,33,157,4.757575757575758,10
negative,the seawind that was en route from the finnish port of turku to stockholm got stuck in ice already around 4 pm on wednesday and the regal star s journey from the swedish port of kapellskar to paldiski in northwestern estonia was cut short at 2 am on thursday,-1,49,258,5.26530612244898,2
neutral,the stena poseidon is a socalled panamax tanker  designed to be able to pass through the narrow passages in the panama canal s locks,0,24,132,5.5,0
positive,upon completion  keskuskatu will form the backbone of helsinki s pedestrianised downtown area  linking up with the city s other main pedestrian precincts,1,23,153,6.6521739130434785,0
negative,uncommonly weak snow conditions in nearly every market have affected our first quarter result   chief executive roger talermo said,-1,19,130,6.842105263157895,0
negative,danish company flsmidth has acknowledged that it has violated a patent held by finnish metso,-1,15,92,6.133333333333334,0
negative,the liquidity providing was interrupted on may 11  2007 when aspocomp group oyj s shares traded below 050 cent  aspocomp s stock exchange release 1152007,-1,25,153,6.12,16
positive,markets had been expecting a poor performance  and the company s stock was up 6 percent at  x20ac 2389 us 3384 in early afternoon trading in helsinki,1,27,149,5.518518518518518,11
positive,the layoffs were aimed at reaching an annual savings target of 15 billion euros  2 billion by the end of 2010,1,21,109,5.190476190476191,7
positive,according to finnish insurance companies tapiola  local insurance group  lhivakuutus   and pohjola the two fierce storms at the end of july and in the beginning of august 2010 that felled trees around finland have speeded up sales of forest insurance,1,40,250,6.25,4
positive,excluding nonrecurring items  pretax profit surged 45  to eur80m,1,9,64,7.111111111111111,4
neutral,as a result of the cancellation  the maximum increase of citycon s share capital on the basis of the convertible bonds decreased from eur 2338392780 to eur 2290178475,0,28,166,5.928571428571429,20
negative,adp news  feb 13  2009  finnish retailer kesko oyj hel  kesbv said today its total sales  excluding value added tax vat  stood at eur 6613 million usd 8531 m in january 2009  down 152  yearonyea,-1,35,194,5.542857142857143,21
negative,the low capacity utilisation rate in steel production considerably increases the fixed costs per unit of steel produced,-1,18,119,6.611111111111111,0
positive,talentum expects that the net sales of its core business will increase in 2008  compared to 2007,1,17,96,5.647058823529412,8
positive,in the newly formed company yit stavo the local contact network  expertise and market know how of euro stavokonsult will be combined with yit s housing concept   said juha kostiainen  yit s vice president  corporate communications and business development,1,39,255,6.538461538461538,0
positive,a  euro  48 million investment in 136  of lewa netted deutsche beteiligungs  euro  21 million,1,15,93,6.2,7
positive,in china  finnish kone that provides elevators  escalators  and solutions for modernisation and maintenance will build 342 escalators that will be installed in a highspeed railway section between beijing and shanghai in a 15 years  time,1,36,236,6.555555555555555,5
positive,according to pkc  the acquisition would bring a significant addition to pkc s customer base,1,15,91,6.066666666666666,0
positive,airbus has 100 firm orders for the a350 and 89 nonbinding commitments,1,12,69,5.75,8
neutral,aspo s net sales in 2006 totaled eur 2259 million,0,10,49,4.9,8
positive,at the end of the review period  nordic aluminium s order book stood at eur 877 mn compared to eur 704 in 2005,1,23,110,4.782608695652174,10
neutral,both companies  existing investment plans will be coordinated,0,8,61,7.625,0
positive,both the net sales and operating profit were record high in the company s history,1,15,81,5.4,0
neutral,e s building system service had revenue of eur 355 mln in 2007,0,13,62,4.769230769230769,7
positive,elcoteq s stock of orders has stabilised in the past weeks  mr krippl said,1,14,74,5.285714285714286,0
neutral,export accounts for about one tenth of the company s annual turnover of one billion kroons,0,16,90,5.625,0
positive,favourable currency rates also contributed to higher net sales   ceo kari kauniskangas said,1,13,91,7.0,0
positive,fiskars  a 360yearold global business best known for its orangehandled scissors  expects to derive synergies of eur5 million a year by consolidating certain parts of the housewares division where the two compete,1,32,211,6.59375,4
neutral,for 2009  incap expects revenue of some eur 70 million,0,10,54,5.4,6
positive,fullyear net sales are expected to increase by approximately 10   the company said,1,13,82,6.3076923076923075,2
neutral,in 2006 the company s net sales amounted to approximately eur259m and it has some 8000 employees,0,17,96,5.647058823529412,11
neutral,in 2009  kone had annual net sales of eur 47 billion and approximately 34000 employees,0,15,86,5.733333333333333,11
positive,in addition to the indian market  the new plant will serve salcomp s customers globally  the company said,1,18,105,5.833333333333333,0
positive,in q1 10 19 april 2010  finnish forest machinery and equipment maker ponsse oyj hel  pon1v said today that it expects to swing to a net profit of some eur6 3 m in the first quarter of 2010  from an eur9 6 m loss a year earlier,1,47,226,4.808510638297872,18
positive,in the beginning of this year  wartsila had secured an order to deliver four gasfuelled main engines and propulsion machinery for the same vessel,1,24,145,6.041666666666667,0
neutral,in the second quarter of 2009  net sales through operator business partners represented 47  of the group s total net sales,0,21,122,5.809523809523809,6
positive,india s trade with russia currently stands at four billion dollars  growing 96 per cent in fiscal 2007,1,18,102,5.666666666666667,6
positive,instead  elcoteq has signed a nonbinding letter of intent with another asian strategic investor,1,14,95,6.785714285714286,0
neutral,international operations accounted for over 80  of net sales,0,9,60,6.666666666666667,2
neutral,latin america currently accounts for approximately 40  of sales at finnish bssoss and vas supplier for telecoms operators tecnotree  company president and ceo eero mertano told bnamericas,0,27,187,6.925925925925926,2
positive,lithuanian beer makers sold 25688 million liters of beer in 2005  a rise of 45 per cent from the yearearlier figure of 24592 million liters,1,25,139,5.56,16
positive,loss after taxes amounted to eur 12 mn compared to a loss of 26 mn,1,15,66,4.4,4
neutral,net sales in 2010 were about eur 20 billion  of which international operations accounted for roughly a quarter,0,18,110,6.111111111111111,6
positive,net sales revenue per passenger is expected to increase,1,9,55,6.111111111111111,0
neutral,nokia oyj s production site at bochum  germany  posted profit before interest of 134 mln eur for 2007  capital reported in an excerpt of an article to be released tomorrow  citing internal documents,0,33,198,6.0,7
neutral,operating income was eur 249 mn  including eur 153 mn of restructuring expenses,0,13,79,6.076923076923077,6
neutral,operating profit for the quarter apriljune 2006 amounted to eur42 9 m on net sales of eur156 3 m,0,19,96,5.052631578947368,11
neutral,poyry s net sales in 2007 amounted to about eur 720 million and it employs 7400 experts,0,17,87,5.117647058823529,11
positive,return on investment was 166  compared to 158  in 2004,1,10,54,5.4,10
neutral,roshan s net sales in 2006 were  191 million and ebitda was  665 million,0,14,72,5.142857142857143,10
positive,selfservice and automation are in a bigger role now and fujitsu s global resources will be exploited effectively,1,18,112,6.222222222222222,0
neutral,the board of directors proposes to the shareholders  meeting on 18 march 2010 that the company would pay dividend for the financial year january 1  december 31  2009  eur 002 per share,0,32,184,5.75,16
neutral,the company  employing 6400  reported net sales of 620 mln euro  8232 mln for 2006,0,15,82,5.466666666666667,15
positive,the company moved to an operating profit of eur10 9 m versus an operating loss of eur15 3 m it also turned to eps of eur0 08 versus loss per share of eur0 04,1,34,157,4.617647058823529,12
neutral,the company reported net sales of eur550m in 2005 and had some 3200 employees,0,14,77,5.5,11
neutral,the company s net sales in 2010 totalled meur 3114 with an operating margin of 139 per cent,0,18,91,5.055555555555555,11
neutral,the company will pay a dividend of eur 050 per share  a total of eur 14mn,0,16,73,4.5625,5
neutral,the decision of tekes was based on  among other  the following grounds  the project has a significant impact on the business development of the company,0,25,151,6.04,0
neutral,the estimated turnover of the new company is lvl 25 million eek 40 million,0,14,74,5.285714285714286,4
neutral,the finnish company claims to have over a quarter of a million contented tulikivi fireplace business and homeowners worldwide,0,19,125,6.578947368421052,0
neutral,the fouryear contract between the bank and ski sport finland will bring the bank s advertisements to skiers helmets and caps,0,21,124,5.904761904761905,0
neutral,the group  with net sales of eur 235 million in 2009  employs more than 2 000 people in 33 countries,0,20,100,5.0,13
neutral,the group had an order book of eur 774 mn at the end of 2007,0,15,60,4.0,7
positive,the insurer anticipates its share in nordea s net profit to be significant,1,13,74,5.6923076923076925,0
positive,the item included restructuring costs of eur1 6 m  while a year earlier they were eur13 1 m diluted eps stood at eur0 3 versus a loss per share of eur 01,1,32,153,4.78125,9
positive,the new office  located in shenzhen  will strengthen vaisala s already 10year old presence in china,1,16,99,6.1875,2
positive,the price of raw material aluminium went up at the end of 2005  but the company considers its outlook for 2006 favourable,1,22,121,5.5,8
positive,the refining margin for the year was  1339  bbl  compared to  1046  bbl in the prior year,1,17,89,5.235294117647059,8
neutral,the report also said nokia s operations comprising the sites at bochum  ulm  dusseldorf  munich and frankfurt posted operating profit after interest of 246 mln eur,0,26,163,6.269230769230769,3
positive,the subdivision made sales revenues last year of eur 4807 million eur 4149 million in 2008  and operating profits of eur 445 million eur 74 million,1,26,147,5.653846153846154,17
neutral,the value of orders on hand totaled eur 2371 mn,0,10,47,4.7,4
neutral,the value of the confirmed aircraft orders totals eur 2bn,0,10,57,5.7,1
positive,vaahto  which has entered the deal via its subsidiary vaahto pulp  paper machinery  will supply two of the units in the end of 2010  while the remaining ones are expected for delivery in the beginning of 2011,1,37,208,5.621621621621622,8
positive,via the move  the company aims annual savings of some eur 3 million usd 43 m  the main part of which are expected to be realized this year,1,28,138,4.928571428571429,3
positive,viking line manages well with its current ferries,1,8,49,6.125,0
positive,scania morgan stanley lifted the share target on swedish heavyduty truck and bus maker scania ab to 330 crowns   424  352 euro  from 310 crowns   398  331 euro,1,28,159,5.678571428571429,18
positive,very recommendable  is the nokian z g2 according to the  adac judgement  in the latest summer tyre test of the german automobile association adac,1,24,145,6.041666666666667,1
neutral,in ukraine  too  we act as a partner for major bakery clients in both production and product development,0,18,104,5.777777777777778,0
positive,neste oil is working with over 20 research communities in europe  america  africa  asia  and australia to develop and introduce new raw materials,1,23,145,6.304347826086956,2
positive,the announced investment of the carmaker hyundai for example sounds optimistically for us as of course new cars mean new tires,1,21,126,6.0,0
neutral,they ve already allocated money for the inventory,0,8,49,6.125,0
positive,3 january 2011  finnish flag carrier finnair oyj  hel  fia1s  said today it sealed a nineyear sale and leaseback agreement for its newest airbus a330 aircraft for syndication into the japanese operating lease market,1,34,215,6.323529411764706,9
positive,according to acnielsen s scantrack study for the period week 10 of 2005 to week 9 of 2006  cocacola is the market leader in soft drinks in finland,1,28,146,5.214285714285714,11
positive,finnish ahlstrom corporation has ordered key production equipment for a new glass nonwovens production line at its russian tver mill from finnish vaahto pulp  paper machinery  that is part of vaahto group,1,32,204,6.375,0
neutral,finnish navigation device manufacturer benefon that is changing its name to geosentric reports net sales of about eur 11 mn in the second quarter of 2007,0,26,153,5.884615384615385,6
positive,finnish vacon has signed significant deals with norwegian scandinavian electric systems  ses  on the supply of ac drives,1,18,120,6.666666666666667,0
positive,finnishswedish tietoenator is expanding its business quickly in russia,1,9,70,7.777777777777778,0
positive,hkan dahlstrm  head of mobility services at teliasonera  has forecast that mobile data volume on the teliasonera network in sweden will rise eightfold to 200000 tb by 2014,1,28,171,6.107142857142857,10
neutral,the order for plywood mill machinery and equipment announced by finnish raute in september 2006 will be delivered to thebault plyland in france,0,23,143,6.217391304347826,4
positive,according to mreal s ceo  mikko helander  this transaction will enable the company to proceed swiftly with its restructuring program,1,20,132,6.6,0
positive,according to olvi s managing director lasse aho  the company has an ongoing mmx plus project that aims to find growth outside finland,1,23,133,5.782608695652174,0
neutral,according to scanfil s president harri takanen  scanfil s investment activity proceeded according to the strategy on several fronts in 2010,0,21,139,6.619047619047619,4
positive,acquisitions have been made and businesses have been well integrated,1,10,68,6.8,0
neutral,alma media s net sales in 2009 totalled meur 3078 with an operating margin of 135 per cent,0,18,90,5.0,11
neutral,aspokem posted an operating profit of 27 mln euro   35 mln  and net sales of 891 mln euro   1168 mln  in 2006,0,22,109,4.954545454545454,15
neutral,auburn s sales in 2007 were cad 41 million  approximately eur 27 million   and the company employs some 150 people,0,20,114,5.7,11
positive,brazilian mobile player telemig celular yesterday announced that it has selected finnish software developer tecnomen oyj to expand its prepaid billing system,1,22,157,7.136363636363637,0
positive,cargotec corporation  press release  april 28  2008 at 200 pm finnish time cargotec s macgregor business area providing marine cargo handling and offshore load handling solutions has received significant hatch cover orders for bulk carriers,1,35,240,6.857142857142857,9
neutral,cargotec s sales totalled eur 34 billion in 2008 and it employs approximately 10500 people,0,15,90,6.0,11
positive,commencing the construction works of pearl plaza is a significant step in our russian projects,1,15,94,6.266666666666667,0
neutral,corporate it update   c  19952009 m2 communications ltd finnish technology group teleste corporation  omx helsinki  tlt1v  reported on wednesday  4 february  an operating profit of eur5 6 m on net sales of eur108 7 m for the year 2008,0,39,234,6.0,21
positive,cost savings will then rise to some 20 mln eur a year from 2007  oko said,1,16,73,4.5625,6
positive,cramo group s financial targets for 20102013 are sales growth higher than 10 percent per year  return on equity above 15 percent,1,22,128,5.818181818181818,12
neutral,cymed s net sales are expected to amount to eur 35 mn in 2006,0,14,61,4.357142857142857,6
neutral,delhaize le lion has selected the aldata gold vocal pda solution on the motorola wt4090 pda terminal,0,17,100,5.882352941176471,4
positive,diluted loss per share stood at eur 015 versus eur 026,1,11,54,4.909090909090909,6
positive,efficiency programs totalling 100 million euros are under way in finnair,1,11,72,6.545454545454546,3
neutral,elcoteq s revenues in 2007 were approximately eur 120 million,0,10,61,6.1,7
positive,elektrobit  eb  has renewed its it infrastructure contract with ict services provider fujitsu services for eb s patja service,1,19,125,6.578947368421052,0
positive,european traffic grew nearly 30,1,5,31,6.2,2
neutral,finlandbased international machinery rental company ramirent plc  omx helsinki  rmr1v  reported on friday  15 august  an operating profit of eur65 0 m on net sales of eur342 9 m for the period januaryjune 2008,0,34,209,6.147058823529412,14
neutral,finnish aluminium products manufacturer nordic aluminium plc  omx helsinki  noa1v  reported on monday  18 august  an operating profit of eur7 9 m on net sales of eur55 2 m for the period januaryjune 2008,0,34,203,5.970588235294118,12
neutral,finnish component supplier componenta corporation  omx helsinki  cth1v  reported on tuesday  15 july  an operating profit of eur46 2 m on net sales of eur386 0 m for the financial period januaryjune 2008,0,33,203,6.151515151515151,14
positive,finnish elevators and escalators maker kone corporation said on tuesday  18 march  that it has received a major order from sir robert mcalpine to supply all elevators and escalators for the watermark place project in the city of london,1,39,235,6.0256410256410255,2
positive,finnish financial software developer basware oyj said today it will provide its invoice automation  ia  solution to an unnamed major retail company in the usa in a deal  worth more than eur300 000,1,33,196,5.9393939393939394,6
positive,finnish forest machinery and equipment maker ponsse oyj said on october 5  2007 it will deliver a total of 67 cuttolength method forest machines and 44 harvester heads to brazilian paper maker bahia pulp and to unnamed uruguayan wood harvesting contractors,1,41,256,6.2439024390243905,9
neutral,finnish glass technology group glaston corporation  omx helsinki  gla1v  reported on thursday  14 august  an operating profit of eur6 5 m on net sales of eur201 5 m for the period januaryseptember 2008,0,33,201,6.090909090909091,13
neutral,finnish logistics and information solutions provider done solutions corporation  omx helsinki  dso1v  reported on wednesday  29 october  an operating profit of eur3 6 m on net sales of eur35 1 m for the period januaryseptember 2008,0,36,231,6.416666666666667,12
positive,finnish metso will supply new wood handling and bleaching lines  as well as a rebuild of the kraft liner washing line for klabin s telmaco borba mill in the brazilian state of paran,1,33,181,5.484848484848484,0
neutral,finnish software company qpr software plc  omx helsinki  qpr1v  reported on thursday  23 october  an operating profit of eur63 000 on net sales of eur1 5 m for the third quarter 2008,0,32,182,5.6875,14
positive,finnish technology group aspocomp group oyj  omx helsinki  acg1v  issued its third quarter report on thursday  13 november   posting an operating profit of eur0 4 m  as compared to a loss of eur0 5 m in the third quarter of 2007,1,41,228,5.560975609756097,11
positive,finnishowned contract manufacturer of electronics elcoteq hungary kft has announced plans to recruit more than 650 new staffers to fulfill new orders in pcs  where the company has two plants,1,30,190,6.333333333333333,3
neutral,following the payment made in april  the company has a total of eur 230 million in loans from financial institutions,0,20,116,5.8,3
positive,for q2 2010  consolidated earnings before tax totaled eur4 5 m  compared to eur3 9 m  and net profit was eur3 2 m  compared to eur2 9 m in the previous year,1,32,156,4.875,13
positive,for telenor  the three and a half year contract is worth an estimated 126 m yit has chosen telenor and elisa as its principal suppliers of ict solutions in norway  sweden  denmark and finland,1,34,191,5.617647058823529,3
neutral,for the fiscal year ending september 30  2009 the revenue from these customers was  10012 million or around 110  of the transportation group s revenue,0,25,150,6.0,14
neutral,galeria podlaska  a shopping mall on wysockiego street in bia  ystok  is approximately 60percent leased or reserved,0,17,115,6.764705882352941,2
positive,however  he expects banks to provide alternative financing,1,8,58,7.25,0
neutral,in 2005 the bank posted a net profit of lt 82 mn,0,12,48,4.0,6
neutral,in 2006  teliasonera net sales were sek 91 bn  ebitda was sek 32266 bn  net income was sek 1928 bn,0,20,98,4.9,15
neutral,in 2007  alma media s operating profit was about eur 53mn,0,11,57,5.181818181818182,6
neutral,in 2007  almost two thirds of orion s net sales came from these drugs,0,14,69,4.928571428571429,4
neutral,in 2007  huhtamaki will continue to invest in organic growth,0,10,60,6.0,4
positive,in 2007  marimekko has also opened concept stores in yokohama and nagoya  central japan  in silver spring in metropolitan washington dc  usa  in graz  central austria  and in aalborg  northern denmark,1,31,200,6.451612903225806,4
neutral,in 2007  the group s net sales stood at eur 22 million and it had about 150 employees at the end of june  2008,0,24,110,4.583333333333333,13
positive,in 2008  the deal is likely to bring savings of eur 20mn25mn,1,12,60,5.0,8
neutral,in 2009  it reported net sales of approximately eur 6mn,0,10,55,5.5,5
neutral,in 2010  the marimekko group s net sales were eur 73297 thousand  eur 72473 thousand  and operating profit was eur 8169 thousand  eur 6291 thousand,0,25,147,5.88,22
neutral,in beers  olvi retained its market position,0,7,43,6.142857142857143,0
neutral,in januaryseptember 2007  operating profit totaled eur 205 mn,0,9,61,6.777777777777778,7
positive,in middle east  north africa  tecnotree has grown considerably in the recent years,1,13,82,6.3076923076923075,0
positive,in q1 2010 18 may 2010  finnish electrical components maker salcomp oy  hel  sal1v  said today it turned to a net profit of eur1 6 m in the first quarter of 2010 versus a loss of eur2m in the corresponding period last year,1,43,222,5.162790697674419,19
positive,in the end of 2006  the number of outlets will rise to 6070,1,13,59,4.538461538461538,8
positive,in the first quarter of 2010  the marktomarket result was a pretax profit of eur 133 million versus a loss of eur 32 million in the same period last year,1,30,153,5.1,9
positive,incap contract manufacturing services private limited has inked agreements with six new customers in india,1,15,106,7.066666666666666,0
positive,it also said its third quarter diluted eps came in at 034 eur compared with 016 eur in the same quarter a year ago,1,24,114,4.75,6
positive,it also turned in earnings per share  eps  of eur 044 versus loss per share of eur 226,1,18,86,4.777777777777778,6
positive,it also turned to earnings per share  eps  of eur 008 versus loss per share of eur 004,1,18,86,4.777777777777778,6
neutral,it appears from statistics of the technical surveillance authority that customers who switch service providers mostly transfer their numbers to elisa s network,0,23,159,6.913043478260869,0
neutral,it expects revenue between  84 billion and  87 billion  compared to analyst estimates of  867 billion,0,16,101,6.3125,7
positive,it is in line with its plans to focus on selected growth segments and streamline corporate structure,1,17,100,5.882352941176471,0
positive,it projected revenue of  22 billion to  23 billion  slightly higher than analyst estimates of  219 billion,1,17,106,6.235294117647059,7
positive,it will also strengthen ruukki s offshore business,1,8,50,6.25,0
positive,it will combine and renew the contents and functionality of the current systems for funding and online service as well as their maintenance,1,23,139,6.043478260869565,0
positive,jens schultebockum  vodafone s global director of terminals  said the company expects to sell one to two million of the vodafone 125 and 225 models in the first year of launch  and potentially tens of millions over the lifetime of the device,1,42,241,5.738095238095238,6
positive,juha jordan  chief engineer at glaston  said one of the reasons for choosing vacon as a global ac drives supplier is that it has service and support centres in the same countries where glaston operates,1,35,201,5.742857142857143,0
positive,kai tulonen  chief technology officer  sysopen digia says   mobility business suite represents a significant milestone in the company s offering to the telecommunications industry,1,24,179,7.458333333333333,0
neutral,kemira will supply the additional volumes of iron coagulants from the company s plant at helsingborg  sweden,0,17,108,6.352941176470588,0
positive,last month  outokumpu sold more than 80 percent of its technology unit  outokumpu technology oyj  to further its strategic goal of becoming the world s largest stainless steel maker,1,29,181,6.241379310344827,2
positive,last week  the finnish metals and technology group announced plans to sell more than 80 percent of its technology unit to further the company s strategic goal of becoming the world s largest stainless steel maker,1,36,212,5.888888888888889,2
positive,madison  wis  feb 6  prnewswire   fiskars announces that the united states patent and trademark office has granted a trademark registration for the color orange on its iconic scissor handles,1,29,190,6.551724137931035,1
positive,manavigatorseptember 7  2010kemira unveils indian jv with ivrcl finnish chemicals group kemira  hel  kra1v  on tuesday announced it has inked a deal to form a joint venture in india with local construction firm ivrcl infrastructure and projects ltd  bom 530773,1,40,260,6.5,12
neutral,metso will provide a recovery boiler with a capacity of 6800 tonnes of dry solids per day and an evaporation plant with six thermal stages and a capacity of 1600 tonnes per hour,0,33,177,5.363636363636363,8
positive,metso will supply the equipment for two process lines at northland resources  new kaunisvaara iron ore project in sweden which exploits tapuli and sahavaara iron ore deposits,1,27,174,6.444444444444445,0
positive,mreal s sales are expected to have increased by 4  yearonyear to eur609m in the second quarter of 2010,1,19,102,5.368421052631579,8
positive,navteq has a commanding lead in installed map data systems in north american vehicles and may be the leader in turnbyturn navigation data offered by services such as onstar in north america  said analyst phil magney of telematics research group in minnetonka  minn,1,43,264,6.1395348837209305,0
positive,neste oil s board proposed 100 eur dividend for the fullyear 2007  compared with 090 eur a year ago,1,19,99,5.2105263157894735,10
positive,net interest income totaled eur 159 mn  compared to eur 156 mn a year earlier,1,15,77,5.133333333333334,6
neutral,net profit in the period in 2009 was  euro  29 million,0,11,54,4.909090909090909,6
neutral,net profit in the same period in 2006 was 366 million euros,0,12,59,4.916666666666667,7
neutral,net profit in the same period in 2006 was   x20ac  172 million,0,12,62,5.166666666666667,9
positive,net profit was 355 mln compared with 298 mln,1,9,44,4.888888888888889,6
neutral,net sales are expected to remain on the same level as in 2007,0,13,61,4.6923076923076925,4
neutral,net sales by the sataflexo group came to some eur4 3 m in 2007  and the group companies employed a total of 40 people,0,24,117,4.875,8
neutral,net sales in 2006 totaled eur 302 million and the operating margin was 16,0,14,73,5.214285714285714,9
positive,net sales in 2007 are expected to be 10  up on 2006,1,12,51,4.25,10
neutral,net sales in 2007 totalled eur 329 million and the operating margin was over 19,0,15,79,5.266666666666667,9
neutral,net sales in 2008 are expected to be on the same level as in 2007,0,15,65,4.333333333333333,8
neutral,net sales of the lehdentekijat unit was approximately eur 14 million in 2007 and it had 70 employees,0,18,100,5.555555555555555,8
positive,nokia bought chicagobased navteq in 2008  acquiring a maps database to compete with google s maps as well as with navigation device companies such as tomtom nv and garmin ltd,1,30,174,5.8,4
neutral,nokia corp of finland tuesday said it has received a unified device managment contract with finnish operator elisa oyj,0,19,118,6.2105263157894735,0
neutral,nokia has enough users to do just as well,0,9,41,4.555555555555555,0
neutral,of this  eur 388 mn was net interest income,0,9,43,4.777777777777778,3
neutral,omeo  wwwomeose  employs 55 and expects net sales of some 23 mln euro   298 mln  for fiscal 20062007  ending april 30  2007,0,22,123,5.590909090909091,21
positive,operating loss was eur 179mn  compared to a loss of eur 188mn in the second quarter of 2009,1,18,91,5.055555555555555,10
neutral,operating profit for the quarter apriljune 2006 amounted to eur182 2 m on sales of eur3 62 bn,0,18,93,5.166666666666667,11
neutral,operating profit totaled eur 186 mn or 83  of net sales,0,11,55,5.0,5
positive,operating profit was eur 98 mn  compared to a loss of eur 127 mn in the corresponding period in 2009,1,20,100,5.0,9
positive,pretax loss totaled eur 03 mn  compared to a loss of eur 22 mn in the first quarter of 2005,1,20,91,4.55,8
positive,pretax profit totalled eur 20 mn  compared to a loss of eur 1592 mn in the fourth quarter of 2008,1,20,97,4.85,10
positive,pretax profit totalled eur 808 mn  compared to a loss of eur 131 mn in the corresponding period in 2009,1,20,103,5.15,10
positive,previously  eb delivered a custom solution for lg electronics and now is making it commercially available for other mobile terminal vendors as well as to wireless operators,1,27,172,6.37037037037037,0
neutral,previously  vaahto pulp has supplied headboxes with rectifier roll and dilution control technology for stora enso s mill in imatra  eastern finland,0,22,147,6.681818181818182,0
positive,production will expand to other of elcoteq s locations including mexico and hungary during 2010,1,15,95,6.333333333333333,4
neutral,profit of the accounting period was eur 03 mn,0,9,45,5.0,2
positive,rapala said it estimates it will make savings of 12 mln eur a year by centralising its french operations at one site,1,22,116,5.2727272727272725,2
positive,reuse back into pet bottles has also steadily increased and the rate of use in strapping tape has picked up again after a dip in 2005  petcore said previously,1,29,158,5.448275862068965,4
neutral,russia accounted for 9  of the lagardere magazine division s revenue  or eur 11440 mn  usd 14811 mn  in 2009  the usa  for 18,0,24,125,5.208333333333333,17
positive,sales are expected to increase in the end of the year 2006  however,1,13,67,5.153846153846154,4
positive,satama s net sales would be higher than the year before,1,11,55,5.0,0
neutral,scanfil expects net sales in 2008 to remain at the 2007 level,0,12,61,5.083333333333333,8
positive,singapore  icis    1  kemira and indian water infrastructure firm  2  ivrcl have agreed to form a join venture which includes a new inorganic coagulant manufacturing facility in andhra pradesh state  india  the finnish water treatment chemicals maker said on tuesday,1,40,266,6.65,2
neutral,so  at the present time nokian tires had the contract of tires production in china,0,15,82,5.466666666666667,0
neutral,solvay sa has engaged poyry to provide project management  engineering  procurement  and site services for a hydrogen peroxide production plant to be built by a solvaybasf joint venture at basf s zandvliet site  belgium,0,34,219,6.4411764705882355,0
positive,southfield  mich  central corporate credit union will again distribute patronage dividends to members by waiving all service fees incurred during the months of july and november 2008  to the tune of an estimated  1 million,1,35,222,6.3428571428571425,5
positive,srv will raise its holding in the company so that by the summer of 2008  it will have a majority,1,20,96,4.8,4
positive,systeemitiimi s sales and project resources will also be strengthened  director paul skogberg said,1,14,98,7.0,0
positive,tallink claims the watertight doors of both vana tallinn and regina baltica  including their electrical systems  are fully in working order,1,21,139,6.619047619047619,0
positive,talvivaara has secured a 10year offtake agreement for 100 per cent of its main output of nickel and cobalt to norilsk nickel and entered into a longterm zinc streaming agreement with nyrstar nv,1,33,193,5.848484848484849,5
neutral,tekla group s net sales for 2005 were approximately 38 million euros,0,12,68,5.666666666666667,6
positive,teliasonera has secured deliveries for 4g modems with support for 3g and 2g during the second quarter 2010,1,18,106,5.888888888888889,7
positive,the 5050 joint venture  to be called nokia siemens networks  will be comprised of nokia s network business group and siemens  carrierrelated operations  creating estimated synergies of 15 billion euros   19 billion  by 2010  nokia said,1,36,235,6.527777777777778,12
positive,the acquisition of boomeranger boats oy is in line with the done solutions strategy of developing its business through company acquisitions,1,21,139,6.619047619047619,0
positive,the actions are expected to deliver annual cost savings of some eur1520m,1,12,72,6.0,4
neutral,the agreement  which will cover monitoring  maintenance  server capacity service and backups  has a oneyear extension option,0,17,124,7.294117647058823,0
neutral,the amendment will not incur additional costs,0,7,45,6.428571428571429,0
positive,the announced restructuring will significantly decrease the company s indebtedness,1,10,82,8.2,0
positive,the companies expect the first orders already in 2011,1,9,53,5.888888888888889,4
positive,the company also expects to sell its products in other russian region,1,12,69,5.75,0
neutral,the company also said that its board of directors has proposed a profit distribution of eur0 92 per share,0,19,105,5.526315789473684,3
neutral,the company closed last year with a turnover of about four million euros,0,13,72,5.538461538461538,0
neutral,the company expects net sales of 65 mln euro   851 mln  for 2006,0,13,64,4.923076923076923,9
neutral,the company expects sales revenue of rmb8 0 billion in 2009,0,11,59,5.363636363636363,6
positive,the company feels these leases are prime locations due to several producing formations in the immediate area,1,17,108,6.352941176470588,0
neutral,the company has exported into about twenty european countries as well as to africa,0,14,82,5.857142857142857,0
positive,the company is well positioned in brazil and uruguay,1,9,52,5.777777777777778,0
positive,the company reports a loss for the period of eur 04 mn compared to a loss of eur 19 mn in the corresponding period in 2005,1,26,122,4.6923076923076925,8
neutral,the company s net sales in 2009 totalled meur 3078 with an operating margin of 135 per cent,0,18,91,5.055555555555555,11
neutral,the company s operating profit for 2006 stood at 396 mln euro   579 mln,0,14,71,5.071428571428571,10
neutral,the company s profit totaled ls 134700,0,7,38,5.428571428571429,6
neutral,the company targets sales of ls 271 mn  ls 23498 mn  and a profit of ls 300000  ls 371500  in 2007,0,21,98,4.666666666666667,24
positive,the company turned to earnings per share  eps  of eur 003 versus loss per share of eur 001,1,18,90,5.0,6
neutral,the company will build altogether 130 new substations by the end of this year,0,14,77,5.5,3
positive,the diesel margin has remained high,1,6,35,5.833333333333333,0
positive,the divestment is in line with the company s plans to focus on selected growth segments and streamline corporate structure  the company explained,1,23,145,6.304347826086956,0
positive,the divestment of raisio s margarine business in may 2009 gave the company a clearer focus on grainbased products,1,19,113,5.947368421052632,4
neutral,the earnings in the comparative period included a capital gain of eur 8mn from the sale of omx shares,0,19,101,5.315789473684211,1
neutral,the finnish textiles and clothing company marimekko corporation  omx helsinki  mmo1v  reported on wednesday  5 november  an operating profit of eur8 1 m on net sales of eur59m for the period from january to september 2008,0,36,221,6.138888888888889,10
neutral,the first quarter was as expected and was in line with analysts  forecasts,0,13,74,5.6923076923076925,0
positive,the fourth quarter saw rapala swing back to a pretax profit of 15 mln eur from a year earlier loss of 12 mln on the back of a 30 pct uplift in sales to 448 mln eur  and a stronger performance in north america,1,44,208,4.7272727272727275,9
neutral,the german subsidiary will produce software development services for ixonos telecommunications business unit s client projects,0,16,126,7.875,0
neutral,the group s consolidated net sales for 2008 totaled 34 billion euros and it employs approximately 13000 persons,0,18,111,6.166666666666667,11
neutral,the group s consolidated net sales for 2009 totaled 15 billion euros and it employs approximately 10000 persons,0,18,111,6.166666666666667,11
neutral,the group s revenue amounts to over eur 80 million  about half of which is accounted for by exports,0,19,99,5.2105263157894735,2
neutral,the group s revenue in 2008 amounted to eur 94 million and the company currently employs approximately 730 people,0,19,113,5.947368421052632,9
neutral,the group s revenue in 2009 amounted to eur 70 million and the company currently employs approximately 780 people,0,19,113,5.947368421052632,9
positive,the group will expand the chain to include 45 stores,1,10,52,5.2,2
neutral,the insurance division turned a eur120m profit,0,7,46,6.571428571428571,3
positive,the iso certification demonstrates that we are moving forward in our quality commitments to our customers,1,16,105,6.5625,0
positive,the longterm contract is global,1,5,31,6.2,0
positive,the members of the management team will contribute to the adjustment measures with temporary salary cut of 5,1,18,108,6.0,1
positive,the offer represents a premium of 24  over the stock s closing price on friday,1,15,78,5.2,2
neutral,the opening of the portal is part of the expansion strategy of alma media s marketplaces business unit,0,18,102,5.666666666666667,0
positive,the recovery of demand that started toward the end of 2009  continued in januarymarch 2010,1,15,90,6.0,8
positive,the sale of the healthcare trade business supports oriolakd s strategy to focus on pharmaceutical wholesale and retail businesses,1,19,129,6.7894736842105265,0
positive,the sale will lead to a pretax capital gain of eur 22 million for the finnish company in 2011,1,19,93,4.894736842105263,6
neutral,the segment has an annual revenue of approximately eur400m  the company said,0,12,76,6.333333333333333,3
positive,the soapstone deposits in the medvezhyegorsk area are expected to increase tulikivi s current reserves considerably,1,16,115,7.1875,0
neutral,the solvency capital ratio of both companies was 27 times the solvency limit,0,13,76,5.846153846153846,2
positive,then  it said the contract was estimated to contribute more than eur150m to its net sales in 2010,1,18,97,5.388888888888889,7
positive,these measures are expected to produce annual cost savings of eur 15 million starting in 2007,1,16,93,5.8125,6
positive,this will bring cost savings of about eur 3mn a year,1,11,52,4.7272727272727275,1
positive,through the acquisition solteq will expand its solutions offering by microsoft s dynamics business software products,1,16,116,7.25,0
neutral,under the agreement  japrotek will deliver nine storage tanks in the volume range of 1000 cu m to 3000 cu m with included agitators,0,24,131,5.458333333333333,8
positive,under the agreement  tietoenator will provide blyk with extended application and business process management services and an it infrastructure,1,19,142,7.473684210526316,0
neutral,under the agreement ponsse will provide forest machine maintenance services to stora enso s russian wood procurement operations,0,18,127,7.055555555555555,0
positive,under the contract cramo sverige and its subcontractor brinkab ab will provide all scaffolding installations at lkab s new pellets plant in kiruna in northern sweden,1,26,165,6.346153846153846,0
neutral,under the terms of this agreement lextel group has committed to an opening order of eur3 75 m for benefon mobile units to be cobranded with capitel for the china market,0,31,168,5.419354838709677,3
neutral,vacon s office will support its customers in brazil and south america,0,12,69,5.75,0
positive,we can capitalize on our experience from a number of similar bridge projects in the nordic countries,1,17,100,5.882352941176471,0
positive,via the move  the company aims annual savings of some eur3m  the main part of which are expected to be realized this year,1,23,121,5.260869565217392,1
neutral,with the second phase of the new innova building  tecnopolis presence in jyvaskyla will increase to a total of approximately 62000 floor square meters,0,24,150,6.25,5
positive,with this acquisition panostaja oyj further expands its business area specialising in digital printing,1,14,102,7.285714285714286,0
neutral,moody s said it gave p a1 longterm senior unsecured and p p1 shortterm debt ratings to finnish lender aktia bank s eur1bn usd1 4 bn euro mediumterm note emtn program of 25 march 2011,0,35,182,5.2,11
positive,brazilian nonprofit interbank camara interbancaria de pagamentos cip has acquired solutions from us business integration solutions provider sterling commerce  the latter company said in a statement,1,26,197,7.576923076923077,0
positive,leipurin is a growing and rapidly internationalizing group,1,8,58,7.25,0
positive,ntc has a geographical presence that complements ramirent s existing network and brings us closer to our customers in the east bohemia region in the czechrepublic,1,26,162,6.230769230769231,0
positive,several growth initiatives in the chosen geographic areas are already ongoing   it continued  noting lindex opened its first store in the czech republic this autumn in brno,1,27,172,6.37037037037037,0
positive,we have analyzed kaupthing bank sweden and found a business which fits well into alandsbanken   said alandsbanken s chief executive peter wiklof in a statement,1,25,159,6.36,0
positive,2010 16 july 2010  finnish steel maker rautaruukki oyj hel  rtrks  or ruukki  said today it turned to a net profit of eur20m in the second quarter of 2010 from a net loss of eur94m in the corresponding period last year,1,41,218,5.317073170731708,18
positive,28 october 2010  finnish wood products technology supplier raute oyj hel  rutav said today it swung to a net profit of eur3m for the first nine months of 2010 versus a net loss of eur5 2 m for the same period a year earlier,1,44,223,5.068181818181818,13
positive,3 february 2011  finnish broadband data communication systems provider teleste oyj hel  tlt1v said yesterday its net profit rocketed to eur4 8 m in 2010 from eur416 000 in 2009 and it lifted its dividend proposal,1,36,212,5.888888888888889,22
positive,4 february 2011  finnish broadband data communication systems provider teleste oyj hel  tlt1v said wednesday its net profit rocketed to eur4 8 m in 2010 from eur416 000 in 2009 and it lifted its dividend proposal,1,36,212,5.888888888888889,22
positive,agreement with shb 30 december 2009  finnish financial services group aktia hel  aktav has concluded a market making agreement with svenska handelsbanken sto  shb a  or shb  the two parties said today,1,32,200,6.25,6
positive,austin  texas  sept 6  texas department of transportation awards contract for teleste video compression and distribution equipment,1,17,130,7.647058823529412,1
positive,cargotec corporation  press release  august 26  2008 at 10 am finnish time cargotec s macgregor business area providing marine cargo handling and offshore load handling solutions has received significant offshore crane retrofit order,1,33,233,7.0606060606060606,8
positive,ceo of the company tarmo noop said the growth in the sale of premium beers was the biggest,1,18,90,5.0,0
positive,ebit totalled eur 144 mn  compared to a loss of eur 03 mn in the corresponding period in 2009,1,19,93,4.894736842105263,9
positive,finnish broadband data communication systems provider teleste oyj hel  tlt1v said yesterday it returned to a net profit of eur 27 million usd 38 m for the first nine months of 2010 versus a net loss of eur 579000 for the same period of 2009,1,45,240,5.333333333333333,19
neutral,finnish construction company lemminkainen oyj hel  lem1s said yesterday that it would build a plastic film extrusion plant for packaging materials supplier ab rani plast oy at lemminkainen s kaluga industrial park in russia,0,34,223,6.5588235294117645,1
positive,finnish consumer packaging manufacturer huhtamaki oyj said it swung to a net profit of 841 mln euro  1056 mln in the first nine months of 2006 from a net loss of 26 mln euro  33 mln in the same period of 2005,1,42,208,4.9523809523809526,19
positive,finnish dental care group oral hammaslaakarit oyj posted a total net profit of 849000 euro  11 mln in the first nine months of 2006 versus a net loss of 331000 euro  421000 in the same period of 2005,1,38,199,5.2368421052631575,28
positive,finnish it consultancy satama interactive oyj posted a net profit of 14 mln euro  20 mln for the first nine months of 2007  compared to a net loss of 462000 euro  664000 for the same period of 2006,1,38,197,5.184210526315789,24
positive,finnish pulp and paper machinery maker vaahto group oyj swung to a 11 mln euro  14 mln net profit in the fiscal 200506  ended august 31  2006  from a 249000 euro  319000 net loss in the fiscal 200405,1,38,199,5.2368421052631575,34
positive,finnish silicon wafers manufacturer okmetic oyj said it swung to a net profit of 49 mln euro  63 mln in the first nine months of 2006 from a net loss of 18 mln euro  23 mln a year earlier,1,39,187,4.794871794871795,12
neutral,glaston also has efficiency measures in all other units,0,9,55,6.111111111111111,0
positive,growth was strongest in fsecure s operator isps  mobile operators and cable operators business,1,14,94,6.714285714285714,0
positive,in the second quarter of 2010  the company s net profit was eur1 7 m compared to a net loss of eur1 3 m in apriljune 2009,1,27,121,4.481481481481482,12
positive,it therefore seems that finnish shipping company viking line will get the subsidy it needs to order its new lngfuelled vessel,1,21,125,5.9523809523809526,0
positive,jarmo honkamaa  head of the oil refining business at neste oil  says the situation looks promising from their viewpoint,1,19,119,6.2631578947368425,0
positive,adp news  feb 25  2009  finnish printed circuit board pcb maker aspocomp group oyj hel  acg1v said today it swung to a net profit of eur 300000 usd 385000 for 2008 versus a net loss of eur 653 million,1,39,200,5.128205128205129,26
positive,adp news  nov 6  2008  finnish retail software developer aldata solution oyj omx  ald1v said today that it swung to a net profit of eur 21 million usd 27 m for the first nine months of 2008 versus a net loss of eu,1,43,213,4.953488372093023,14
positive,mformation and nokia noted they have established interoperability agreements that cover commercially proven  standardsbased management of mobile devices  as well as mobile device security and mobile application management,1,28,221,7.892857142857143,0
positive,mn  and pretax profit to eur 464 mn from eur 358 mn in the third quarter of 2006,1,18,80,4.444444444444445,10
positive,net sales will  however  increase from 2005,1,7,43,6.142857142857143,4
neutral,nokia will deliver a wcdma 3ghspa radio network  including the modular  high capacity nokia flexi wcdma base station to indosat,0,20,127,6.35,1
positive,operating profit totaled eur 177 mn compared to eur 176 mn in the corresponding period in 2007,1,17,94,5.529411764705882,10
positive,order intake  on the other hand  is expected to be stronger than in 2007,1,14,72,5.142857142857143,4
positive,outokumpu of finland  stainless steel manufacturer  plans to enter into a supply agreement with the indian railways,1,17,115,6.764705882352941,0
positive,profit after taxes was eur 01 mn  compared to eur 04 mn the previous year,1,15,73,4.866666666666666,4
positive,profit for the period was eur 156 mn compared to eur 141 mn in 2007,1,15,67,4.466666666666667,10
positive,quarterly diluted eps on continuing operations came in at 021 eur  compared with last year s 012 eur,1,18,100,5.555555555555555,6
positive,rapala estimates its net sales for 2008 will increase by between 80 pct and 12 pct assuming 2007 exchange rates,1,20,111,5.55,12
positive,raute posted a net profit of 18 mln euro  26 mln for the third quarter of 2007  compared to a net loss of 299000 euro  430000 for the corresponding period of 2006,1,32,162,5.0625,24
positive,return on equity stood at 183  compared to 154  in the third quarter of 2005,1,15,76,5.066666666666666,10
positive,russian export duties will activate harvesting in finland  and sales in russia will increase also,1,15,97,6.466666666666667,0
positive,tectia corporation hel  tec1v  a provider of realtime security solutions  today announced that it has appointed lan2lan  a provider of it services in the uk  to distribute its data security and manage file transfer software,1,35,223,6.371428571428571,2
positive,the bristol port company has sealed a one million pound contract with cooper specialised handling to supply it with four 45tonne  customised reach stackers from konecranes,1,26,171,6.576923076923077,2
positive,the company expects net sales to significantly increase from 2009,1,10,65,6.5,4
positive,the company s net profit amounted to ee 555 mn  which was 36  more than in 2004,1,17,79,4.647058823529412,9
positive,the company said that it will supply the wcdma 3ghspa radio network  including the modular  high capacity nokia flexi wcdma base station in east java  bali  sumatra and batam,1,29,174,6.0,1
neutral,the contract traded at an alltime high of  50200 a ton on april 24,0,14,66,4.714285714285714,7
positive,the ebitda was eur116m compared to eur115m  corresponding to an ebitda margin of 33,1,14,83,5.928571428571429,8
positive,the fair value of investment properties totalled eur 22999 mn  compared to eur 22295 mn in the corresponding period in 2009,1,21,123,5.857142857142857,14
positive,the fund at fair value will increase correspondingly,1,8,52,6.5,0
neutral,the impact of this acquisition to teleste s net sales for 2010 is estimated to be approximately eur 2 million,0,20,109,5.45,5
neutral,the impact on tietoenator s net sales for 2008 from the purchase is expected to be some 11 mln euro  159 mln,0,22,108,4.909090909090909,9
positive,the optimization of the steel components heating process will reduce the energy consumption,1,13,91,7.0,0
positive,the proportion of estonian and lithuanian passengers on the tallinnhelsinki route also grew in july,1,15,99,6.6,0
neutral,these savings will have full impact as of the beginning of 2007,0,12,63,5.25,4
positive,this assignment strengthens poyry s position as an international provider of engineering and project services to the chemical process industry,1,20,142,7.1,0
positive,this new partnership agreement represents a significant milestone for both parties,1,11,82,7.454545454545454,0
positive,tiimari latvian representative ineta zaharova said that the company earned lvl 122000 in 2005 profit  which is 20 times more that in 2004,1,23,137,5.956521739130435,16
neutral,together  yahoo and nokia said they will continue to deliver internet experiences that address the core needs of consumers  developers  operators and advertisers,0,23,161,7.0,0
positive,via the agreement  ramirent will expand the range of equipment and services it delivers to destia  ramirent finland s managing director kari aulasmaa  said,1,24,155,6.458333333333333,0
positive,via the takeover  panostaja further expands its business area specialising in digital printing  which since previously consists of the subsidiaries kopijyva oy and sokonet oy,1,25,174,6.96,0
neutral,inge larsen cfo 29045 shares  representing 050  of the share capital,0,11,68,6.181818181818182,8
neutral,the forecast for 2012 is 33,0,6,27,4.5,6
neutral,the share capital of alma media corporation business id 19447574is eur 4503151380 and it is divided into 75052523 shares,0,19,120,6.315789473684211,26
neutral,the company is listed on the nordic exchange in helsinki,0,10,56,5.6,0
neutral,incap contract manufacturing will carry out the manufacturing for these agreements at its factory in tumkur  near bangalore,0,18,123,6.833333333333333,0
neutral,it will be operated by nokia  and supported by its nokia netact network and service management system,0,17,101,5.9411764705882355,0
neutral,28 january 2011  finnish technology center operator technopolis oyj hel  tps1vsaid today it will invest eur22 5 m in the construction of the second phase of an office facility in tampere,0,31,186,6.0,10
neutral,comptel corporation will publish its financial statements for 2008 on 12 february 2009,0,13,86,6.615384615384615,10
neutral,finnish lt recoil  a company specialising in used oil regeneration  is building a facility in hamina in finland in 2008,0,20,119,5.95,4
neutral,the shops are located in the capital region and the paijathame region,0,12,69,5.75,0
neutral,the carrier said its area travel agency is to sell most of its outlets to sister chain suomen matkatoimisto smtand use its remaining bricksandmortar presence to primarily target business customers going forward,0,32,210,6.5625,0
neutral,the annual net sales of the unit is some eur 5 million and it currently employs some 55 people,0,19,94,4.947368421052632,3
neutral,on the following workday customers can check from their home computers how their purchases are divided between different ingredient groups  how much energy various products contain and what is the nutritional content of all purchases,0,35,233,6.6571428571428575,0
neutral,name of company in which holdings have been acquired  citycon oyj 2,0,12,67,5.583333333333333,1
neutral,basware is headquartered in espoo  finland,0,6,42,7.0,0
neutral,the store is located in poznan in a shopping center named pestka  the company added,0,15,83,5.533333333333333,0
neutral,the other seats would go to edgar edmonds  an american with experience of the clothing and retail industry  and christian fischer  an austrian with experience in the winter sports goods business,0,31,194,6.258064516129032,0
neutral,according to the act  universities can now acquire private funding,0,10,66,6.6,0
neutral,following its strategy  tikkurila has established a fullyowned sales company too tikkurila in almaty  kazakhstan  for marketing decorative paints under the finnish tikkurila brand and the russian teks brand,0,29,206,7.103448275862069,0
negative,asian traffic declined by 34 per cent,-1,7,37,5.285714285714286,2
neutral,ahlstrom s 5700 employees serve customers via sales offices and production facilities in more than 20 countries on six continents,0,20,129,6.45,6
neutral,raute  headquartered in nastola  finland  is a technology company serving the wood products industry worldwide,0,15,110,7.333333333333333,0
positive,consumer products manufacturer fiskars corp will open a distribution and warehouse center in southaven  creating 100 jobs,1,17,121,7.117647058823529,3
neutral,according to latest information  benefon will launch its twig device on 20 september 2006,0,14,89,6.357142857142857,6
neutral,atria will also buy the shares of kauhajoen teurastamokiinteistot oy kauhajoki slaughterhouse propertyfrom itikka cooperative,0,15,125,8.333333333333334,0
neutral,the joint venture will invest about eur 500000 in production technology straight away,0,13,85,6.538461538461538,6
neutral,he will report to capman plc s ceo heikki westerlund,0,10,52,5.2,0
neutral,the price will be specified at the completion date,0,9,50,5.555555555555555,0
neutral,a total of  78 million will be invested in the project,0,11,54,4.909090909090909,2
neutral,finnish it consultancy satama interactive oyj said on november 13  2006 that jarmo lonnfors took up the position of ceo,0,20,119,5.95,6
neutral,h1 08 h1 07 q2 08 q2 07 in mln euro  unless otherwise stated net sales 386 3286 201 1607 operating profit 463 358 232 95 pretax profit 336 269 187 51 net profit 251 254 14 40 eps in euro 220 236 124 038 10 euro   160 wwwcomponentacom,0,49,233,4.755102040816326,75
neutral,nordea s definitely too big for sampo to acquire   said an analyst  but sampo would appear to have an agenda for nordea ahead of the privatisation,0,26,146,5.615384615384615,0
neutral,fixed mobile convergence solutions represent a key value proposition in today s communication market,0,14,100,7.142857142857143,0
neutral,there is no room to modify the share component as we have already indicated,0,14,75,5.357142857142857,0
neutral,we could be there,0,4,17,4.25,0
positive,we were the lowest bidders and now the final approval is awaited,1,12,64,5.333333333333333,0
neutral,1 pm central office of nordea bank 19 3ya ulitsa yamskogo polya  building 1 telephone  495 7773477 ext 3932  3931 03022011 unimilk  egm 0304 022011 xvi international businesssummit food business russia 2011 will take place,0,35,222,6.3428571428571425,45
neutral,128538 shares can still be subscribed for with series e share options  max,0,13,74,5.6923076923076925,6
neutral,15 november 2010  finnish energy company fortum oyj hel  fum1v said today it and partners started negotiations to establish a new operating model for energy supply in the turku region of western finland,0,33,202,6.121212121212121,7
neutral,561470 new shares under 2003 option rights plan packaging company huhtamaki oyj reported on monday that a total of 561470 new shares of the company have been issued based on share subscriptions under its 2003 option rights plan,0,38,227,5.973684210526316,20
neutral,a meeting for the media and analysts will be held on the same day at 1030 am at stonesoft headquarters in helsinki  italahdenkatu 22 a the interim report will be presented by stonesoft s ceo ilkka hiidenheimo,0,37,208,5.621621621621622,6
neutral,a meeting of glisten shareholders to vote on the bid will be held on 12 march,0,16,77,4.8125,2
neutral,a replay will be available until 27 october 2006 in the following numbers  us callers  1 6178016888  nonus callers  44 20 7365 8427  access code  2659 5401,0,27,155,5.7407407407407405,37
neutral,a spokesman said   the food store center  subject to council and local support  could comprise a supermarket or smaller store and other niche outlets  and this will be firmed up following consultation with the council and local community regarding appropriate uses and occupiers,0,43,278,6.465116279069767,0
neutral,a total of 185 wonderware certified sis are available to integrate and support wonderware products such as intouch  hmi software  industrialsql server historian  wonderware information server  dt analyst software or qi analyst spc software,0,34,239,7.029411764705882,3
neutral,a le coq had a market share of 413 percent and rival beverage group saku 321 percent,0,17,84,4.9411764705882355,6
neutral,about 36  of this came from aspo chemicals  39  from aspo shipping and 25  from aspo systems,0,17,92,5.411764705882353,6
neutral,about 72  of evraz group shares are owned by lanebrook  whose beneficiaries  on the one hand  are millhouse  the holding company for the assets of billionaire roman abramovich and his business partners 50   and evraz executives alexander abramov and alexander frolov 50   on the other,0,45,284,6.311111111111111,6
neutral,absolut bank is exploring the possibility of further borrowing,0,9,62,6.888888888888889,0
neutral,aker yards finland will begin using chinese subcontractors at its finnish shipyards,0,12,83,6.916666666666667,0
positive,finnish food industry companies hk ruokatalo and atria will form a joint venture company called lnsikalkkuna to produce turkey meat,1,20,131,6.55,0
neutral,finnish food industry company lnnen tehtaat is planning changes to its fish product business,0,14,92,6.571428571428571,0
negative,finnish plumbing and heating systems supplier uponor is temporarily laying off its whole workforce in finland for two weeks as of midjuly 2009,-1,23,142,6.173913043478261,4
neutral,finnish property investment company citycon plans to issue directed subordinated convertible bonds to institutional investors,0,15,125,8.333333333333334,0
neutral,in finland  hamina cargo terminal  of finnish nurminen logistics  has purchased a warehouse with ground lease rights in the port of hamina,0,22,138,6.2727272727272725,0
negative,in finland  metal sector company componenta is laying off temporarily the staff of its pori mill from christmas 2008 till 6 january 2009,-1,23,136,5.913043478260869,9
neutral,member of the hk ruokatalo group in finland  scan  is launching a joint venture slaughterhouse with team ugglarp in skne  southern sweden,0,22,137,6.2272727272727275,0
neutral,the largest construction company in finland  yit corporation  is to acquire 70  of the shares in the slovak construction company reding bratislava,0,22,146,6.636363636363637,2
negative,according to aktia asset management  finnish analysts  forecasts for 2009 are still too high,-1,14,92,6.571428571428571,4
neutral,according to business media reports  usmanov planned to transfer his megafon stake to the statecontrolled svyazinvest  in exchange for a stake in the merged rostelecom,0,25,167,6.68,0
neutral,according to ceo hannu syrjnen  a new common name and visual identity is required as the group has grown and internationalised,0,21,126,6.0,0
neutral,according to gallup food and farm facts  beef consumption totaled 99mn kilos in finland in 2007,0,16,95,5.9375,6
neutral,according to him  construction work will start in spring 2007  and the facility is to be commissioned in spring 2008,0,20,116,5.8,8
neutral,according to soosalu  particular attention was paid to residents privacy and security in the design of the aleksandri street building,0,20,133,6.65,0
neutral,according to statistics by the finnish maritime administration  shipping did not increase much in januaryaugust 2009  however,0,17,125,7.352941176470588,4
neutral,according to the company  a decision in the issue will be made in the summer of 2010  at the earliest  and in the summer of 2011  at the latest,0,29,143,4.931034482758621,8
neutral,according to the company  the layoffs will be temporary,0,9,55,6.111111111111111,0
neutral,according to the finnishrussian chamber of commerce  all the major construction companies of finland are operating in russia,0,18,124,6.888888888888889,0
neutral,according to the notification  the holdings of ameriprice inc and its group companies are now in total 808973 shares  which represent 3582  of tekla  s shares and voting rights,0,29,176,6.068965517241379,10
neutral,according to the report  elisa s and dna s joint market share of finland s telecom market is 59,0,19,95,5.0,2
neutral,after that the two companies sat down and sewed up the present deal,0,13,67,5.153846153846154,0
neutral,after the sale  savcor group ltd will comprise savcor art  a corporate function and an investment in cencorp corporation,0,19,120,6.315789473684211,0
neutral,ahlstrom s 5800 employees serve customers via sales offices and production facilities in more than 20 countries on six continents,0,20,129,6.45,6
neutral,ahlstrom s share is quoted on the nasdaq omx helsinki,0,10,53,5.3,0
neutral,ahlstrom s share is quoted on the nasdaq omx helsinki,0,10,53,5.3,0
neutral,airbus will attempt to evacuate up to 873 people within 90 seconds,0,12,66,5.5,5
neutral,alexandria  va  june 7  michael g williams of newbury park  calif  has developed a network device,0,16,97,6.0625,1
neutral,all rights reserved,0,3,19,6.333333333333333,0
neutral,all yit capital markets day materials will be available on the company s internet site at wwwyitgroupcominvestors at 1030 on september 26,0,22,137,6.2272727272727275,6
neutral,alma media holds 70  of this company  the remaining shares being owned by the company s key employees,0,18,101,5.611111111111111,2
neutral,almost the entire office building will be occupied by metso,0,10,59,5.9,0
neutral,also  westpac is to issue a benchmark  18 month frn deal in euros,0,13,65,5.0,2
neutral,also the development of online businesses will continue,0,8,55,6.875,0
neutral,altimo previously agreed a similar deal with telenor to merge their stakes in vimpelcom and kyivstargsm,0,16,103,6.4375,0
neutral,as a part of the agreement 10 employees from the john deere forestry documentation functions will transfer to dokumentori oy,0,20,124,6.2,2
neutral,as a result  a total of 82 employees would be given notice,0,12,58,4.833333333333333,2
neutral,as a result of the transaction  sanoma budapest has acquired a stake in the online store egeszsegbolt,0,17,101,5.9411764705882355,0
neutral,as an alternative to the share exchange  panostaja offers a full cash consideration at the value of 127 euro  17 per share,0,22,122,5.545454545454546,5
negative,as part of the reorganisation measures that will take place in spring 2006  tamglass finton will start personnel negotiations that will affect its entire staff of 33,-1,27,165,6.111111111111111,6
neutral,as reported june 26   both circuits continued to alternately report the track as vacant and then occupied almost constantly from june 17  when part of the track signaling device was replaced  to the time of the crash  according to the metro source,0,42,247,5.880952380952381,4
neutral,at 1058 am  outokumpu declined 274 pct to 2487 eur  while the omx helsinki 25 was 055 pct higher at 282514 and the omx helsinki added 064 pct to 938689,0,30,151,5.033333333333333,31
neutral,at 900 eet alma media s annual report for 2009 is scheduled to be published in calendar week 9,0,19,94,4.947368421052632,8
neutral,at endaugust  sampo was nordea s biggest shareholder with a 206  stake  followed by the state with 199,0,18,102,5.666666666666667,6
neutral,at first  solteq s services to companies operating in the st petersburg area will include maintenance and material management systems and data collection solutions,0,24,163,6.791666666666667,0
neutral,autotank group is part of aspo s systems division,0,9,49,5.444444444444445,0
neutral,basware einvoices oy will be merged into the parent company during the present fiscal period,0,15,92,6.133333333333334,0
neutral,because the application can be considered as a hacking application  it is classified by fsecure as riskware,0,17,107,6.294117647058823,0
neutral,before fki  john jiang has worked in several general manager or senior business consultant positions for international companies in china,0,20,137,6.85,0
negative,benefon s target is to lay off temporarily of permanently up to 20  of the salo plant s staff,-1,19,93,4.894736842105263,2
neutral,besides  pitprodukt will enter the new segments,0,7,47,6.714285714285714,0
neutral,bids or offers include at least 1000 shares and the value of the shares must correspond to at least eur4 000,0,21,108,5.142857142857143,8
neutral,capman made its initial investment in onemed in june 2006,0,10,57,5.7,4
neutral,capman said the deal s effect on its cash flow for 2009 totals eur3 4 m  but the transaction would not affect its financial results for 2009 as it was executed at fair value,0,34,173,5.088235294117647,10
neutral,catalysts segment includes refinery catalysts and polyolefin catalysts product categories,0,10,89,8.9,0
neutral,componenta is a metal sector company with international operations and production plants located in finland  the netherlands  sweden and turkey,0,20,143,7.15,0
neutral,comptel corporation sami ervio president and ceo  distribution  nasdaq omx helsinki major media comptel dynamic oss solutions enable telecom service providers to deliver services flexibly and charge them effectively,0,29,215,7.413793103448276,0
neutral,consisting of seven interconnected units  mega image s logistics center will be 347 metres in length and 12 metres in height,0,21,124,5.904761904761905,5
neutral,construction work on the helsinki music centre is to start this autumn  with the total cost of the project estimated at 140 million euros,0,24,137,5.708333333333333,3
neutral,copyright afx news and afx financial news logo are registered trademarks of afx news limited,0,15,92,6.133333333333334,0
neutral,cramo  headquartered in vantaa  finland  rents construction machinery and equipment  as well as rents and sells modular space,0,18,125,6.944444444444445,0
neutral,currency conversions are based on exchange rates at the time of the deal,0,13,72,5.538461538461538,0
neutral,currently the terminator lures are produced in a subcontract facility in mexico but the manufacturing will be transferred to rapala s factory in shenzhen  china,0,25,160,6.4,0
neutral,destia oy is a finnish infrastructure and construction service company building  maintaining and designing traffic routes  industrial and traffic environments  but also complete living environments,0,25,197,7.88,0
neutral,digia will also set up two subsidiaries  digia norway as and digia usa inc,0,14,74,5.285714285714286,0
neutral,dutch publisher de vijver said today it has agreed to buy a 49  stake in belgian weekly magazine humo from finnish media company sanoma hel  saa1v,0,26,146,5.615384615384615,3
neutral,each share is entitled to one vote,0,7,34,4.857142857142857,0
neutral,each year the dividend is deducted from the subscription price,0,10,62,6.2,0
neutral,earnings per share eps amounted to eur0 01,0,8,42,5.25,3
neutral,earnings per share were eur 004 006,0,7,35,5.0,6
neutral,elcoteq has a global network of after market service sites which have a long experience in serving consumer electronics and systems solutions customers,0,23,151,6.565217391304348,0
neutral,elcoteq se is listed on the nasdaq omx helsinki ltd,0,10,51,5.1,0
neutral,electronic versions require 2448 hours as each copy is customized to the client with digital controls and custom watermarks,0,19,123,6.473684210526316,4
neutral,elisa corporation will disclose its financial statements for 2006 on thursday  8 february 2007,0,14,94,6.714285714285714,9
neutral,empresa de desarrollo urbano de quito  innovaruio  ecuador has commissioned poyry to prepare a feasibility study for a new urban rapid mass transit system,0,24,154,6.416666666666667,0
neutral,erkki jarvinen  president of rautakirja and the head of the sanoma trade division  will leave his current tasks in spring 2009 for a similar position outside the sanoma group,0,29,174,6.0,4
neutral,ethanol would be made from barley  and production could start in 2008,0,12,69,5.75,4
neutral,exel composites in brief exel composites is a technology company which designs  manufactures and markets composite profiles and tubes for industrial applications,0,22,161,7.318181818181818,0
neutral,exel is headquartered in mantyharju in finland,0,7,46,6.571428571428571,0
neutral,facades in riga 8 march 2010  finnish construction company yit oyj hel  yty1v said today that it will build the frame and the facades in a tower construction project in riga,0,31,173,5.580645161290323,6
neutral,fancy dans on the move fab glasgow gift and interiors store fancy dans is moving,0,15,80,5.333333333333333,0
neutral,financial statements include the consolidated financial statements of the group  the board of directors  report  the auditors  report and the corporate governance statement,0,23,172,7.478260869565218,0
neutral,financialwire tm is not a press release service  and receives no compensation for its news  opinions or distributions,0,18,117,6.5,0
positive,finnair expands  finnair plans to add more flights on routes to hong kong  india and russia,1,16,91,5.6875,0
neutral,finnish bank of land will launch its longterm pension savings account at the beginning of june 2010,0,17,99,5.823529411764706,4
positive,finnish food company raisio oyj hel  raivv said today it will buy british snacks and confectionery company big bear group plc for an enterprise value of eur 953 million usd 1299 m,1,32,179,5.59375,7
neutral,finnish industrial group ruukki group plc omx helsinki  rug1v said on friday 14 november that its furniture business segment incap furniture has concluded personnel negotiations that were started at the end of september,0,33,219,6.636363636363637,3
neutral,finnish metal components supplier componenta on december 26  2006 applied for approval with the turkish capital markets board to launch a mandatory offer for the remaining shares in iron and aluminium castings producer doktas dokumculuk,0,35,236,6.742857142857143,6
neutral,finnish samporosenlew manufactures approximately seven forest machines monthly  and about half of machines are exported,0,15,119,7.933333333333334,0
neutral,finnlines has six ships under construction in china with deliveries scheduled between the first quarter of 2011 and the final quarter of 2012,0,23,141,6.130434782608695,8
neutral,finnlines will announce in week 17 of 2006 what measures it will take to tackle the situation,0,17,93,5.470588235294118,6
positive,firm 28 october 2009  finnish lifting equipment maker konecranes oyj hel  kcr1v said today it acquired us machine tool solutions unlimited in cincinnati  ohio  for an undisclosed sum,1,28,182,6.5,7
neutral,following the issue  the new shares will constitute 10 percent of the firm s capital,0,15,84,5.6,2
neutral,for the purposes of the possible acquisition  pkc would establish a subsidiary in poland,0,14,88,6.285714285714286,0
neutral,founded in 1923  finnair is one of the world s oldest airlines and flies to 60 destinations with a fleet of 63 aircraft  employing 9500 people,0,26,142,5.461538461538462,12
neutral,geosentric is acquiring extra financing by issuing a maximum of 220000 new shares and a convertible bond with subscription rights for 880000 shares  which have been fully subscribed,0,28,181,6.464285714285714,12
neutral,glaston s share gla1v is listed on the nasdaq omx helsinki  mid cap list,0,14,72,5.142857142857143,1
neutral,grounds for the notification  tiimari plc 12302010 issued capital convertible loan allocation decision by the board on 01312011,0,18,127,7.055555555555555,16
positive,growth is expected to continue in 2008,1,7,38,5.428571428571429,4
neutral,gypsii service supports ten different languages including korean and russian,0,10,76,7.6,0
neutral,he confirmed his view on july 6,0,7,31,4.428571428571429,1
neutral,he is a member of the board of numerous companies and a shareholder of the boardman ltd board specialist network,0,20,112,5.6,0
neutral,helsinki afx  cargotec said it has bought a 95 pct stake in indital construction machinery ltd  a bangalorebased company that makes fork lift trucks and mobile cranes  for an undisclosed sum,0,31,190,6.129032258064516,2
neutral,helsinki afx  cramo said it has agreed to sell cramo nederland bv cnl  its dutch machinery and equipment rental unit  to jaston groep for an undisclosed sum,0,27,156,5.777777777777778,0
neutral,helsinkibased componenta bought turkish listed company doktas in october 2006 for 89 million euros  making it the largest finnish investment in turkey to date,0,24,158,6.583333333333333,6
neutral,however  the offering will probably not be made at the current valuation  which partly derives from the deal in which the company was merged into a stock market shell,0,29,166,5.724137931034483,0
neutral,huhtamaki oyj stock exchange release  1692008 at 1332 huhtamaki s capital markets day for institutional investors and analysts is held in espoo  september 16  2008 starting at 1330 pm finnish time,0,31,196,6.32258064516129,21
neutral,i can say categorically  no   wahlroos was quoted as saying by the paper  when asked about sampo s interest in making a bid for rsa,0,25,131,5.24,0
neutral,if honkarakenne starts production there  it will need a partner for sawmill operations,0,13,86,6.615384615384615,0
neutral,in addition  nine fixedterm employment contracts will not be extended and two people will leave the company under pension arrangements,0,20,134,6.7,0
neutral,in addition  the existing service counter area in the reception hall will be rebuilt and access provided to local rail connections,0,21,130,6.190476190476191,0
neutral,in addition a reduction of nine persons will be made through pension or other arrangements  the company added,0,18,109,6.055555555555555,0
neutral,in addition to the tulikivi corporation  he is also currently a member of the board of the following companies  altia corporation  jrvisuomen portti osuuskunta  osuuskunta kpy  profile vehicles oy and voimatel oy,0,32,212,6.625,0
neutral,in future  the plant will focus on the production of flange profiles for wind farm towers,0,16,89,5.5625,0
neutral,in return the new yorkbased private equity firm will receive a 51  stake in the latvian it and telecom group,0,20,108,5.4,2
neutral,in the baltic countries  atria s target is organic growth,0,10,57,5.7,0
neutral,incap corporation stock exchange announcement 29 april 2010 at 1 pm invitation to a news conference on incap s interim report q12010 incap will publish its interim report for januarymarch 2010 on wednesday  5 may 2010,0,36,217,6.027777777777778,21
neutral,india is high on our priority since business links between our two countries is also expanding   tornstrom said,0,18,111,6.166666666666667,0
neutral,ionphase s second major owner is venture capital firm aura capital,0,11,66,6.0,0
neutral,iso omena is based in the matinkyla district of the southern part of the city of espoo  southern finland,0,19,104,5.473684210526316,0
neutral,it moved into the no 2 spot in 2000 when it merged steel operations with avesta sheffield to form avestapolarit,0,20,111,5.55,5
neutral,itg s share in the deal is estimated at some 500000 euro  627000,0,13,64,4.923076923076923,12
neutral,its customers include local companies slo oy  kiilto oy  toptronics oy  normark suomi oy  pellonpaja oy and mansner oy,0,19,118,6.2105263157894735,0
positive,ixonos estimates that it will hire 20 specialists in mechanical engineering  electronics design  and rd for its new unit in jyvaeskylae by the end of 2009,1,26,154,5.923076923076923,6
neutral,jensen  njastein and mike critch  the head of dovre north america business unit  will report to toivola,0,17,103,6.0588235294117645,0
neutral,jukka hienonen  the current finnair ceo  will step down at the end of january 2010,0,15,82,5.466666666666667,4
neutral,kemira  headquartered in helsinki  finland  is an international chemicals group comprising the business areas kemira pulp  paper  kemira water  kemira specialty and kemira coatings,0,24,180,7.5,0
neutral,kemira s partner in the project is st petersburg water works,0,11,60,5.454545454545454,0
neutral,kershaw takes up the position with immediate effect from her previous role as marketing manager of sankey home  garden products,0,20,127,6.35,0
neutral,kone is listed on the nordic exchange in helsinki,0,9,49,5.444444444444445,0
neutral,lt is operative in finland  sweden  latvia  russia and norway,0,10,61,6.1,0
neutral,last week  however  nokia announced that it will pursue a longterm relationship with microsoft  and make the windows phone 7 operating system the foundation for nokia mobile phones,0,28,180,6.428571428571429,1
neutral,latvia s stockmann shopping mall is a subsidiary of finland s stockmann plc,0,13,75,5.769230769230769,0
neutral,leed is an internationally recognized green building certification system  developed by the us green building council,0,16,117,7.3125,0
neutral,london afx  fortum said it has agreed to sell its industrial maintenance service operations to funds managed by capman for an undisclosed sum,0,23,141,6.130434782608695,0
neutral,china unicom  nyse  chu  hkse  0762  and shse  600050  the second largest mobile carrier in the country,0,17,103,6.0588235294117645,10
neutral,maximum amount of terminations in finland is 40 employees  the company added,0,12,76,6.333333333333333,2
neutral,measures will be launched immediately and are due to be finalized in the first quarter of 2010,0,17,94,5.529411764705882,4
neutral,metsabotnia will finance the payment of dividends  the repayment of capital and the repurchase of its own shares with the funds deriving from its divestment of the uruguay operations  and shares in pohjolan voima  and by utilising its existing financing facilities,0,41,264,6.439024390243903,0
neutral,metso s delivery will include a complete coated board line with related air systems and two winders,0,17,99,5.823529411764706,0
neutral,mobile data transfer is expected to increase explosively in the lte era,0,12,71,5.916666666666667,0
neutral,most of the dividend will go to the grimaldi family,0,10,51,5.1,0
neutral,mr bakman sees also expansion options on the tallinnhelisnki link  claiming however  that operating the link with only a single ship is not enough,0,24,146,6.083333333333333,0
positive,mreal corporation press release on 3 november at 1035 am mreal corporation was the second best company in the materials sector including eg forest industry companies in the carbon disclosure leadership index cdli  nordic report 2009,1,36,232,6.444444444444445,9
neutral,mreal said there are  no grounds  for the rumors  which  have been circulating in the market for some months,0,19,108,5.684210526315789,0
neutral,nastola  axe 14 jobs 16 february 2010  finnish wood products technology firm raute oyj hel  rutav said today that it will transfer to nastola  southern finland  the production of its jyvaskyla plant  which will affect 14 people,0,37,227,6.135135135135135,10
neutral,neste shipping is the most likely to remain finnish as the oil sector and its transports are significant for emergency supply,0,21,125,5.9523809523809526,0
neutral,net investment income,0,3,21,7.0,0
neutral,no compensation for its news  opinions or distributions,0,8,55,6.875,0
neutral,no financial details were available,0,5,35,7.0,0
neutral,no financial details were disclosed,0,5,35,7.0,0
neutral,no financial details were provided,0,5,34,6.8,0
neutral,no financial details were reported,0,5,34,6.8,0
neutral,no more wasteburning facilities should be built,0,7,47,6.714285714285714,0
neutral,no price was given for the transaction  which merges two london companies that have worked together on a number of projects including delivery of timetables for britain s national express east coast rail networks,0,34,212,6.235294117647059,0
neutral,no pricing details were disclosed,0,5,33,6.6,0
neutral,nokia said it still expects to sell 150 more million symbian devices in years to come  giving an indication of how it expects the phone 7 handoff to work,0,29,153,5.275862068965517,4
neutral,nordea bank estonia is part of the largest financial group in the nordic countries,0,14,82,5.857142857142857,0
neutral,of the company s net sales  38  was acquired in finland  21  in other european countries  40  in asia  and 1  in the us,0,24,119,4.958333333333333,7
neutral,officials did not disclose the contract value,0,7,45,6.428571428571429,0
neutral,on dec 1  grimaldi acquired 15 million shares and a 501percent stake in finnlines,0,14,81,5.785714285714286,6
neutral,only lnnen tehtaat showed a loss  but it has only recently started streamlining measures,0,14,88,6.285714285714286,0
negative,operating cash flow after investments totalled eur 613 mn compared to eur 753 mn in the corresponding period in 2007,-1,20,116,5.8,10
positive,oriolakd expects its invoicing in 2008 to be higher than the comparable invoicing of 2007,1,15,89,5.933333333333334,8
neutral,otherwise the situation is under control,0,6,40,6.666666666666667,0
neutral,our customers come from the following countries  uk  usa  spain  france  italy  germany  china  hong kong  sweden  norway  netherlands  austria  belgium  switzerland  czech republic  finland  canada  russia  ukraine  denmark  ireland  south korea and liechtenstein,0,34,264,7.764705882352941,0
neutral,our customers come from the following countries  uk  usa  spain  france  italy  germany  china  sweden  norway  netherlands  austria  belgium  switzerland  czech republic  serbia  finland  canada  russia  ukraine  portugal  denmark  ireland  south korea  estonia and liechtenstein,0,35,280,8.0,0
neutral,our indepth expertise extends to the fields of energy  industry  urban  mobility and water  environment,0,15,103,6.866666666666666,0
neutral,particular attention is being paid to energy efficiency in the construction of the building  as it is designed to meet the requirements of energy class b  and leed certification will be applied for,0,33,197,5.96969696969697,0
neutral,paychex has more than 100 offices serving approximately 554000 payroll clients nationwide as of may 31  2009,0,17,108,6.352941176470588,15
neutral,payment of shares shall be effected on subscription,0,8,51,6.375,0
neutral,pcs digital guatemala has been using tecnomen s prepaid system in telgua fixed networks as well as code division multiple access  or cdma  and global system for mobile communication  or gsm  since 2003,0,33,201,6.090909090909091,4
neutral,poyry is a global consulting and engineering firm focusing on the energy  forest industry and infrastructure  environment sectors,0,18,129,7.166666666666667,0
neutral,poyry is a global expert in consulting and engineering,0,9,54,6.0,0
neutral,poyry plc additional information by  heikki malinen  president and ceo  poyry plc tel 358 10 33 21307 poyry is a global expert in consulting and engineering,0,26,156,6.0,12
neutral,price talk is in the euribor plus 2 bps area and the sole lead is citigroup,0,16,75,4.6875,1
neutral,product deliveries will not be interrupted  the refiner said  giving no financial details,0,13,89,6.846153846153846,0
neutral,production is scheduled to start by the end of april 2007,0,11,57,5.181818181818182,4
neutral,protalix has  42 million in cash and no sales,0,9,45,5.0,2
neutral,public services will also be available,0,6,38,6.333333333333333,0
neutral,published by globes online  israel business news  wwwglobesonlinecom  on november 16  2009  copyright of globes publisher itonut 1983 ltd 2009,0,20,142,7.1,14
neutral,ramirent finland is the domestic unit of machinery rental company ramirent oyj hel  rmr1v,0,14,89,6.357142857142857,1
neutral,raute is listed on the nordic exchange in helsinki,0,9,50,5.555555555555555,0
neutral,registration is required,0,3,24,8.0,0
neutral,related links  flexiblebaseloadoperation thewartsila32generating set gasconversions this is the shorter of two versions of this press release,0,17,141,8.294117647058824,2
neutral,rosendal at outoteccom eila paatela  vice president  corporate communications tel 358 20 529 2004  358 400 817198 email eila,0,19,124,6.526315789473684,24
neutral,runway visual range is a calculated assessment of the distance that a pilot can see down a runway,0,18,97,5.388888888888889,0
neutral,salcomp s charger manufacturing plant in india is located in the nokia telecom park in the state of tamil nadu  in the eastern part of india,0,26,140,5.384615384615385,0
neutral,saunalahti is a part of the elisa group,0,8,39,4.875,0
neutral,says brian burton  head of it security  vodafone uk,0,9,51,5.666666666666667,0
neutral,seller is the finnish elcoteq group  the largest european electronics manufacturing services company,0,13,100,7.6923076923076925,0
neutral,solteq plc announcement 16122010 share repurchase 16122010 in the helsinki stock exchange solteq plc now holds a total of 486969 shares including the shares repurchased on 16122010,0,27,180,6.666666666666667,30
neutral,some of the most recent technology deliveries include refinery technology to anrak aluminium  an iron ore pelletizing plant to tata steel and iron ore sintering plants to bhushan steel,0,29,184,6.344827586206897,0
neutral,sponda plc s annual general meeting decided on 23 march 2005 to establish a shareholders  nomination committee to prepare proposals for the annual general meeting in 2006 on the composition of the board of directors and their remuneration,0,38,238,6.2631578947368425,10
neutral,srv will also build an aqua park with wellness area  a restaurant and a multifunctional ice arena,0,17,97,5.705882352941177,0
neutral,ssh communications security corporation is headquartered in helsinki  finland,0,9,77,8.555555555555555,0
neutral,ssh communications security corporation is headquartered in helsinki  finland,0,9,77,8.555555555555555,0
neutral,ssh establishes new global sales and marketing group to be led by george adams  adams establishes global sales and marketing group to drive worldwide programs supporting ssh tectia enterprise security solutions,0,31,210,6.774193548387097,0
neutral,status  agreed,0,2,14,7.0,0
neutral,steek  which was set up in 2002  is based in bordeaux  southwestern france,0,13,74,5.6923076923076925,4
neutral,stockmann plc company announcement february 20  2007  at 1340 an annual summary of stockmann s stock exchange and financial press releases in 2006 is available on the company s website at the address wwwstockmanncom,0,34,215,6.323529411764706,14
neutral,stora enso  a global paper  packaging and wood products company  and neste oil  a finnish company engaged in the refining and marketing of oil  have inaugurated the demonstration plant at varkaus  finland for biomass to liquids production utilizing forestry residues,0,40,266,6.65,0
neutral,stuk today is a full service house expert in radiation and nuclear safety issues,0,14,80,5.714285714285714,0
neutral,sullivan said some of the boards  really involve a lot of work  and people should get paid for their time,0,20,105,5.25,0
neutral,suomen paikallissanomat oy is part of alma media group and it currently publishes 15 local newspapers across finland,0,18,116,6.444444444444445,2
neutral,talvivaara is listed on the london stock exchange main market and nasdaq omx helsinki and is included in the ftse 250 index,0,22,123,5.590909090909091,3
neutral,tecnotree s convergent charging solution includes functionality for prepaid and postpaid billing  charging and rating of voice calls  video calls and raw data traffic for both mobile and fixed networks,0,30,201,6.7,0
neutral,telecom has a foreign investment limit of 74   but it appears that mobile vas does not  which means that tecnomen can pick up as much as 966,0,27,140,5.185185185185185,5
neutral,teleste bk optiflex amplifier products will be used in ongoing capacity upgrade of kdg s network to bidirectionality,0,18,116,6.444444444444445,0
neutral,teleste has some 30 offices worldwide and is listed on the nordic exchange in helsinki,0,15,86,5.733333333333333,2
neutral,teleste was set up in 1954 and is divided into broadband cable networks and video networks business areas,0,18,105,5.833333333333333,4
neutral,the 2500passenger ferry will have dimensions of 185 m length overall  170 m length between perpendiculars  2770 m breadth and 655 m design draught,0,24,146,6.083333333333333,17
neutral,the acquisition does not have to be from the frozen foods or fish sector  as long as it has synergies with lnnen tehtaat s other businesses,0,26,139,5.346153846153846,0
neutral,the acquisition price was not disclosed,0,6,39,6.5,0
neutral,the aforementioned shareholders have informed that they will propose to the annual general meeting that the number of members of the board of directors shall be five and that besides the present members of the board of directors also mr lassi noponen shall be elected to the board of directors,0,50,293,5.86,0
neutral,the aim of the ceo s qa sessions is to give further clarity on information  which has been made public already earlier,0,22,118,5.363636363636363,0
neutral,the board of directors was authorized to decide on other terms of the share issue,0,15,81,5.4,0
neutral,the bridge will be 12 km long and is located between anasmotet by the road e20 and the new traffic junction in marieholm by the road e45,0,27,136,5.037037037037037,6
neutral,the buildings  with about 40 condominiums each  will be built in 4 or 5 stages,0,15,78,5.2,4
neutral,the business area has operations in finland  sweden  denmark  estonia  latvia and lithuania,0,13,91,7.0,0
neutral,the buyer is real estate owner propertos oy  but the companies have agreed not to disclose financial details of the deal,0,21,120,5.714285714285714,0
neutral,the capital structure of solidium may be complemented by other financial instruments in the future,0,15,98,6.533333333333333,0
neutral,the category was marked by maturity and the recession,0,9,53,5.888888888888889,0
neutral,the chain is to unite 4550 centres by the end of 2008,0,12,53,4.416666666666667,8
neutral,the company has some 410 employees and an annual turnover of eur65 4 m vaahto group is listed on the nordic exchange in helsinki,0,24,128,5.333333333333333,6
neutral,the company is also seeking possibilities to relocate the luumaki personnel  some 50 people  to other upm mills,0,18,111,6.166666666666667,2
neutral,the company offers payroll services  including payroll processing  payroll tax administration  and employee pay services  including direct deposit  check signing  and readychex,0,22,176,8.0,0
neutral,the company operates its business through two reportable segments  including banking and investment services  and nonlife insurance,0,17,131,7.705882352941177,0
neutral,the company s board of directors has proposed a dividend of eur0 12 per share for 2006,0,17,86,5.0588235294117645,7
neutral,the company s board of directors will propose a dividend of eur 014 for 2008 at the annual general meeting,0,20,106,5.3,7
neutral,the company s plant in russia will continue to make tyres for its near markets  while the plant in nokia in finland will manufacture tyres for other markets,0,28,156,5.571428571428571,0
neutral,the company s share is listed in the mid cap segment of the nasdaq omx helsinki,0,16,79,4.9375,0
neutral,the company s share is quoted on nasdaq omx helsinki rautaruukki oyj  rtrks,0,13,75,5.769230769230769,0
neutral,the company s us subsidiary vaisala inc acquires aviation systems maintenance  inc asmi  a kansas  us based airport service company with over 26 million usd net sales in 2008,0,29,174,6.0,6
positive,the company said that it has started to investigate streamlining its operations in order to meet the tightening competition on the mobile phone charger market,1,25,158,6.32,0
neutral,the company then said it will focus its resources on clinical research,0,12,70,5.833333333333333,0
neutral,the company turnover amounted to meur 279 in 2007,0,9,49,5.444444444444445,7
neutral,the company website is wwwahlstromcom,0,5,37,7.4,0
neutral,the company will be part of teleste s video and broadband solutions business area,0,14,81,5.785714285714286,0
neutral,the company will publish its financial statement for 2008 on february 25  2009,0,13,78,6.0,10
neutral,the company will release its 2010 results on 11 february 2011,0,11,61,5.545454545454546,10
neutral,the company will use the money for product development and research activities through 2013 in its key markets finland  germany  italy and france,0,23,145,6.304347826086956,4
neutral,the continued operations mean the structure after the restructuring of the aspocomp group including aspocomp oulu and the headquarter operations,0,20,144,7.2,0
neutral,the contract covers turnkey deliveries to all five airports operated by the authority  john f kennedy  laguardia  newark  teterboro and stewart international,0,22,157,7.136363636363637,0
neutral,the contract includes heating plant equipment and associated installation work,0,10,78,7.8,0
neutral,the contract involves refurbishing the bathrooms of 189 units as well as replumbing their water and sewer pipes,0,18,111,6.166666666666667,3
neutral,the contracts comprise turnkey orders for roro systems for two rorocruise vessels under construction for viking line and tallink,0,19,128,6.7368421052631575,0
neutral,the cost of the deal could range from 70 million to 90 million euros depending on the financial results of the two companies in 2008  the statement says,0,28,152,5.428571428571429,8
neutral,the cranes would be installed onboard two freighters ordered by singaporean ship owner masterbulk,0,14,97,6.928571428571429,0
neutral,the customers will have an access to integrated propeller and gear packages from one source,0,15,91,6.066666666666666,0
neutral,the deal is subject to approval by the norwegian competition authorities,0,11,72,6.545454545454546,0
neutral,the deal means that ten persons in three countries will transfer to tieto,0,13,73,5.615384615384615,0
neutral,the deal will have no significant effect on the acquiring company s equity ratio,0,14,80,5.714285714285714,0
neutral,the deliveries are scheduled for the summer and autumn of 2008,0,11,62,5.636363636363637,4
neutral,the development of the technological park  which will specialize in telecommunications and information technologies  is part of the state program for the formation of technoparks for hitech sectors in russia,0,30,207,6.9,0
neutral,the ecommerce site and flagship will be managed by marimekko north america retail llc  a subsidiary established in the us last year,0,22,131,5.954545454545454,0
neutral,the final price will be specified by 14 may 2010  the acquiring company said,0,14,76,5.428571428571429,6
neutral,the finlandbased company says it will move into an existing 260000squarefoot facility in september,0,14,98,7.0,6
neutral,the finnish business delegation includes representatives from over 20 companies that include nokia corp  finnfund  outokumpu oyj  oko bank  alteams oy and cargotec corp,0,24,168,7.0,2
neutral,the finnish company is building a 800000 mtyear biodiesel plant in singapore,0,12,76,6.333333333333333,6
neutral,the firm s uk head office is in rugby road  lutterworth,0,11,55,5.0,0
neutral,the first group of customers to be trained will be paintshop owners and their assistants,0,15,88,5.866666666666666,0
neutral,the first stage of the contract covers 133 stores and 600 cash registers,0,13,72,5.538461538461538,6
neutral,the fish content of the nuggets is 85   and the fish comes from canada and finland,0,16,82,5.125,2
neutral,the following information was released by comptel  tomorrow the chairman of the federal communications commission is scheduled to deliver the national broadband plan to congress,0,25,177,7.08,0
neutral,the front surfaces of these valve plates are directed towards each other,0,12,72,6.0,0
neutral,the ground barleycorn has been fully produced in finland and will be available in stores as of the beginning of 2010,0,21,116,5.523809523809524,4
neutral,the implementation of the deal is subject to the approval by the finnish competition authority,0,15,94,6.266666666666667,0
neutral,the inaugural speech will be given by hannu kyrolainen  finland s ambassador to the czech republic,0,16,98,6.125,0
neutral,the increase range will vary up to 10,0,8,37,4.625,2
neutral,the initial estimated total value was 1744900 eur and the final award value was 1744900 eur,0,16,91,5.6875,14
neutral,the internal revenue service sees about 20 percent of all taxpayers wait until the last two weeks to file  with about 40 million returns filed in april,0,27,151,5.592592592592593,4
neutral,the latest date for registration is on 4 april  2006,0,10,52,5.2,5
negative,the layoffs will affect 240 people out of the total 320 okmetic employees in finland,-1,15,84,5.6,6
neutral,the line 4 will run fully underground and will comprise 10 stations which will be executed in two implementation stages,0,20,119,5.95,3
negative,the majority of the company s personnel in finland is temporarily laid off from one to six weeks in the period from february to june 2009 period,-1,27,144,5.333333333333333,4
neutral,the mall will be financed on a parity basis by pearl plaza llc  the joint venture company established by the chinese investor shanghai industrial investment holdings co ltd  and srv group,0,31,187,6.032258064516129,0
neutral,the maximum amount of the capital loan will be eur30m and the minimum subscription  eur10 000,0,16,93,5.8125,7
neutral,the maximum number of new shares to be offered is 22 million,0,12,60,5.0,2
neutral,the measures taken will cause onetime costs during the final part of 2006,0,13,73,5.615384615384615,4
neutral,the mill will have capacity to produce 500000 tonnes of pulp per year,0,13,69,5.3076923076923075,6
neutral,the money will be spread mainly over 2011 and 2012  the company said,0,13,68,5.230769230769231,8
neutral,the natural source of isoprene is the tree species hevea brasiliensis  also known as the rubber tree,0,17,100,5.882352941176471,0
neutral,the new activity will incur an investment of about 5 meur,0,11,57,5.181818181818182,1
neutral,the new company will likely hold an ipo on the nyse or another international stock exchange  according to altimo which manages the alfa group s telecommunications assets and teliasonera s agreement  which has been published on the website of the us securities and exchange commission,0,45,283,6.288888888888889,0
neutral,the new majority owners of aspocomp thailand co  ltd are certain private persons belonging to immediate circle of aspocomp s present joint venture partner  saha pathana interholding plc,0,28,185,6.607142857142857,0
neutral,the new organization consists of two business units  charging  messaging and finance  administration,0,13,100,7.6923076923076925,0
neutral,the new sepa cads will replace finnish bank cards,0,9,49,5.444444444444445,0
neutral,the order comprises all production lines for a plywood mill  company said in a statement received by lesprom network,0,19,116,6.105263157894737,0
neutral,the order comprises four ball mills  which will be organized in two different streams for treating ore in the pilanesberg platinum mine,0,22,135,6.136363636363637,0
neutral,the order includes a new crecent former  headbox  and reel,0,10,58,5.8,0
neutral,the output of the contracts totals 72 mwe,0,8,41,5.125,2
neutral,the parties have agreed not to disclose the price of the deal  the group said in a press release,0,19,96,5.052631578947368,0
neutral,the parties have agreed not to disclose the transaction value,0,10,61,6.1,0
neutral,the payment date is march 25  2010,0,7,34,4.857142857142857,6
neutral,the plans will result in the introduction of new and highly specialized manufacturing methods and also entail changes to personnel at the facility,0,23,146,6.3478260869565215,0
neutral,the platform is based built on intel s secondgeneration mid platform  called moorestown,0,13,87,6.6923076923076925,0
neutral,the price of the 10000 kroon par value bonds was 966351 kroons in the primary issue,0,16,83,5.1875,11
neutral,the proposal by the board of directors on the issuance of option rights will otherwise correspond to the proposal by the board of directors in the notice to the general meeting,0,31,176,5.67741935483871,0
neutral,the purchase sum is about eur 10mn us 1297 mn,0,10,45,4.5,6
neutral,the recruitment is related to the relocation of stora enso s research operations to karlstad  central sweden,0,17,108,6.352941176470588,0
neutral,the remote radio head module will be available at 4w power for 25 ghz and 35 ghz tdd frequency bands,0,20,100,5.0,5
neutral,the report examines the medical equipment business structure and operations  history and products  and provides an analysis of its key medical equipment revenue lines,0,24,166,6.916666666666667,0
neutral,the restructuring measures will not affect the production of packaging printing material,0,12,88,7.333333333333333,0
neutral,the sale  comprising the margarine business in finland and poland  follows the approval of the polish competition authorities earlier in october,0,21,144,6.857142857142857,0
neutral,the sale of savcor face to cencorp will result in a profit or loss which can not yet be determined  owing to factors including the valuation of the consideration shares to be received and prevailing exchange rates,0,37,213,5.756756756756757,0
neutral,the sale will be finalized in september or october  the company said,0,12,68,5.666666666666667,0
neutral,the share capital of alma media corporation business id 19447574 is eur 4476751380 and it is divided into 74612523 shares,0,20,121,6.05,26
neutral,the shares subscribed for under the stock options were registered in the trade register on 20 january 2011  as of which date the new shares will establish shareholder rights,0,29,173,5.9655172413793105,6
neutral,the ship cranes  which will be manufactured by macgregor s partner plants in china  will be delivered between 20082010 for vessels ordered by chinese cosco  german peter dohle and hong kong based cido shipping,0,34,209,6.147058823529412,8
neutral,the ship unloader is totally enclosed along the entire conveying line to the storage facilities,0,15,95,6.333333333333333,0
neutral,the site will cover over six hectares,0,7,37,5.285714285714286,0
neutral,the study was not designed to enable formal statistical evaluation of therapeutic activity  the company said,0,16,108,6.75,0
neutral,the transaction will take place without payment of merger consideration,0,10,71,7.1,0
neutral,the unit is planned to be operational during the second half of 2007 and in full stream in 2008,0,19,95,5.0,8
neutral,the wireless industry is bracing itself for the iphone  which will launch on june 29,0,15,84,5.6,2
neutral,their offering also covers localisation services related to production transfer to the finnish company s customers that already have production in asian market or have made the decision to transfer production there,0,32,214,6.6875,0
neutral,there are currently some ten shops selling tikkurila s paints in kazakhstan  and more shops will be opened continuously,0,19,119,6.2631578947368425,0
neutral,there have been 15 initial public offerings announced in sweden this year  compared with two during the same period a year earlier  bloomberg data shows,0,25,152,6.08,2
neutral,they both will report to oriolakd s chief executive officer eero hautaniemi,0,12,75,6.25,0
neutral,this is the company s first contract abroad,0,8,43,5.375,0
neutral,this release is not an offer of securities for sale into the united states or elsewhere,0,16,87,5.4375,0
neutral,this solution is an extension to the existing online mediation solution delivered earlier by comptel and ibm,0,17,108,6.352941176470588,0
neutral,through its partnership with finnish paulig s danish subsidiary oscar  puljonki acquired a sales organization in the european market,0,19,132,6.947368421052632,0
neutral,tieto in latvia is represented by it services companies tietoenator alise and tietoenator  which has operations in the industries of financial services cards  retail and logistics and it outsourcing and managed services,0,32,219,6.84375,0
neutral,together with latvia  cramo will operate 54 rental outlets in the baltic states,0,13,79,6.076923076923077,2
neutral,two other sites will be included later on,0,8,41,5.125,0
neutral,under a preliminary estimation  the technology park will measure about 50000 square meters,0,13,90,6.923076923076923,5
neutral,under the changes envisaged  hk ruokatalo would reduce its number of industrial places of business in finland from eight to six,0,21,127,6.0476190476190474,0
neutral,upon completion of the sale proha would get some usd12 7 m for its stake in artemis,0,17,83,4.882352941176471,3
neutral,wrtsil s aim is to serve the rapidly growing number of vessels and increasing marine activity in the barents sea region,0,21,119,5.666666666666667,0
neutral,valga lihatoostus markets its products under the maks  moorits trademark,0,10,72,7.2,0
neutral,we know that it exists   artemyev said,0,7,38,5.428571428571429,0
neutral,we offer our customers solutions based on renewable raw materials,0,10,65,6.5,0
neutral,when dialing in  the participants should quote 877417 as conference id,0,11,70,6.363636363636363,6
neutral,work on the assignment has already started and is due for completion in spring 2011,0,15,83,5.533333333333333,4
neutral,yesterday  legrand issued its e300 million fixed rate deal maturing 2017,0,11,72,6.545454545454546,7
neutral,yvonne jones is owner of chameleon interiors,0,7,44,6.285714285714286,0
neutral,zao yit moskovia builds housing in moscow and its surrounding cities,0,11,68,6.181818181818182,0
neutral,bawag  is to issue a benchmark  covered deal,0,8,44,5.5,0
neutral,jvc will stop producing dvd players in brazil  jvc do brazil  a subsidiary of japan s jvc group announced it will stop the production of dvd players in brazil,0,29,158,5.448275862068965,0
neutral,swedbank hypotek  is to issue a benchmark  fixed rate covered deal in euros  maturing january 2010,0,16,98,6.125,4
neutral,argentine agricultural export company calafate has tapped compatriot firm finnegans for a software solution  the latter company said in a statement,0,21,147,7.0,0
neutral,finnish printed circuit boards  pcbs  maker aspocomp group oyj said on december 4  2006 it named henry gilchrist senior vice president of the group s asian operations  as of january 8  2007,0,32,189,5.90625,10
neutral,nordic infrastructure construction is one of our strategic growth areas,0,10,71,7.1,0
neutral,pulp and paper industries are growing in countries like china and russia,0,12,72,6.0,0
neutral,sanoma is a buyer not a target   he said,0,9,40,4.444444444444445,0
neutral,after the transaction  tikkurila has no powder coatingsrelated operations   the company said,0,12,92,7.666666666666667,0
neutral,if you need malware removal tools  type the url of your vendor of choice directly into the browser bar and use links on their website   wrote trend micro s rik ferguson on monday,0,33,178,5.393939393939394,0
neutral,it wo nt happen overnight,0,5,25,5.0,0
neutral,printed fabrics and related design expertise have always been the core of marimekko s business and brand,0,17,104,6.117647058823529,0
neutral,serving customers locally is one of the cornerstones of customer focus for us,0,13,77,5.923076923076923,0
neutral,we have become convinced that we can do that very quickly   he told finnish business reporters,0,16,94,5.875,0
neutral,we know there are some of our own people out there,0,11,50,4.545454545454546,0
neutral,lemiste city is the environment for a knowledgebased economy providing work for 3300 people with the total turnover of its companies amounting to eek 54 bn   said lo prnits  chairman of the supervisory board of lemiste city and mainor,0,39,234,6.0,6
neutral,19 may 2010  finnish company lemminkainen oyj  hel  lem1s  said today that it will construct an office building at toolonlahti in downtown helsinki  without disclosing financial details,0,27,185,6.851851851851852,7
neutral,25 november 2010  finnish paints and coatings company tikkurila oyj  hel  tik1v  said today that finnish stateowned investment company solidium oy sold its 147  stake in the company for a total of eur98m,0,33,203,6.151515151515151,12
neutral,26 january 2011  finnish software solutions provider basware  hel  bas1v  said yesterday it adjusted its strategy and goals for the next four years with focus on international growth mainly via acquisitions,0,31,206,6.645161290322581,7
neutral,26 november 2010  finnish sportsequipment maker amer sports oyj  hel  ameas  said today it has obtained a eur30m schuldschein note loan from a pool of international investors,0,27,174,6.444444444444445,8
neutral,3 january 2011  scandinavian lenders sampo bank  hel  samas   pohjola bank  hel  poh1s  and svenska handelsbanken  sto  shb a  have provided a eur160m  usd213m  line of credit to lemminkainen oyj  hel  lem1s   the finnish construction firm said on friday,0,39,254,6.512820512820513,13
negative,55 workers in ml will be affected by the closedown,-1,10,50,5.0,2
neutral,a coker crane will be supplied to tesoro corporation s golden eagle refinery in martinez  california  while a similar crane will be delivered to bp s castell refinery in spain,0,30,175,5.833333333333333,0
neutral,a few employees would remain at the oulu plant in support functions for other group units,0,16,89,5.5625,0
neutral,a huge issue for us is the button placement,0,9,43,4.777777777777778,0
neutral,a merger between upm and finnishswedish stora enso is not likely either,0,12,71,5.916666666666667,0
neutral,a paper mill in the central maine town of madison soon will have a new owner,0,16,76,4.75,0
neutral,a total 30  of the order value was booked in the fourth quarter of 2009 and the remainder will be booked in the second quarter of 2010,0,27,134,4.962962962962963,10
neutral,a total of 131000 talvivaara mining company plc s new shares were subscribed for during the period between may 1  2010 and june 30  2010 under the company s stock option rights 2007a,0,33,182,5.515151515151516,21
neutral,a total of 38244 new citycon shares with a nominal value of eur 135 per share were subscribed on 19 april exercising the abc options based on the company s stock option plan 1999,0,34,178,5.235294117647059,14
neutral,a total of 750330 new citycon shares with a nominal value of eur 135 per share were subscribed in december exercising the abc options based on the company s stock option plan 1999,0,33,179,5.424242424242424,13
neutral,abn amro capital has agreed to sell its helsinkibased designer homeware producer  iittala oyj  to crosstown consumer products group fiskars corp  for eur230 million to eur235 million   310 million to  316 million,0,32,212,6.625,12
neutral,according to preliminary information by the finnish forest industries federation  imports of roundwood to finland increased to about 20 million m3 in 2005  representing an increase of 15  from 2004,0,30,197,6.566666666666666,13
negative,finlandbased stockmann group has closed seven franchising sports stores nike in russia,-1,12,86,7.166666666666667,0
neutral,finnish ac drives manufacturer vacon is acquiring the ac drives business of tb wood s  part of the us group altra holdings,0,22,122,5.545454545454546,0
neutral,finnish beverage company olvi is one of the last listed companies in finland that has not yet published its financial result for the second quarter of 2009,0,27,155,5.7407407407407405,4
neutral,finnish department store group stockmann is planning to acquire about eur 141mn through a directed issue and a rights offering,0,20,126,6.3,3
neutral,finnish kemira group s ceo  lasse kurkilahti  says the group s structural reorganisation will continue for at least a year,0,20,122,6.1,0
neutral,finnish power company fortum reports 89  of its electricity was generated without carbon dioxide emissions in 2007,0,17,114,6.705882352941177,6
neutral,finnish rautaruukki s engineering division ruukki engineering will reorganise its operations in the mo i rana plant in norway,0,19,125,6.578947368421052,0
neutral,finnish stainless steel manufacturer outokumpu in degefors is planning to recruit new engineers in order to meet a retirement wave over the next few years,0,25,154,6.16,0
neutral,finnish wrtsil that provides power solutions for the marine and energy markets has opened a service centre in murmansk  in russia,0,21,129,6.142857142857143,0
negative,in finland  sampo bank  now part of the danske bank group  will lay off staff from the administrative and support functions,-1,21,123,5.857142857142857,0
neutral,local government commissioner of ml  kurt svensson  says he will contact the management of finnish company componenta to find out if there are any alternatives to the company s decision to close down its plant in ml,0,37,215,5.8108108108108105,0
neutral,private equity investor capman  the owner of finnish lumene cosmetics company  is planning to list lumene,0,16,105,6.5625,0
negative,scanfil  a systems supplier and contract manufacturer to the communications sector  will give notice to 20 productional employees  and temporarily lay off 15 employees at the company s plant in sievi  in finland,-1,33,211,6.393939393939394,4
negative,scanfil  a systems supplier and contract manufacturer to the communications sector  will start personnel negotiations in oulu  in finland  to lay off staff temporarily,-1,24,167,6.958333333333333,0
neutral,swedish engineering consultant firm etteplan is to establish a unit in town borlnge  by the turn of the month marchapril 2008,0,21,125,5.9523809523809526,4
neutral,the finnish investment company sponda is conducting negotiations to acquire the business center dukat palace2 located in the center of moscow  from london  regional properties,0,25,175,7.0,1
neutral,according to finnish fim bank  alpro s price would be around eur 100mn150mn,0,13,75,5.769230769230769,6
neutral,according to heikkil  more than just  refreshment and energy  will soon be found in soft drinks also in finland,0,19,111,5.842105263157895,0
neutral,according to hk ruokatalo  almost all the meat used by the company comes from finland,0,15,85,5.666666666666667,0
neutral,according to lnnen tehtaat s ceo matti karppinen  the company aims to deliver fish products to its customers a day earlier than it currently does,0,25,145,5.8,0
neutral,according to olvi  the company is already negotiating new agreements,0,10,68,6.8,0
neutral,according to saarioinen s managing director ilkka mkel  the food industry sector has a significant excess of production machinery,0,19,129,6.7894736842105265,0
neutral,according to the announcement of the helsinki stock exchange the share of sentera shall be delisted from the nmlist of the helsinki stock exchange accordingly,0,25,158,6.32,0
neutral,activities range from the development of natural resources to the retailed marketing of finished products,0,15,105,7.0,0
neutral,additionally  information on business segments  competitors and future outlook are provided,0,11,91,8.272727272727273,0
negative,additionally  the company will terminate a maximum nine salaried and senior salaried employees  employment contracts,-1,15,116,7.733333333333333,0
neutral,additionally  the company will use the solutions to automate the preparation of financial statements according to ifrs standard,0,18,127,7.055555555555555,0
neutral,affecto has participated in the program for the development of the norwegian pension system since 2007,0,16,102,6.375,4
neutral,affecto will provide a new efi data warehouse and reporting solution  behavioural scoring system supporting operational decision processes and data migration from old legacy systems to the new efi system,0,30,203,6.766666666666667,0
neutral,affectogenimap builds highly customised it solutions for its customers in finland and the baltic countries,0,15,106,7.066666666666666,0
neutral,after 1 april 2007 cencorp will not have any own employees in the territory,0,14,75,5.357142857142857,5
neutral,after buying eukor car carriers 50 percent stake  grimaldi group is now the sole owner of the swedish rollon  rolloff port of wallhamn,0,23,134,5.826086956521739,2
neutral,after completion of the acquisition  poyry s oil and gas expertise will cover multidiscipline engineering and consulting services across the complete oil and gas asset lifecycle  including deepwater engineering services,0,30,219,7.3,0
neutral,after the restructuring  upm s average paper machine capacity in europe will be 320000 tons  350000 short tons  in coated magazine paper and 420000 tons  460000 short tons  in coated fine paper,0,32,193,6.03125,24
neutral,after the transaction  mreal will own 30  in metsabotnia and upm  17,0,12,68,5.666666666666667,4
neutral,after the transaction  tikkurila has no powder coatings related operations,0,10,74,7.4,0
neutral,ahlstrom corporation stock exchange announcement 2342007 ahlstrom corporation will publish its first quarter financial results 2007 on friday  april 27  2007 approximately at 830 am finnish time,0,27,194,7.185185185185185,20
neutral,ahms will also offer hotel and hotel project consultancy  management services  brand franchise  training and sales and marketing services on a panindia basis,0,23,157,6.826086956521739,0
neutral,aktia forecasts finland s inflation at 11  in 2010,0,9,50,5.555555555555555,6
neutral,aldata noted that its voice supply chain technology approach enables vdw to integrate with warehouse management systems,0,17,119,7.0,0
neutral,aldata solution oyj stock exchange release 11 august 2006  at 1100 am aldata shares subscribed for with 2003 stock options a total of 95000 new shares of aldata solution oyj have been subscribed for with the company s 2003a stock options,0,41,237,5.780487804878049,23
neutral,alexandria  va  dec 17  reijo salovaara  nastola  finland  has developed a veneer cutter,0,13,88,6.769230769230769,2
neutral,alexandria  va  dec 19  united states patent no 7853620  issued on dec 14  was assigned to nokia corp  espoo  finland,0,20,117,5.85,11
neutral,alexandria  va  dec 22  united states patent no 7854608  issued on dec 21  was assigned to outotec oyj  espoo  finland,0,20,118,5.9,11
neutral,alexandria  va  jan 9  united states patent no 7862685  issued on jan 4  was assigned to kemira chemicals inc  marietta  ga,0,21,123,5.857142857142857,9
neutral,alexandria  va  march 15  jaakko vilo of turku  finland  has developed a panel press,0,14,84,6.0,2
neutral,alexandria  va  may 23  matti harkonen and pentti sipponen  both of espoo  finland  osmo suovaniemi of helsinki  finland  and tapani tiusanen of vantaa  finland  have developed a paper web press device,0,31,201,6.483870967741935,2
neutral,alexandria  va  oct 23  hansotto scheck of espoo  finland  has developed a method of identifying remote radio units in a communication system,0,22,141,6.409090909090909,2
neutral,alexandria  va  oct 6  united states patent no 7804288  issued on sept 28  was assigned to vacon oyj  vaasa  finland,0,20,116,5.8,10
neutral,alma media corporation press release 15 march 2010 tyrvaan sanomat and paikallissanomat being bought by suomen paikallissanomat two local papers  tyrvaan sanomat and paikallissanomat  appearing in sastamala and its neighbouring municipalities  are to be bought by suomen paikallissanomat oy,0,39,290,7.435897435897436,6
neutral,alma media corporation press release march 25  2010 tyrvn sanomat purchase confirmed the business operations of tyrvn sanomat oy will be transferred to suomen paikallissanomat oy,0,26,178,6.846153846153846,6
neutral,also finnish industry investment  a governmentowned investment company  will participate in the project,0,13,103,7.923076923076923,0
neutral,also in latvia  we act as a partner for bakery customers in both production and product development,0,17,99,5.823529411764706,0
neutral,also ruukki construction  rautaruukki s construction division  is initiating employeremployee negotiations at its sites in alajrvi  vimpeli and perseinjoki in finland,0,21,166,7.904761904761905,0
negative,also the city s insurance company  if p  c insurance  has said it will not pay compensation,-1,17,91,5.352941176470588,0
neutral,altogether capman employs approximately 150 people in helsinki  stockholm  copenhagen  oslo  moscow and luxembourg,0,14,114,8.142857142857142,3
neutral,altona stated that the private company of altona chairman kevin maloney  tulla resources  would take up its entitlement in full,0,20,127,6.35,0
neutral,an acquisition of teliasonera would be france telecom s biggest since its 2000 purchase of orange plc for  278 billion   551 billion  and would create the world s fourthlargest telecom company behind att inc  verizon communications inc and ntt corp of japan,0,42,257,6.119047619047619,10
neutral,an earnout payment of up to 40 mln euro   53 mln  can also be paid depending on intellibis financial performance in 2007,0,22,120,5.454545454545454,8
neutral,an eu law on the issue may be introduced around 2010,0,11,52,4.7272727272727275,4
positive,and earlier this month  the company signed a deal with indiabased information technology services giant wipro technologies to transfer and sell its radio access related rd activities in berlin,1,29,192,6.620689655172414,0
neutral,another firm air liquide was exempted because it left the market in 1998,0,13,72,5.538461538461538,4
neutral,apartments of yit home may be purchased in 5 regions of russia  where yit subsidiaries carry out their activities  moscow and moscow region  st petersburg  ekaterinburg  kazan and rostovondon,0,29,191,6.586206896551724,1
neutral,approximately sek 166 million in repayments has been demanded for overcharging in the stockholm area  with the remaining sek 87 million taken from the western coast  the inspectorate said,0,29,187,6.448275862068965,5
neutral,arena partners oy is a development company for electronic business,0,10,66,6.6,0
neutral,as a condition to the deal  savcor alfa has to have bought photonium and akseli lahtinen inc s business operations prior to the deal,0,24,132,5.5,0
negative,as a result  the company has decided it will implement fixedterm temporary layoffs,-1,13,82,6.3076923076923075,0
negative,as a result  the company will temporarily layoff 25  of the whole personnel  approximately 270 persons at kirkkonummi and nivala factories,-1,21,138,6.571428571428571,5
negative,as a result of the negotiations  the amount of employment contracts to be terminated is 13,-1,16,90,5.625,2
negative,as a result of the negotiations  the company will terminate total 5 employment contracts,-1,14,88,6.285714285714286,1
neutral,as of july 2  2007  the market cap segments will be updated according to the average price in may 2007,0,20,102,5.1,9
neutral,as part of the agreement  aspocomp will also give meadville a 10 pct slice of a subsidiary operating in oulu  finland,0,21,117,5.571428571428571,2
neutral,as part of the reorganisation  pohjola insurance s 250 field staff for private customers will join the payroll of local cooperative banks from the beginning of october 2008,0,28,172,6.142857142857143,7
neutral,as part of the reorganization  kaukotelko ltd will be divided into telko ltd  leipurin ltd  hamina terminal services ltd and kaukomarkkinat ltd,0,22,143,6.5,0
neutral,aspo s group structure and business operations are continually developed without any predefined schedules,0,14,105,7.5,0
neutral,aspo serves demanding businesstobusiness customers,0,5,50,10.0,0
neutral,aspocomp said it will spin off its chinese and indian units  and some equipment from its salo plant in finland  into a newlyformed unit  most of which it will then sell on to hong konglisted meadville,0,36,200,5.555555555555555,0
neutral,at some point  it will spread also to iran and iraq,0,11,51,4.636363636363637,0
neutral,at the end of last week  protalix biotherapeutics inc  amex  plx  published a prospectus for a first offering on amex of about 5  of its share capital,0,27,150,5.555555555555555,1
neutral,at the end of march 2009  the company s loans amounted to eur 10113 mn,0,15,70,4.666666666666667,9
neutral,at the moment  there are approximately 20 vianor sales offices in russia,0,12,72,6.0,2
neutral,automation makes it possible to conduct several tests simultaneously,0,9,68,7.555555555555555,0
neutral,barclays plc  lse  barc   nyse  bcs   credit agricole sa  epa  aca   cagr,0,12,73,6.083333333333333,0
neutral,based on the design of previous handsets  the nokia e72 and nokia e63 this symbianbased model is promised to offer direct access to over 90 per cent of the world s corporate email through mail for exchange and ibm lotus notes traveler,0,42,234,5.571428571428571,6
neutral,basware business transactions service enables the customer to receive and send invoices in an electronic format,0,16,111,6.9375,0
neutral,basware finances the acquisition with a bank loan,0,8,49,6.125,0
neutral,basware invoice processing  basware contract matching  basware order matching and basware kpi reporting tool are part of the basware s enterprise purchase to pay product suite,0,26,175,6.730769230769231,0
neutral,basware invoice processing  basware contract matching  basware order matching and basware kpi reporting tool are part of the basware s enterprise purchase to pay solution suite,0,26,176,6.769230769230769,0
neutral,basware offers full support for all sap versions starting from sap 45,0,12,69,5.75,2
neutral,beef imports fell slightly from 2006  to 14mn kilos,0,9,51,5.666666666666667,6
neutral,benefon will turn the salo unit into a b2b business unit and establish a b2c business unit in the uk,0,20,100,5.0,2
neutral,berling capital  umo capital and veikko laine are the biggest shareholders in amanda capital,0,14,92,6.571428571428571,0
neutral,bluewin security is available as a monthly subscription,0,8,55,6.875,0
neutral,blyk is launching first in the uk market in mid2007  with other markets to follow,0,15,81,5.4,4
neutral,body es vostok also owns stakes in power sales companies mosenergosbytbody  rts  mssb   509    altaienergosbyt  100    saratovenergo  rts  sare  body  4836   and tambov power sales company  rts  tasb   4901    all ofbodywhich it received from the distribution balance,0,37,267,7.216216216216216,14
neutral,both sources said nokia would unveil its new phone codenamed  tube  on oct 2 at an analyst and media event in london,0,22,116,5.2727272727272725,1
neutral,byline  tim moran cellular phone giant nokia corp is offering  81 billion for digital map supplier navteq corp  of chicago,0,20,122,6.1,2
neutral,capital base and capital adequacy measurement is based on approaches under basel ii,0,13,83,6.384615384615385,0
neutral,capman  with offices in helsinki  stockholm  copenhagen and oslo  manages nordic buyout  mezzanine  technology  life science and real estate funds with approximately eur2 6 bn in total capital,0,28,192,6.857142857142857,2
neutral,capman s first real estate fund  which had a total investment capacity of  euro  500 million and closed in june 2005  invested in commercial properties in the helsinki metropolitan area,0,30,185,6.166666666666667,7
neutral,cardona slowed her vehicle  turned around and returned to the intersection  where she called 911,0,15,96,6.4,3
neutral,cargotec s brands  hiab  kalmar and macgregor  are global market leaders in their fields and their solutions are used on land and at sea  wherever cargo is on the move,0,30,167,5.566666666666666,0
neutral,cencorp would focus on the development  manufacture and marketing of standard products for production automation,0,15,112,7.466666666666667,0
neutral,changes to the asbuilt models from the design were communicated to the subcontractors to accommodate them into the steel and grc fabrication process,0,23,148,6.434782608695652,0
neutral,choose from a giant countdown with red head or rainbow trout  or the giant shad rap in perch color,0,19,98,5.157894736842105,0
neutral,closing of such transaction took place today,0,7,44,6.285714285714286,0
neutral,cohen  steers  inc  5 534 530 shares representing 4985  of the share capital and voting rights,0,16,94,5.875,11
neutral,cohen  steers  inc  5 534 626 shares representing 4985  of the share capital and voting rights,0,16,94,5.875,11
neutral,com and possibly also through photomsn,0,6,38,6.333333333333333,0
neutral,companies evaluated in the report include aladdin  ca  fsecure  kaspersky  marshal  mcafee  microsoft  panda  proofpoint  sophos  symantec  trend micro  tumbleweed  and websense,0,22,177,8.045454545454545,0
neutral,comptel corporation sami ervio president and ceo distribution  nasdaq omx helsinki major media comptel dynamic oss solutions enable telecom service providers to deliver services flexibly and charge them effectively,0,29,214,7.379310344827586,0
neutral,connectivity services include outsourced scan and capture which transfers paper invoices into electronic format and basware business transactions service enables the customer to receive and send invoices in an electronic format,0,31,227,7.32258064516129,0
positive,consumption is forecast to grow by about 2,1,8,42,5.25,1
neutral,country   finland sector  constructionreal estate target  pohjolan designtalo oy buyer  capman oyj vendor  ruukki group oyj deal size in usd  1026 m type  divestment status  agreed,0,26,180,6.923076923076923,4
neutral,country   switzerland sector  pharmaceuticals target  synosia therapeutics holding ag buyer  biotie therapies corp deal size in usd  1294 m type  corporate acquisition financing  allstock status  closed,0,26,202,7.769230769230769,4
neutral,country   germany sector  constructionreal estate  machineryengineering target  caverion gmbh buyer  yit oyj deal size in usd  903 m type  corporate acquisition status  agreed,0,23,175,7.608695652173913,3
neutral,cramo is a service company specialising in construction machinery and equipment rental and rentalrelated services  as well as the rental and sale of modular space,0,25,162,6.48,0
neutral,cramo plc is a service company specialising in construction machinery and equipment rental and rentalrelated services  as well as rental and sale of modular space,0,25,162,6.48,0
positive,credit 20 november 2009  finnish glass technology company glaston oyj abp  hel  gla1v  said today it concluded a eur74m revolving credit facility agreement with its core banks,1,27,175,6.481481481481482,9
neutral,cs cabot exports 55  of its production mainly to goodyear  bridgestone and michelin plants in poland  as well as to germany s michelin or italy s pirelli through the company s logistics center in paris  stefan said,0,37,214,5.783783783783784,2
neutral,currently  the plant operates on full capacity,0,7,46,6.571428571428571,0
neutral,danske bank is denmark s largest bank with 35 million customers,0,11,63,5.7272727272727275,2
neutral,decisions are to be made as quickly as possible,0,9,47,5.222222222222222,0
neutral,deliveries by outotec will take place over 30 months,0,9,52,5.777777777777778,2
neutral,deliveries of nokia 1112  nokia 2310 and nokia 2610 are expected to start in the second quarter of 2006,0,19,103,5.421052631578948,16
neutral,delivery is due in the second half of 2011,0,9,42,4.666666666666667,4
neutral,den boschbased tomtom is europe s largest maker of automotive navigation devices  while cayman islandsbased garmin is larger in the us and overall,0,23,146,6.3478260869565215,0
neutral,depending on the market situation  such projects are sold after 1 to 3 years after completion,0,16,93,5.8125,2
positive,dubbed nokia money solutions  company officials say the initiative would seek to bridge the gap between the banked and unbanked in developing countries,1,23,151,6.565217391304348,0
negative,due to market conditions  the company will also temporarily lay off about 3200 people at different sites,-1,17,104,6.117647058823529,4
neutral,due to pirkka beer  olvi s brewery in iisalmi is moving to 7day  24hour work shifts,0,16,83,5.1875,3
neutral,during the rally  which was authorized by the city administration  a consulate official came out to the workers  spoke to them and took a letter from them,0,27,154,5.703703703703703,0
neutral,efore has decided to establish a company for eletric vehicle  ev  business in china,0,14,83,5.928571428571429,0
neutral,elcoteq dongguan was established in 1999 in the nancheng district of dongguan  china and is one of elcoteq s four volume manufacturing plants in the asiapacific region,0,27,167,6.185185185185185,4
neutral,elcoteq se stock exchange announcement february 4  2009 at 1000 am  eet  elcoteq will publish its financial statements bulletin 2008 on wednesday  february 11  at 900 am  eet,0,28,174,6.214285714285714,18
neutral,electricity consumption grows with higher frequencies,0,6,53,8.833333333333334,0
neutral,elisa has commissioned finland s poyry telecom oy to conduct a study of reception in some of estonia s largest cities besides tallinn,0,23,133,5.782608695652174,0
neutral,elsewhere  the tendency is towards more developed packaging than before,0,10,71,7.1,0
neutral,equipment will be manufactured in vaahto s workshop in hollola  finland and is scheduled for shipments during the first quarter of 2009,0,22,135,6.136363636363637,4
neutral,eriikka sderstrm has previously held several positions in finance and control at nokia networks including acting as the business group controller and having the corporate controller position at nokia siemens networks,0,31,216,6.967741935483871,0
neutral,estonia s agriculture minister helirvaldor seeder is in finland on a twoday visit  in the course of which he will meet with his finnish counterpart sirkkaliisa anttila,0,27,167,6.185185185185185,0
positive,etteplan targets to employ at least 20 people in borlnge,1,10,56,5.6,2
neutral,eur 220 million of the transaction consideration was paid in the form of fouryear interestbearing vendor notes,0,17,110,6.470588235294118,3
neutral,featuring the s60 user interface  this 135gram model also comes with a 24inch quarter vga display and 100 megabytes of internal memory  expandable through the micro secure digital slot,0,29,184,6.344827586206897,10
neutral,feed companies suomen rehu and raisio do no import gmo feed,0,11,59,5.363636363636363,0
neutral,financial  strategic and operational factors are considered,0,7,59,8.428571428571429,0
neutral,financial details were not disclosed,0,5,36,7.2,0
neutral,financial details were nt disclosed,0,5,35,7.0,0
neutral,financial terms were not disclosed,0,5,34,6.8,0
neutral,financial terms were nt disclosed,0,5,33,6.6,0
neutral,finland s technopolis is planning to bring the first section of a technopark on stream in st petersburg at the end of 2008  kari mikkonen  vice president of technopolis  told reporters in helsinki,0,33,196,5.9393939393939394,4
neutral,finlandbased companies  lnnen tehtaat and raisio  have decided to dissolve the joint venture company zao scandic feed  which was established to start local animal feed business and feed production in northwest russia,0,32,216,6.75,0
neutral,finnish cargo handling solutions company cargotec oyj said on june 17  2008 that it will acquire new zealand tailgates distributor zepro tailgate  1987  limited for an undisclosed sum,0,28,183,6.535714285714286,10
neutral,finnish construction machinery and equipment rental group cramo oyj said on march 21  2007 its swedish sector subsidiary cramo ab will sell its dutch subsidiary cramo nederland bv  cnl  to dutch rental and scaffolding company jaston groep bv for an undisclosed sum,0,42,264,6.285714285714286,6
neutral,finnish drug distributor and wholesaler oriolakd oyj said on october 11  2006 it named anne kariniemi vice president of its logistics and sourcing department as of january 15  2007,0,29,180,6.206896551724138,12
neutral,finnish electronics contract maker incap oyj said on january 3  2008 it sold its manufacturing facilities in helsinki to local real estate company sponda oyj for 53 mln euro   78 mln,0,31,182,5.870967741935484,9
neutral,finnish fibrebased materials maker ahlstrom corp  hel  ahl1v  said today it decided to close down its spunlace composite production line number 23 at chirnside plant in the uk by the end of march 2011,0,34,200,5.882352941176471,7
neutral,finnish investment company neomarkka is the main owner of kuitu finland s successor,0,13,83,6.384615384615385,0
neutral,finnish investment group neomarkka oyj  hel  nembv  said today that it will buy the former production facilities of kuitu finland ltd  as part of negotiations on the option to invest in specialty cellulose fiber business,0,35,220,6.285714285714286,0
neutral,finnish investor scanfil oyj  hel  scf1v  said last friday it has bought 57 million shares  or 3296   in norwegian contract electronics manufacturer kitron asa  osl  kit  for nok 1439 million  usd 244 meur 181 m,0,35,211,6.0285714285714285,17
neutral,finnish plastic pipe maker uponor is selling its irish and uk infrastructure businesses to private equity company 3i,0,18,116,6.444444444444445,1
neutral,finnish property investor sponda said it has agreed a 100 mln eur  fiveyear mln credit facility with swedbank and a 50 mln eur  sevenyear facility with oko bank,0,28,160,5.714285714285714,5
neutral,finnish publisher alma media  hel  aln1v  said wednesday it has decided to further extend its eur1 85  usd2 75  apiece mandatory tender offer for media group talentum  hel  ttm1v   which started on 19 august  until 16 november,0,37,226,6.108108108108108,12
neutral,finnish real estate company sponda oyj said on april 11  2008 it would build vuosaari harbour service center at the port of helsinki,0,23,132,5.739130434782608,6
neutral,finnlines said that the deal is part of its strategy to focus on its core businesses,0,16,84,5.25,0
neutral,first industrial will seek leed designation for uponor s new building and a 282000 squarefoot speculative distribution center at first park lakeville,0,22,149,6.7727272727272725,6
neutral,following the move  stora enso holding in newpage will remain unchanged,0,11,71,6.454545454545454,0
neutral,following the registration  the share capital of biotie is eur 5255667810,0,11,73,6.636363636363637,10
neutral,foodservice and consumer goods markets are served by approximately 13000 people in 54 manufacturing units and several sales offices in 33 countries,0,22,147,6.681818181818182,9
neutral,for the new shares subscribed with stock options all shareholder rights commence from the date on which they are entered into the trade register,0,24,144,6.0,0
neutral,fortum expects its annual capital expenditure in the next four to five years to be within a range of eur 081 2 billion  as earlier announced,0,26,140,5.384615384615385,4
neutral,fortum had intended to spend as much as  euro  27 bn to become the sole owner of tgk10,0,18,86,4.777777777777778,4
neutral,fortum holds 902 pct of the share capital and 944 pct of the voting rights in the company  which it now plans to delist from the warsaw stock exchange,0,29,150,5.172413793103448,6
neutral,founded in 1985  quatrocon s clientele consists of public sector builders  central trading companies and major construction firms,0,18,129,7.166666666666667,4
neutral,from business line  may 16  2008 sriperumbudur  may 15  nokia s two key suppliers  aspocomp and wintek  are likely to start operations within three months in the nokia telecom park at sriperumbudur  45 km west off chennai,0,37,221,5.972972972972973,10
neutral,fsecure internet security 2010 is a security service for surfing the web  online banking and shopping  email  and other online activities,0,21,137,6.523809523809524,4
neutral,fsecure reported that   the first half of 2008 has seen a growing number of targeted malware attacks on individuals  companies  and organizations,0,22,145,6.590909090909091,4
positive,furthermore  novator finland oy has entered into a securities lending agreement  whereby novator finland oy will hold directly the same amount of shares that are underlying of the omx market forwards from may 23 through may 26  2008,1,38,232,6.105263157894737,8
neutral,gearing was 43  compared to 67  in 2004,0,8,39,4.875,8
neutral,geneva  feb 10  tero aaltonen  finland has developed a radio resource control method,0,13,84,6.461538461538462,2
neutral,germany s innovational centers are united in focusing at companies  which aim at use of technologies and development of new kinds of activity  through supporting the beginner companies with the entire spectrum of their services,0,35,227,6.485714285714286,0
positive,glaston  headquartered in tampere  finland  is a growing  international glass technology company,1,12,96,8.0,0
neutral,glaston s own glass processing unit  tamglass glass processing  is a manufacturer of high quality safety glass products  and operates in finland,0,22,144,6.545454545454546,0
neutral,glaston s own glass processing unit  tamglass glass processing  is a manufacturer of high quality safety glass products operating in finland,0,21,140,6.666666666666667,0
neutral,global markets direct s pohjola bank plc  financial analysis review is an indepth business  financial analysis of pohjola bank plc,0,20,130,6.5,0
negative,gsk announced in november 2008 that it would close its operations in dartford,-1,13,77,5.923076923076923,4
neutral,he is a chartered accountant in british columbia and alberta as well as a certified public accountant in washington state,0,20,121,6.05,0
neutral,he joined rautakirja in 1997 to lead one of its four business areas and took up the position of president and ceo in 2001,0,24,121,5.041666666666667,8
neutral,headline of release dated march 26  2008 should read  acacia subsidiary enters into settlement agreement for rule based monitoring technology with fsecure  sted acacia technologies licenses rule based monitoring technology to fsecure,0,32,233,7.28125,6
positive,helsinki  finland  sept 18  2009  globe newswire   ixonos plc expands the company s smartphone rd services and establishes a new nextgeneration smartphone design unit in connection with ixonos  site in jyvaeskylae,1,31,213,6.870967741935484,6
neutral,helsinki 19 may 2010  finnish company lemminkainen oyj  hel  lem1s  said today that it will construct an office building at toolonlahti in downtown helsinki  without disclosing financial details,0,28,194,6.928571428571429,7
positive,helsinki  thomson financial   mreal said it will exercise an option to buy a 50mw natural gas power plant and land in kyroskoski  finland  for around 13 mln eur from kyro oyj,1,31,174,5.612903225806452,4
neutral,her last position in nokia siemens networks was head of business human resources nsn global it,0,16,94,5.875,0
neutral,her present position is the director of stockmann s international department stores,0,12,83,6.916666666666667,0
neutral,her work at netapp included strategically repositioning the brand in the category and a major global relaunch,0,17,109,6.411764705882353,0
neutral,honkarakenne also decided yesterday to sell 88500 of its b series shares to key staff members for eur2 9 per share,0,21,114,5.428571428571429,7
neutral,honkarakenne also decided yesterday to sell 88500 of its bseries shares to key staff members for eur 290 per share,0,20,114,5.7,8
neutral,hu will offer a further discount of between 25  and 50  on selected books,0,14,73,5.214285714285714,4
neutral,if needed  she provides also further information on ferry connections and hotels,0,12,80,6.666666666666667,0
neutral,igor and oleg yankov  who currently manage moron and vitim  will hold onto the 25  stake for now,0,18,96,5.333333333333333,2
neutral,image data produced by the browser at the phone server is converted into a bitmapped image that is sent to the handset for display,0,24,130,5.416666666666667,0
neutral,implementation of the project will be carried out by the finnish company yit in association with the investment fund evli property investment russia  epi,0,24,153,6.375,0
neutral,in 2006  452 million tonnes co2 of eua  eu allowance  emissions credit in eu  was traded with an underlying market value approx,0,22,127,5.7727272727272725,8
neutral,in 2007 talentum will disclose three interim reports  q1  january  march  on friday  27 april  2007  q2  april  june  on friday  20 july  2007  q3  july  september  on friday  26 october  2007,0,32,192,6.0,25
neutral,in 2008  the steel industry accounted for 64 percent of the cargo volumes transported  whereas the energy industry accounted for 28 percent and other industries for 8 percent,0,28,174,6.214285714285714,9
neutral,in a letter to economic affairs minister  the listed estonian shipping company tallink asks for the approval to be entitled to a 15  cut in port fees in 2010,0,29,157,5.413793103448276,6
neutral,in a recent interview with the financial times  ft   sampo s board chairman bjorn wahlroos said if pc was certainly for sale and the price had been set at sek 85 billion  confirming earlier statements,0,35,200,5.714285714285714,2
neutral,in a release on oct 28  peab said the two businesses will continue to be conducted under the brands cliffton and stockholm entreprenad  both part of the peab group,0,29,163,5.620689655172414,2
negative,in addition  a further 29 employees can be laid off until further notice and the whole workforce can be laid off for short periods if needed,-1,26,140,5.384615384615385,2
neutral,in addition  mids are always online and enable full internet browsing,0,11,69,6.2727272727272725,0
neutral,in addition  the contract includes modification of the effluent treatment plant at follum,0,13,89,6.846153846153846,0
positive,in addition the deal includes a call option which will enable maritim food as to increase its holding in sandanger as to 51  in the future,1,26,138,5.3076923076923075,2
neutral,in connection with the deal  digia will employ 19 persons from nokia in oslo and in silicon valley in the usa,0,21,109,5.190476190476191,2
neutral,in his current position  manty has worked since 1996,0,9,52,5.777777777777778,4
neutral,in terms of power generation  fortum produced 393 twh of electricity during the first nine months of 2006  compared with 380 twh during the same period in 2005  according to figures released in the group s latest financial results,0,39,230,5.897435897435898,14
neutral,in the financial statement for the first quarter of 2010  tikkurila is reported under discontinued operations,0,16,109,6.8125,4
neutral,in the fourth quarter of 2006  oko banks expects the operating environment for banking and investment services to remain similar to that in januaryseptember 2006,0,25,161,6.44,8
neutral,in the meantime the ceo s duties will be assumed by outotec s deputy ceo seppo rantakari,0,17,88,5.176470588235294,0
neutral,in the sinter plant  limestone and coke breeze are mixed with the iron ore concentrate and sintered into lump form or sinter for use in the blast furnaces as a raw material for ironmaking,0,34,187,5.5,0
neutral,in this way  the industry s starting point has been the consumers  needs,0,13,72,5.538461538461538,0
neutral,in total  more than 3000 surveillance cameras will be handled and managed according to a variety of needs  the company said,0,21,123,5.857142857142857,4
neutral,in volume  the focus is already outside finland  as 60  of the group s products are made in poland and the baltic countries,0,23,123,5.3478260869565215,2
neutral,incap  headquartered in oulu  finland  is a electronics contract manufacturer with some 750 employees in finland  estonia and india,0,19,131,6.894736842105263,3
neutral,incap contract manufacturing is a subsidiary of incap corporation of finland,0,11,76,6.909090909090909,0
neutral,includes company and brand share data by category  as well as distribution channel data,0,14,87,6.214285714285714,0
neutral,indigo and somoncom serve 377000 subscribers and had a market share of approximately 27  as of may 2007,0,18,103,5.722222222222222,12
neutral,industry in asia  pakistan  malaysia  taiwan and philippines today  global research  data services is going to publish several market analyses about the cement markets in asia,0,26,175,6.730769230769231,0
neutral,intellisync wireless email from nokia is a fullfeatured wireless email solution that connects users to their email  calendar  contacts  notes and task lists while away from the office  according to the company,0,32,209,6.53125,0
neutral,investment management and investment advisory services are the company s sole line of business,0,14,94,6.714285714285714,0
neutral,investments are not disclosed,0,4,29,7.25,0
neutral,investments in product development stood at 60 mln euro   88 mln,0,11,64,5.818181818181818,4
neutral,isms does not disclose its financial results  the daily said,0,10,60,6.0,0
neutral,it also includes the installation of new equipment  training and startup services  as well as service work of the shoe press delivered by vaahto in 2001,0,26,152,5.846153846153846,4
positive,it currently employs about 750 people and expects headcount to reach 1000 by end of 2007,1,16,88,5.5,11
neutral,it has been agreed with the company s board of directors that she will be available in an advisory role,0,20,103,5.15,0
neutral,it is also in the process of taking a seat on capman s board  a course which has the support of capman management,0,23,113,4.913043478260869,0
neutral,it is also set to launch a messaging service in the next few days  which would enable users to access their email accounts on ms exchange,0,26,137,5.269230769230769,0
neutral,it is estonia s secondlargest meat processing company by market share  according to ac nielsen s 2008 data  13 percent,0,20,118,5.9,6
neutral,it is expected to be online by 2011,0,8,35,4.375,4
positive,it rose by 157  and by 248  in finland and abroad  respectively  to eur 7 million and eur 42 million  due to a 40  growth in russia,1,27,131,4.851851851851852,11
neutral,it s not,0,3,8,2.6666666666666665,0
neutral,it was decided that the auditors are reimbursed according to invoice,0,11,68,6.181818181818182,0
neutral,it will report fullyear results on august 22,0,8,44,5.5,2
neutral,its annual capacity is some 10000 mw,0,7,36,5.142857142857143,5
positive,its main business area  the glass machinery group of glaston technologies  is the global market leader in glass processing machines,1,20,131,6.55,0
neutral,its market share is 6 percent according to ac nielsen s 2008 data,0,13,65,5.0,5
neutral,its product portfolio comprises harvesters  forwarders  harvester heads  as well as cranes and loaders,0,14,102,7.285714285714286,0
neutral,janis arbidans  ceo of yit celtnieciba  said the company was focusing on housing and real estate development market,0,18,115,6.388888888888889,0
neutral,jeder betatester erhlt kostenlos sechs monate lang updates und hat laut eigener aussage die mglichkeit  die finale version zu beeinflussen,0,20,138,6.9,0
positive,jobs will not be transferred from finland  however,1,8,50,6.25,0
neutral,joint procurement will be later extended to the factories in the baltic countries,0,13,81,6.230769230769231,0
neutral,jon risfelt has previously held operational executive positions in europolitan  ericsson  sas  american express card and travel divisions  as well as nyman  schultz  ceo   vodafone sweden  ceo   and gambro renal products  ceo,0,32,225,7.03125,0
neutral,kaleva kustannus oy  business id 01872740  has  according to its notice  on 10 august 2009 acquired 4458000 alma media shares,0,20,125,6.25,21
neutral,karppinen expects the consolidation trend to continue in the finnish market,0,11,75,6.818181818181818,0
positive,kaupthing forecasts a significant price increase for printing paper in 2007,1,11,75,6.818181818181818,4
neutral,kaupthing forecasts that finnishswedish stora enso will close its mill in reisholz  in germany,0,14,94,6.714285714285714,0
neutral,kemira shares closed at   x20ac  1666   22us 71,0,8,47,5.875,10
positive,kesko food ltd press release 04012006 at 1300 kesko food ltd is launching a major tv campaign to recruit as many as one hundred new kfood retailers,1,27,147,5.444444444444445,12
neutral,kesko has about 2000 stores engaged in chain operations in the nordic and baltic countries  russia  and belarus,0,18,111,6.166666666666667,4
neutral,kirsi rantanen was previously development director for hk ruokatalo s poultry business,0,12,86,7.166666666666667,0
neutral,koduextra is operating a retail chain of 11 stores  controlled by finnish nonfood center ky  rukax oy  and scantukka oy,0,20,119,5.95,2
neutral,koff s market share of the volume of the market was 234   karhu s 214,0,15,69,4.6,6
neutral,lnnen tehtaat s food division was reorganised into two strategic business units  apetit frozen foods and jams  and apetit fish,0,20,126,6.3,0
neutral,last year  the firm also acquired realprojekti oy  a real estate development company  to advise capman on its property activities,0,20,129,6.45,0
neutral,later on  about 150 finnishmade houses will be build in the area,0,12,64,5.333333333333333,3
neutral,lemminkinen started the manufacture of roofing felt in 1920 and the production of asphalt in the 1930s,0,17,102,6.0,8
neutral,like all other mechanical pipettors from biohit  also proline plus is ceivd marked and comes with a 3year warranty,0,19,114,6.0,1
neutral,london  afx   intertek group plc  a testing and inspection company  said its commercial and electrical division has bought finlandbased company natlabs oy from etteplan oyj for 13 mln eur in cash,0,31,195,6.290322580645161,2
neutral,loudeye corp  up  256 at  433 nokia corp  down 10 cents at  1946 nokia agreed to buy the digital music distributor for  60 million,0,24,130,5.416666666666667,14
neutral,a spokesperson told wwd to expect a 5050 mix of clothing and home decor,0,14,71,5.071428571428571,4
neutral,adp news   dec 11  2008  finnish powersupply solutions provider efore oyj  omx  efo1v  said yesterday it opened a technology research and development  rd  laboratory at helsinki university of technology,0,29,202,6.9655172413793105,7
positive,adp news   nov 28  2008  finnish powersupply solutions provider efore oyj  omx  efo1v  announced today the launch of opus dc  the latest power system in its opus product line,1,29,174,6.0,7
positive,adp news   nov 3  2008  finnish cargo handling systems and services company cargotec oyj  omx  cgcbv  said today that it acquired 80  stakes in italian service companies cvs technoports srl and cvs service srl from italian handli,1,37,229,6.1891891891891895,7
neutral,adp news   nov 3  2008  finnish paper  packaging and forest products company stora enso oyj  omx  sterv  said today that it would invest eur 137 million  usd 1766 m  in the building of a power plant at its ostroleka mi,0,40,218,5.45,12
positive,adpnews   nov 9  2009  four companies have agreed to buy for a combined sek 59 billion  usd 854meur 5718 m  all drug stores offered for sale as part of the restructuring of swedish statedowned pharmacy monopoly apoteket ab  t,1,39,225,5.769230769230769,14
neutral,the acquisition sum has not been disclosed,0,7,42,6.0,0
neutral,luna took fifth place on sixunder 207  a shot behind spain s beatriz recari and germany s martina eberl  while welsh player becky brewerton was the highestplaced british finisher  sharing seventh place on threeunder 210 after shooting 71,0,38,237,6.2368421052631575,8
neutral,maggie ramsey s wait  and those of thousands of oregon and washington guides  anglers and others who flock to his frequent seminars  is nearly over,0,25,147,5.88,0
neutral,manavigatornovember 1  2010deal snapshot  swedish peab buys equipment rental firm cramo swedish construction company peab ab  sto  peab b  announced the acquisition of equipment rental company cramo entreprenadmaskiner ab from finnish group cramo oyj  hel  cra1v,0,36,262,7.277777777777778,6
neutral,marathon now has a 46 percent stake in plx  it said  according to bloomberg,0,14,75,5.357142857142857,2
neutral,market data and analytics are derived from primary and secondary research,0,11,73,6.636363636363637,0
positive,martela said plans to expand its recycled furniture business elsewhere in finland  too,1,13,86,6.615384615384615,0
neutral,may 29  2010  companiesandmarketscom delivered by newstex   this report provides key data and information on the meat  fish and poultry market in finland,0,23,153,6.6521739130434785,6
neutral,meanwhile  alfa owns 251  of megafon through altimo  and 499  of turkcell via an 185  stake in cukurova holding,0,19,111,5.842105263157895,9
neutral,mercator will use the software for its logistic  retail and wholesale operations in slovenia and its other markets in southeastern europe,0,21,137,6.523809523809524,0
neutral,metsabotnia will sell 821  of its stake in the uruguayan companies and metsaliitto  55,0,14,86,6.142857142857143,5
negative,metso foundries jyvaskyla  inc will begin personnel negotiations on temporary layoffs and personnel reductions in jyvaskyla  finland,-1,17,132,7.764705882352941,0
neutral,metso foundries jyvaskyla oy will discontinue production on this line by 30 september 2008  the company said,0,17,108,6.352941176470588,6
neutral,metso foundries jyvaskyla oy will discontinue production on this line by 30 september 2008,0,14,90,6.428571428571429,6
neutral,metso oyj said it has sold its spreader roll manufacturing business and related assets in the town of nokia  southern finland  to a group of finnish investors  who will operate the business under the name of finbow oy,0,38,217,5.7105263157894735,0
positive,microsoft also churned up its courtship  agreeing to use the navteq mapping service  which is offered by a company nokia bought for  81 billion a few years ago,1,28,159,5.678571428571429,2
neutral,microsoft last week also issued the first patch for the windows 7 operating system beta it had released days earlier,0,20,116,5.8,1
neutral,more than 50000 tonnes of asphalt mix will be used in the contract,0,13,66,5.076923076923077,5
neutral,mreal  which is part of finnish paper maker metsaliitto group  is due to release its secondquarter report at around 1200 eet on 5 august 2010,0,25,141,5.64,9
neutral,mreal corporation stock exchange release 27 august 2009 at 315 pm mreal has received the eur 190 million cash payment from sappi mreal corporation  a part of metsliitto group  divested its graphic papers business to sappi limited at the end of 2008 for eur 750 million,0,46,268,5.826086956521739,19
neutral,n 1 group will pay eur16 5 m of the transaction price upon closing  and the remaining sum in 2012,0,20,97,4.85,8
negative,national conciliator juhani salonius  who met both parties on wednesday  said they were too far apart in their views for him to propose mediation,-1,24,145,6.041666666666667,0
neutral,nd  not disclosed,0,3,17,5.666666666666667,0
neutral,negotiations with representatives of the personnel regarding the restructuring process have now been ended,0,14,106,7.571428571428571,0
neutral,neither of the companies use genetically engineered soy at the moment,0,11,69,6.2727272727272725,0
neutral,neste oil will publish its third quarter 2008 results on friday  24 october 2008 at approximately 9 am  eet,0,19,107,5.631578947368421,11
neutral,new delhi  feb 12  korteniemi anneli  helokunnas tuija  peltola marjo  keskinen jukka  salminen jussi  tusa kia and janhonen risto of nokia telecommunications oy  espoo  finland have developed cable adjustment device,0,30,216,7.2,2
neutral,new novator products are supposed to be exported,0,8,48,6.0,0
positive,new product launches in finland will more than double from 2005,1,11,63,5.7272727272727275,4
neutral,niina nenonen  marimekko s current director for clothing  bags and accessories lines  will take up this role,0,17,108,6.352941176470588,0
neutral,no changes in media activity were seen in october compared with september,0,12,73,6.083333333333333,0
neutral,no decision on such sale of the now issued or existing treasury shares to ya global has been made yet,0,20,101,5.05,0
neutral,no financial detail were available,0,5,34,6.8,0
neutral,no financial details were revealed,0,5,34,6.8,0
neutral,no financial information was provided,0,5,37,7.4,0
neutral,no other ev3 devices were involved in this action,0,9,49,5.444444444444445,1
neutral,nokia is also negotiating the product portfolio of the new company,0,11,66,6.0,0
neutral,nordea pankki suomi oyj  according to previously announced  has made forward contracts on alma media corporation shares,0,17,119,7.0,0
neutral,nordea s chairman of the board hans dalborg has informed the nomination committee that he will not be up for reelection at the annual general meeting in 2011,0,28,157,5.607142857142857,4
neutral,nordea was the cheapest also for a couple in their 30s with debt,0,13,64,4.923076923076923,2
neutral,nordic business report17 january 2006efore plc inaugurates new plant in estonia  19982006 m2 communications ltd finnish power electronics manufacturer efore plc said on tuesday  17 january  that it was inaugurating its new plant in parnu  estonia,0,36,246,6.833333333333333,17
neutral,nordstjernan will make the offer in approximately one month  in september 2007,0,12,78,6.5,4
neutral,number of offers received for this contract is two,0,9,50,5.555555555555555,0
neutral,nwc analysis,0,2,12,6.0,0
neutral,odell has not contacted the state of finland in this issue,0,11,58,5.2727272727272725,0
neutral,okhta center area is expected to have about 700000 square metres of office premises by 2016,0,16,91,5.6875,10
neutral,okmetic has used the furnaces for the contract manufacturing of solar crystals,0,12,78,6.5,0
neutral,okmetic revised its 2010 financial outlook based on its order book,0,11,66,6.0,4
neutral,on 25 august 2009  sampo s stake in nordea was 1945,0,11,51,4.636363636363637,10
positive,on the other hand  montevideo said that having the two mills working in the area will generate jobs,1,18,99,5.5,0
positive,on wednesday he announced that the government would propose granting a licence for two reactors  one to be built by fennovoima  and the other by tvo,1,26,148,5.6923076923076925,0
neutral,one can also apply for jobs directly from the ipad  select which cv to attach and which covering letter is most appropriate for each position,0,25,141,5.64,0
neutral,one price category is for calls on the preferred operator s network  and another for calls on other operators  networks,0,20,119,5.95,0
neutral,operators only need to learn how to use one device for multiple levels of applications  including voicedirected operations,0,18,122,6.777777777777778,0
neutral,originally posted to the pcmagcom security blog  security watch,0,9,63,7.0,0
neutral,oriolakd is a spinoff of finnish pharmaceutical group orion oyj s wholesale division,0,13,84,6.461538461538462,0
neutral,other  northrhine westphalia  is to issue a benchmark  5 year fixed rate deal in euros,0,15,86,5.733333333333333,1
neutral,other details were not provided,0,5,31,6.2,0
neutral,our objective is to yield a significant part of our turnover in russia in a couple of years   says solteq s managing director hannu ahola,0,25,137,5.48,0
neutral,outotec is currently delivering a new oil shale processing plant for eesti energia in estonia based on enefit technology  which has been developed jointly by eesti energia and outotec,0,29,183,6.310344827586207,0
neutral,pa   jpmorgan chase and co  nyse  jpm  and pohjoa bank are joint leadmanagers on the senior  unsecured deal,0,18,107,5.944444444444445,0
neutral,panostaja did not disclose the purchase price,0,7,45,6.428571428571429,0
neutral,pharmaceutical market in belgium global research  data services published recently a market analysis about the pharmaceutical markets in belgium,0,19,144,7.578947368421052,0
neutral,pharmaceutical market in poland global research  data services published recently a market analysis about the pharmaceutical markets in poland,0,19,142,7.473684210526316,0
neutral,philips was not available to comment on the report,0,9,50,5.555555555555555,0
neutral,pohjola and cooperative banks have continued to combine their branch office network,0,12,83,6.916666666666667,0
neutral,pohjola will act as the manager of the issue and the bond will be listed on nasdaq omx helsinki ltd,0,20,99,4.95,0
neutral,ponsse will divide its sales and maintenance service network into six geographical areas,0,13,88,6.769230769230769,0
neutral,poyry plccompany announcement 10 december 2010 at 410 pm pursuant to poyry plc s stock option program 2004  63 792 new shares of the company have been subscribed since 27 october 2010 with stock options 2004b,0,36,208,5.777777777777778,28
neutral,presentation materials will be posted on the company s website  wwwseahawkdrillingcom in the  investor relations  section  on the  webcast  presentations  tab,0,21,158,7.523809523809524,0
neutral,previously  grimaldi held a 4643 pct stake in the finnish company following the takeover bid launched in november 2006,0,19,118,6.2105263157894735,8
neutral,price talk is in the midmarket swaps plus 105 bps area and the leads are barclays  bnpp  ubs and cba,0,20,100,5.0,3
neutral,prior to the transaction  whose financial terms have not been disclosed  alma media owned 40  of kotikokki net,0,18,110,6.111111111111111,2
neutral,production facilities 6 july 2010  finnish investment group neomarkka oyj  hel  nembv  said today that it will buy the former production facilities of kuitu finland ltd  as part of negotiations on the option to invest in specialty cellulose fiber business,0,40,255,6.375,5
neutral,products include consumer electronics devices such as mobile phones and their accessories  settop boxes  flat panel tvs as well as system solutions products such as infrastructure systems  modules and other industrial segment products,0,33,234,7.090909090909091,0
neutral,proha plc  euronext 7327  announced today  19 may  that its fullyowned subsidiary  safran software solutions as  has agreed to sell its 49  share of safran north america llc to a sna holding as  an investment group based in norway,0,39,230,5.897435897435898,8
neutral,proha plc  euronext 7327  announced today  19 may  that its fullyowned subsidiary  safran software solutions as  has agreed to sell its 49  share of safran north america llc to a sna holding as  an investment group based in norway,0,39,230,5.897435897435898,8
neutral,proline plus is available in both adjustable single and multichannel models and fixed volume singlechannel models  in volume ranges from 01 micro litres to 10 ml,0,26,161,6.1923076923076925,4
neutral,protalix closed at  1071 on friday on the american stock exchange  giving a market cap of  827 million,0,18,102,5.666666666666667,7
neutral,protalix is developing genetically engineered proteins from plant cells,0,9,71,7.888888888888889,0
neutral,purchase it for the 12mp snapper  if nothing else,0,9,49,5.444444444444445,2
neutral,rd loan,0,2,7,3.5,0
neutral,radiation and today is a full service house expert in radiation and nuclear safety issues,0,15,89,5.933333333333334,0
neutral,raisio is the site of the main production plants as well as company headquarters,0,14,80,5.714285714285714,0
neutral,rapala vmc corporation  rapala  is a finlandbased company engaged in the manufacture and distribution of fishing equipment and accessories,0,19,138,7.2631578947368425,0
neutral,rautalinko was resposnible also for mobility services  and his job in this division will be continued by marek hintze,0,19,117,6.157894736842105,0
neutral,recently the company decided to build a second identical plant at the same site due to be commissioned toward the end of 2008,0,23,125,5.434782608695652,4
neutral,retail chain suomen lhikauppa was given the index 58  airline sas 58  teliasonera s broadband 61  german retail chain lidl 61  tele finland s mobile subscriptions 61  tallink shipping line 63  and power company helsinki energy 63,0,37,229,6.1891891891891895,14
neutral,risto jalo  chief executive of dormus print and also owner of the remainder of the company  will keep his position after the acquisition,0,23,136,5.913043478260869,0
neutral,rlnordic is a part of raiffeisenbankinggroup austria and is a subsidiary to raiffeisenleasing gmbh in austria,0,16,109,6.8125,0
neutral,rockwell collins is a provider of flight deck  cabin and information management solutions for business aircraft operators,0,17,121,7.117647058823529,0
neutral,s business sectors are building construction  infrastructure construction and technical building services,0,12,105,8.75,0
neutral,salcomp manufacturing oy will pay eur 35 million in cash to salcomp in connection with the implementation of the sale and transfer of the business,0,25,146,5.84,2
neutral,sampo housing loan bank  a unit of finland s sampo bank  has priced its eur1bn  usd1 3 bn  bond at 99889   reuters reported,0,23,123,5.3478260869565215,8
neutral,sampo plc jarmo salonen head of investor relations and group communications tel 358 10 516 0030 distribution  nasdaq omx helsinki the principal media financial supervisory authority wwwsampocom this announcement is distributed by thomson reuters on behalf of thomson reuters clients,0,40,282,7.05,12
neutral,san francisco  marketwatch   nokia corp  the world s largest cellphone maker  is using the consumer electronics show in las vegas to introduce a highend  thin folding phone  according to a media report monday,0,33,208,6.303030303030303,0
neutral,sanoma magazines international will invite other shareholders holding approximately 15  of the shares to sell their shares,0,17,122,7.176470588235294,2
neutral,scanfil plc is a global contract manufacturer and systems supplier for communication and industrial electronics,0,15,111,7.4,0
neutral,schwalm  at  outoteccom eila paatela  vice president  corporate communications tel 358 20 529 2004  mobile 358 400 817198 email eila,0,20,132,6.6,24
neutral,sdm offers general rental equipment  aluminium scaffolding  power generator and hoists to customers in the construction sector,0,17,126,7.411764705882353,0
positive,services supplier efore plc to streamline operations in finland and the us finnish electronic systems and services supplier efore plc  omx helsinki  efo1v  said on tuesday  3 february  that it has initiated statutory negotiations regarding a streamlining of its operations in finland,1,42,283,6.738095238095238,2
neutral,seventythree of those also have more extensive training in products built on the latest archestra technologies  such as the wonderware system platform,0,22,150,6.818181818181818,0
neutral,simultaneously  alma media has purchased a 35  share of arena interactive  a subsidiary of arena partners with a focus on mobile solutions development,0,23,150,6.521739130434782,2
neutral,simultaneously with this merger plan another merger plan has been signed  according to which suomen projektivuokraus oy  a subsidiary of vtmrakennuskonevuokraamo oy  would be merged with vtmrakennuskonevuokraamo oy,0,28,214,7.642857142857143,0
positive,singapore in may 2011 1 july 2010  finnish air carrier finnair oyj  hel  fia1s  said today it will open a daily route to singapore on 30 may 2011 as part of its growth strategy in asia,1,36,184,5.111111111111111,16
neutral,so far as is known  he did not sell shares that he owns personally,0,14,66,4.714285714285714,0
neutral,solidium now holds 50 per cent of the shares solidium oy has acquired 50 per cent of the shares in tieto corporation for approximately eur 58 million,0,27,149,5.518518518518518,6
neutral,some 38 mln euro   52 mln  of the base acquisition price will be paid in cash and the rest through a subscription offering of a total of 850000 new ixonos shares,0,31,161,5.193548387096774,10
neutral,some of the layoffs will be implemented using parttime employment contracts,0,11,75,6.818181818181818,0
neutral,sonoco products co  a us packaging company  said friday it bought the 75 percent of italy s demolli industria cartaria spa it did not already own,0,26,145,5.576923076923077,2
neutral,sponda is a property investment company  specialising in commercial properties in the largest cities in finland and russia,0,18,122,6.777777777777778,0
positive,st petersburg  oct 14  primetass   finnish tire producer nokian tyres plans to invest about 50 million euros in the expansion of its tire plant in the city of vsevolozhsk in russia s leningrad region in 2011  the company s president kim gran told reporters thursday,1,45,265,5.888888888888889,8
neutral,stichting pensioenfonds abp  4 118 122 shares representing 519  of the share capital and voting rights,0,16,102,6.375,10
neutral,stockholm  3 march 2011 about cybercom the cybercom group is a hightech consultancy that offers global sourcing for endtoend solutions,0,20,134,6.7,5
positive,stockmann and swedish sector company ab lindex entered into an agreement on september 30  2007  whereby stockmann  or a whollyowned subsidiary of it  will make a public tender offer for all of lindex s issued shares,1,36,215,5.972222222222222,6
neutral,stora enso has also had meetings with the labor authorities  employment and economic development centres and representatives of the government in order to find solutions,0,25,169,6.76,0
negative,stora enso oyj  the largest papermaker  in october said it would close four mills,-1,14,81,5.785714285714286,0
neutral,subscribers of china unicom  the nation s second largest mobile phone operator after china mobile  are expected to release pictures  videos and blog on the internet via mobile phones as of march 2008,0,33,199,6.03030303030303,4
neutral,sunrise resources operates in russian nearshore development markets through its whollyowned russian subsidiary and has 80  of its personnel in russia,0,21,149,7.095238095238095,2
neutral,swiss bank credit suisse international will act as an investor in the locomotive manufacturing plant  the astana administration said,0,19,132,6.947368421052632,0
neutral,talvivaara mining company plc  talvivaara mining   lse  talv   a finlandbased nickel mining business  has installed its second production line at its metals recovery plant on june 9  2010,0,28,187,6.678571428571429,5
neutral,talvivaara mining company plc talvivaara mining company is an internationally significant base metals producer with its primary focus on nickel and zinc using a technology known as bioheapleaching to extract metals out of ore,0,34,225,6.617647058823529,0
neutral,tampere science parks is a finnish company that owns  leases and builds office properties and it specialises in facilities for technologyoriented businesses,0,22,156,7.090909090909091,0
neutral,target company  tieto corporation  business identity code  01011385 date of change in holding  22 january 2010 portion of the shares and votes  the current group holding of oppohjola group central cooperative  opk  is 2982 587 shares  which represents 414  of the shares and voting rights,0,45,288,6.4,24
neutral,technopolis has approximately 130 customer companies in jyvaskyla,0,8,65,8.125,3
neutral,tecnomen  headquartered in espoo  finland  develops messaging and charging solutions for telecomms operators and service providers worldwide,0,17,140,8.235294117647058,0
neutral,tecnomen s solution can be used for prepaid and postpaid billing  for charging and rating of voice and video calls  data traffic and any kind of content services in both mobile and fixed networks,0,34,195,5.735294117647059,0
neutral,tecnomen s system features a new range of valueadded services for prepaid and postpaid billing  charging and rating of voice calls  data traffic  or any kind of content services in both mobile and fixed networks,0,35,211,6.0285714285714285,0
neutral,teliasonera s subsidiary  the mobile operator emt in estonia  has created a world s first mobile identification service which makes it possible to vote via a mobile phone,0,28,170,6.071428571428571,0
positive,teliasonera said about  100 million will be invested in the next year in the region to bring mobile coverage to about 90  of nepal s population,1,26,143,5.5,5
negative,temporary layoffs  affecting the entire workforce  will also be implemented,-1,10,75,7.5,0
neutral,teollisuuden voima oyj  the finnish utility known as tvo  said it shortlisted mitsubishi heavy s euapwr model along with reactors from areva  toshiba corp  ge hitachi nuclear energy and korea hydro  nuclear power co,0,34,215,6.323529411764706,0
neutral,terms of the acquisition were not disclosed,0,7,43,6.142857142857143,0
neutral,terms were not disclosed,0,4,24,6.0,0
neutral,thanks to the development of a system that enables it to trace the origin of all the palm oil that it uses  it knows exactly where and how its palm oil has been produced,0,34,169,4.970588235294118,0
neutral,the 19200square metre technology center is located near university of tampere in central tampere,0,14,96,6.857142857142857,5
neutral,the 5000 megawatt wind farm being planned in raahe would be built offshore in front of ruukki s raahe works,0,20,107,5.35,4
neutral,the acquired plant has an annual capacity of some 300000 tonnes and most of its production is sold to domestic customers,0,21,120,5.714285714285714,6
neutral,the acquisition is expected to take place by the end of august 2007,0,13,67,5.153846153846154,4
neutral,the acquisition of avc systemhaus and the majority stake in cableway will increase the number of teleste personnel by 250,0,20,121,6.05,3
neutral,the acquisition was financed with  256 billion of debt arranged by goldman  sachs  co,0,14,85,6.071428571428571,3
neutral,the airline was targeting travel agents  tour operators and travel management companies to raise awareness first before targeting consumers  he added,0,21,149,7.095238095238095,0
neutral,the annual report contains the financial statements  the consolidated financial statements  the report by the board of directors and the auditor s report,0,23,153,6.6521739130434785,0
neutral,the annual report will be sent automatically to shareholders holding at least 2000 sampo plc shares,0,16,99,6.1875,4
neutral,the apple inc iphone wo nt change the game plan for verizon communications inc  chief executive ivan seidenberg said wednesday,0,20,126,6.3,0
neutral,the approximately 20000 dwt vessel has been ordered from india,0,10,62,6.2,5
neutral,the arrangements do not apply to the group s units outside finland,0,12,66,5.5,0
neutral,the bank of land acquired the private banking business  asset management  and share brokerage business of kaupthing sweden in early 2009,0,21,136,6.476190476190476,4
neutral,the bank of tokyomitsubishi ufj  ltd acted as agent for the loan,0,12,64,5.333333333333333,0
neutral,the bank vtb24 provides mortgage loans to buy apartments in the complex at 1113  per annum in rubles,0,18,100,5.555555555555555,6
neutral,the biggest sellers in the chain s supermarkets in finland are organic pirkka tomatoes  carrots  eggs  and meat products,0,19,120,6.315789473684211,0
neutral,the bond has a value of eur150m and a maturity of 4 years,0,13,57,4.384615384615385,4
neutral,the bridge will be built to the south of the existing bridge spanning the strait,0,15,80,5.333333333333333,0
neutral,the building will house  for example  respecta oy s jyvaskyla premises  as well as other companies to be announced later  says samuel koivisto  director of technopolis operations in jyvaskyla,0,29,191,6.586206896551724,0
neutral,the business goals for 2009 will realize with the temporary layoffs carried out in the summer of 2009  and with other savings measures,0,23,134,5.826086956521739,8
neutral,the business units of the investlesprom group cover the full forest industry chain  and the group owns forests  sawmills  paper and pulp mills  and other processing plants,0,27,171,6.333333333333333,0
neutral,the businesses to be divested offer dairy  edible fats  readymeal and icecream packaging to multinational and local customers,0,18,125,6.944444444444445,0
neutral,the casing comprises a first side casing member provided with the first side vat segment and a second side casing member provided with the second side vat segment  at least the first side casing member being pivotable about a rotation axis,0,41,239,5.829268292682927,0
neutral,the changes will take effect on 1 january 2010  and they are not estimated to have an impact on the number of employees,0,23,119,5.173913043478261,5
neutral,the city will invite  however  a public procurement tender for the tailormade public furniture  such as park benches  litter receptacles  public toilets  as well as bus shelters  street lights  and other,0,31,203,6.548387096774194,0
neutral,the combined value of the orders is almost eur 3mn,0,10,50,5.0,1
neutral,the combined value of the orders is eur 45mn,0,9,44,4.888888888888889,2
neutral,the combined value of the planned investments is about eur 30mn,0,11,63,5.7272727272727275,2
neutral,the companies aim to close the deal before the end of the year,0,13,62,4.769230769230769,0
neutral,the company also said that it will sell approximately 150 hectares of land to the city of valkeakoski by the end of the year a part of its  from job to job  program,0,33,164,4.96969696969697,3
neutral,the company can not give up palm oil altogether  however,0,10,56,5.6,0
neutral,the company did not disclose the price of the acquisition,0,10,57,5.7,0
neutral,the company distributes hiab s products as well as other products,0,11,65,5.909090909090909,0
neutral,the company does not at present hold any of its own shares,0,12,58,4.833333333333333,0
neutral,the company does not disclose the sum it applied for,0,10,52,5.2,0
neutral,the company expects meat purchases to remain at about 8mn kilos in 2011,0,13,71,5.461538461538462,5
neutral,the company expects to open its first online shop in the us in the summer in 2011,0,17,81,4.764705882352941,4
neutral,the company has decided to stop the operations of ruukki construction division in latvia and lithuania  and concentrate the production and logistics in parnu  estonia in 2009,0,27,174,6.444444444444445,4
neutral,the company intends to launch housing development at the acquired land plots and to construct 5000060 000 square metres of housing per annum by 2011,0,25,148,5.92,14
neutral,the company is headquartered in sievi  finland  and is listed on the nordic exchange in helsinki,0,16,96,6.0,0
neutral,the company may at any time have in its possession one tenth of all its shares at the maximum,0,19,93,4.894736842105263,0
neutral,the company operates power plants in the tyumen and chelyabinsk regions and in the khantymansi autonomous district,0,17,114,6.705882352941177,0
neutral,the company operates worldwide and employs in total approximately 47000 persons,0,11,79,7.181818181818182,5
neutral,the company reiterates its outlook for 2009,0,7,43,6.142857142857143,4
neutral,the company s board of directors will propose a dividend of eur 095 per share for 2008 at the annual general meeting  scheduled to be held on march 23  2009,0,30,156,5.2,13
neutral,the company s board of directors would propose a dividend of eur0 15 per share for 2005,0,17,87,5.117647058823529,7
neutral,the company s board of directors would propose a dividend of eur1 00 per share for 2005,0,17,87,5.117647058823529,7
neutral,the company s equipment rental portfolio consists primarily of tools for small and midsized customers in the construction industry,0,19,130,6.842105263157895,0
neutral,the company s model is based on developer contracting construction projects and customer focused project management,0,16,115,7.1875,0
neutral,the company said that the results of the third quarter do not include nonrecurring items,0,15,88,5.866666666666666,0
neutral,the company says the measures are no longer needed,0,9,50,5.555555555555555,0
neutral,the company serves approximately 3000 customers in over 100 countries,0,10,69,6.9,7
neutral,the company serves customers in various industries  including process and resources  industrial machinery  architecture  building  construction  electrical  transportation  electronics  chemical  petrochemical  energy  and information technology  as well as catering and households,0,31,281,9.064516129032258,0
neutral,the company serves customers in various industries  including process and resources  industrial machinery  architecture  building  construction  electrical  transportation  electronics  chemical  petrochemical  energy  and information technology  as well as catering and households,0,31,281,9.064516129032258,0
neutral,the company was supposed to deliver machinery to a veneer mill in the tomsk region  in russia,0,17,93,5.470588235294118,0
neutral,the company will also shut one paper machine in finland and one in austria  as well as two label paper machines in finland for up to 10 months  helsinkibased upm said yesterday,0,32,176,5.5,2
neutral,the company will disclose further details  including the anticipated transaction timetable and the name of the new investor  within one week,0,21,140,6.666666666666667,0
neutral,the company will issue an inaugural eurobond deal in the near future subject to market conditions,0,16,97,6.0625,0
neutral,the company will propose a dividend of eur0 12 per share for 2008,0,13,65,5.0,7
neutral,the compnay also said that it would lower the price of development projects by about one third compared with last november,0,21,122,5.809523809523809,0
neutral,the construction project is scheduled to start in the second quarter of 2009 and the new building is scheduled to be in place by the end of 2010,0,28,144,5.142857142857143,8
neutral,the contract also includes installation work in a new multistorey carpark for close on 1000 vehicles,0,16,100,6.25,4
neutral,the contract comprises a log handling line  a peeling line  and a veneer drying and grading line,0,17,96,5.647058823529412,0
neutral,the contract covers the supply of temporary heating equipment for lkab s new pellet plant in kiruna  in northern sweden,0,20,119,5.95,0
neutral,the contract has been allotted as per lowest price criteria,0,10,59,5.9,0
neutral,the contract includes design  construction  delivery of equipment  installation and commissioning,0,11,97,8.818181818181818,0
neutral,the contract includes software licences  application maintenance and training,0,9,77,8.555555555555555,0
neutral,the contract incorporates a convergent charging rating solution for voice and data  which includes internet  gprs  sms  mms and wap,0,20,131,6.55,0
neutral,the contract is for next year,0,6,29,4.833333333333333,0
neutral,the contract will take effect in 2009 for a five or ten year period,0,14,67,4.785714285714286,4
neutral,the contracts between raute corporation and muling kemian wood products co  ltd  which were announced on 3 november 2010  have taken effect,0,22,139,6.318181818181818,5
negative,the contracts of the employees  96 of whom are bluecollar workers  will be ended between march and august 2011,-1,19,110,5.7894736842105265,6
negative,the current layoffs are additional to the temporary layoffs agreed in december 2008 and in may 2009,-1,17,99,5.823529411764706,8
neutral,the cvs of the proposed members are available for viewing from 12 march 2008 onwards on the internet at wwwsampocomir,0,20,117,5.85,6
neutral,the deal also includes a tenyear maintenance agreement,0,8,54,6.75,0
neutral,the deal includes an option for cramo to buy out the minority stake in 2011,0,15,75,5.0,4
neutral,the deal includes the entire personnel of planmill oy  who will transfer to the new company as socalled old employees,0,20,117,5.85,0
negative,the decision means temporary layoffs of fixed duration at the company s nastola and jyvaskyla units  in southern and central finland  respectively,-1,22,146,6.636363636363637,0
neutral,the decision of the french court relates to the claims raised by twentyone former aspocomp sas employees  the company said,0,20,122,6.1,0
neutral,the divested stake represented about 27 m shares in okmetic s capital,0,12,69,5.75,2
neutral,the dividends payable annually shall be deducted from the share subscription price,0,12,82,6.833333333333333,0
neutral,the duration of the contract is 37 months,0,8,41,5.125,2
neutral,the duration of the layoffs per employee will vary from one to six weeks,0,14,72,5.142857142857143,0
neutral,the ecb can mainly target inflation,0,6,35,5.833333333333333,0
neutral,the efore plant at saarijarvi in central finland is one of the largest employers in the region,0,17,94,5.529411764705882,0
neutral,the employee negotiations are to address measures needed to adjust the operations to the present production situation,0,17,117,6.882352941176471,0
neutral,the energy shot is packed in a 100millilitre bag with a screw cap,0,13,65,5.0,3
neutral,the engine has an electrical output of 18321 kw  making it the largest gas powered generating set in the world,0,20,110,5.5,5
neutral,the estonian parliament was set to vote on amendments to the excise duty law on wednesday that would add 042 kroons to the price of a liter of diesel and 045 kroons to the price of a liter of gasoline from the start of 2010,0,45,223,4.955555555555556,10
positive,the executive group will participate in the adjustments with a fixedterm 5  salary cut,1,14,86,6.142857142857143,1
neutral,the exercise price of the option will be based on safran software solutions  license and maintenance sales as well as the result of the company,0,25,143,5.72,0
neutral,the facility will be used to refinance citycon s existing credit facility  the company said,0,15,91,6.066666666666666,0
neutral,the fair value of capman plc s own investments on 30 september 2008 amounted to meur 598,0,17,88,5.176470588235294,9
neutral,the financial details of the acquisition were not disclosed,0,9,59,6.555555555555555,0
neutral,the financial details of the transaction were not disclosed,0,9,59,6.555555555555555,0
neutral,the financial statements and interim reports will be released around at 900 am  finnish time  on the given dates,0,19,112,5.894736842105263,3
neutral,the financial statements release will be available after publishing on the company s internet pages at wwwcargoteccom,0,17,117,6.882352941176471,0
neutral,the finnish company has also reached arrangements regarding the working hours and annual holidays,0,14,97,6.928571428571429,0
neutral,the finnish paints company acquired the remaining 49 pct that it did not own from ukraine s lgu for an undisclosed sum,0,22,118,5.363636363636363,2
neutral,the finnish real estate investment company interavanti oyj said on monday  22 september  that it has agreed to sell its 65  ownership in the finnish ticket service company lippupiste oy to cts eventim ag  561   and to the managing director of lippupiste oy,0,43,256,5.953488372093023,7
neutral,the firm is headquartered in vantaa  southern finland and has 16 employees,0,12,74,6.166666666666667,2
neutral,the firm s services include copying  printing  cadmodelling  digital printing  scanning  sokopro project bank and courier services,0,17,130,7.647058823529412,0
neutral,the first four of the new shopinshops will be opened this spring  on madison avenue in new york as well as in chicago  los angeles and san francisco,0,28,148,5.285714285714286,0
neutral,the fixed acquisition price amounts to nok 70  approximately eur 87  million and additional price nok 15  eur 18  million at maximum,0,22,132,6.0,8
neutral,the fixedterm contract of mr jarmo ukonaho  the current general manager of incap s indian operations  will finish by the end of the year,0,24,136,5.666666666666667,0
neutral,the flagship will open this fall in manhattan s flatiron district in the  toy building   at 200 fifth avenue,0,19,108,5.684210526315789,3
neutral,the full midnighttrader extendedhours trading analysis and news service is available in realtime through comtex,0,15,111,7.4,0
neutral,the fullfunction pc weighs 125 kilograms and measures slightly more than two centimeters thin,0,14,93,6.642857142857143,3
neutral,the government has instead proposed an exchange of the state s stake in lmt to teliasonera s stake in lattelecom,0,20,112,5.6,0
neutral,the group reiterated its forecast that handset manufacturers will sell around 915 mln units this year globally,0,17,110,6.470588235294118,3
neutral,the group s business sectors are building construction  infrastructure construction  technical building services  and building products,0,16,135,8.4375,0
neutral,the group said it intends to initiate within this year the process of buyout of minority shareholders of ragutis with the aim of becoming the sole owner of the company,0,30,167,5.566666666666666,0
neutral,the gypsii mobile social networking application is available in china with both chinese and english language support,0,17,116,6.823529411764706,0
neutral,the handset maker did not disclose any financial details,0,9,56,6.222222222222222,0
neutral,the hosting mobile terminal guides information flow between itself  the participating terminals  and optionally  with network servers that may assist the hosting mobile terminal,0,24,177,7.375,0
neutral,the huge bridge girders will be delivered to the site from our plant in ylivieska  finland,0,16,90,5.625,0
neutral,the idea of saving electricity in data transfer is still a new one,0,13,66,5.076923076923077,0
neutral,the identity of the buyer is not yet known,0,9,42,4.666666666666667,0
neutral,the insolvency act regulates the amount of debt that borrowers are permitted to write off,0,15,89,5.933333333333334,0
neutral,the intent of the article was to focus attention on the fact that the development model that china had followed was very different than the model that india had followed,0,30,169,5.633333333333334,0
neutral,the investment would be some eur5m,0,6,34,5.666666666666667,1
neutral,the latest result included pershare charges of 5 cents for stock compensation  1 cent for research and development and 1 cent for strategic investments,0,24,151,6.291666666666667,3
neutral,the layoffs will start gradually and will last from one to six weeks,0,13,68,5.230769230769231,0
neutral,the machinery now ordered will be placed in a new mill with an annual production capacity of 40 000 m3 of overlaid birch plywood,0,24,128,5.333333333333333,6
neutral,the major part of the deliveries include different ac and cxe amplifier solutions and products by belgian dinh telecom  a broadband solutions company acquired by teleste in the spring of 2007,0,31,191,6.161290322580645,4
neutral,the major part of the deliveries include different ac and cxe amplifier solutions and products by dinh telecom  a company acquired by teleste last spring,0,25,153,6.12,0
neutral,the market share of volkswagen passenger cars in finland was 101 percent  audi had a market share of 31 percent and seat s share was 09 percent,0,27,143,5.296296296296297,7
neutral,the market value of one crane is some usd6m  reported the finnish news agency stt,0,15,81,5.4,1
neutral,the markets are almost completely controlled by three banks  nordea  op bank group  and sampo,0,15,93,6.2,0
neutral,the maximum grade of the veneer yield is calculated  based on the dimensions and grades of the veneer products  as well as by iterating the places of the peeling axes and simulating the peeling process,0,35,201,5.742857142857143,0
neutral,the maximum obligated total trades per day is isk 400000000 market value,0,12,72,6.0,9
neutral,the mediumterm operative targets of the company remain unchanged,0,9,64,7.111111111111111,0
neutral,the met is located in the central business district  cbd  of bangkok,0,12,68,5.666666666666667,0
neutral,the most significant challengers in the market are logset and samporosenlew,0,11,75,6.818181818181818,0
neutral,the name of the buyer was not disclosed,0,8,39,4.875,0
neutral,the name of the newspaper publishing and printing division sanoma will be changed to sanoma news,0,16,96,6.0,0
negative,the negotiation has resulted in the reduction of 80 people in regular employment  around half of which will be covered with pension arrangements,-1,23,144,6.260869565217392,2
neutral,the network test business is part of elektrobit s test and automation business segment and employs 39 people in finland and 22 people abroad  mainly in the us and asia,0,30,167,5.566666666666666,4
neutral,the new chain has 700 discount stores and 250 supermarkets,0,10,58,5.8,6
neutral,the new company  diapol srl  would manufacture tools meant for glass and stone preprocessing,0,14,92,6.571428571428571,0
neutral,the new kroksberg railway tunnel will be built on a new section of track between harnosand and veda  forming part of the line that follows the coast of the gulf of bothnia,0,32,171,5.34375,0
neutral,the new location is nt the only change wellmont has in store for its air transport service,0,17,90,5.294117647058823,0
neutral,the new name of the sanoma division will be sanoma news,0,11,55,5.0,0
neutral,the new shares will provide the shareholders with full shareholder rights,0,11,73,6.636363636363637,0
neutral,the new units should become one of the largest ones within the company,0,13,70,5.384615384615385,0
neutral,the notice in its entirety with other proposals from the nomination committee and the board will be published at least four weeks before 28 april on the company s website and in post  och inrikes tidningar and dagens industri,0,39,225,5.769230769230769,2
neutral,the number of class a shares remains unchanged at 9526089 shares,0,11,64,5.818181818181818,7
neutral,the number of magazine and newspaper readers remained unchanged,0,9,63,7.0,0
negative,the number of permanent reductions of clerical workers is 22 employees  of which 19 in finland,-1,16,94,5.875,4
neutral,the objective is that trading in the shares will commence on may 2  2007,0,14,72,5.142857142857143,5
neutral,the online ice chart shows no ice in the area of estonia s sea ports on the coast of the gulf of finland,0,23,104,4.521739130434782,0
neutral,the order includes a log handling line  peeling line and drying line for the production of parquet base layer veneer for plyfa s hassela mill  central sweden,0,27,157,5.814814814814815,0
neutral,the order is a followon to an 11 mln euro   161 mln  deal made in july 2007,0,17,75,4.411764705882353,9
neutral,the order is included in metso s fourth quarter 2007 order backlog,0,12,66,5.5,4
neutral,the order is related to renewing the network of the telecommunications operator,0,12,79,6.583333333333333,0
neutral,the orders are part of a longterm development plan of latvijas finieris,0,12,71,5.916666666666667,0
neutral,the orders consist in total of over 1600 panels of liftaway weatherdeck hatch covers and they will be delivered for container vessels with capacities ranging from 2000 to 13300 teus,0,30,181,6.033333333333333,13
neutral,the other deal is for process cranes to the russian steel mill pntz in pervorouralsky through an order placed by turkish construction company gama endustri tesisleri imalat ve montaj as,0,30,185,6.166666666666667,0
neutral,the other two sellers were the finnish national fund for rd  sitra  and oras invest oy  which also sold half of their shareholdings  leaving them with 38 pct and 32 pct of the company respectively,0,35,196,5.6,4
neutral,the outsourcing agreement  which covers equipment and depots in turku and tampere  will run for five years  cramo said on thursday,0,21,130,6.190476190476191,0
neutral,the owners who have participated in the business operations of the company will continue in poyry s employment after the transaction,0,21,132,6.285714285714286,0
neutral,the parties have therefore agreed to leave avena out of the deal,0,12,64,5.333333333333333,0
neutral,the passenger tunnel is expected to be put into operation in 2009,0,12,65,5.416666666666667,4
neutral,the permanent magnet generators and power converters are today the preferred solution in new wind turbine designs  the company said,0,20,131,6.55,0
negative,the personnel reduction will be carried out in anjalankoski  hollola  jyvaskyla  jarvenpaa  karhula  turku and valkeakoski units,-1,17,128,7.529411764705882,0
neutral,the personnel s expertise and high level of technology play a major role in exel composites operations,0,17,102,6.0,0
neutral,the plant is expected to enter commercial operation by mid2009,0,10,62,6.2,4
neutral,the plant is expected to start production in the first half of 2007,0,13,67,5.153846153846154,4
neutral,the plant will collect raw material from the baltic sea region,0,11,62,5.636363636363637,0
neutral,the plant will go on stream in november 2008 and its estimated daily production will be 120000 litres of bioethanol,0,20,115,5.75,10
neutral,the platen edges in contact with the band are provided with a seal having a protrusion directed towards the middle area of the platen  and means are provided to exert and maintain a pressure in the volume defined by the platen  the band and the seal,0,46,249,5.413043478260869,0
neutral,the platform would continue to be the development framework for symbian and meego,0,13,81,6.230769230769231,0
neutral,the point village  designed by scott tallon walker  will include a shopping center  office premises  a hotel and a cinema,0,20,121,6.05,0
neutral,the port facilities  throughput is 250000 teus and 75 mln tons of general cargo,0,14,79,5.642857142857143,8
neutral,the power generated annually by loviisa covers about 10  of finland s electricity consumption,0,14,93,6.642857142857143,2
neutral,the power supplies  dc power systems and inverters designed and manufactured by efore  and systems incorporating them are used in many different applications,0,23,157,6.826086956521739,0
neutral,the presentation material can be viewed on the company s website in english after the conference,0,16,96,6.0,0
neutral,the previous offer was 34  of voting rights and 123  of capital,0,12,63,5.25,5
neutral,the price of gmo soy is 5  7  lower than that of nongmo,0,13,55,4.230769230769231,2
neutral,the prices of stainless steel also rose in europe,0,9,49,5.444444444444445,0
neutral,the process products orders are for the installation of separationfiltration equipment at three natural gas pipeline projects in china  south america  and saudi arabia,0,24,167,6.958333333333333,0
neutral,the product advisory does not apply to any other nokiabranded battery  the company said,0,14,87,6.214285714285714,0
neutral,the project also implies an underground parking lot for 56 vehicles,0,11,67,6.090909090909091,2
neutral,the properties were purchased from swedish private equity real estate firm niam and goldman sachs  whitehall street real estate funds,0,20,133,6.65,0
neutral,the proposal that the board of directors will make at the annual general meeting is attached as a whole to this release,0,22,119,5.409090909090909,0
neutral,the proposed consolidation activities will impact approximately 30 positions,0,9,76,8.444444444444445,2
neutral,the purchase price was not disclosed,0,6,36,6.0,0
negative,the reduction notice applied to 17 people,-1,7,41,5.857142857142857,2
neutral,the reductions will be concluded by autumn 2010,0,8,47,5.875,4
neutral,the reductions will be implemented immediately  beginning in october 2009,0,10,73,7.3,4
neutral,the reductions will be implemented mainly in the course of the first half of 2009,0,15,81,5.4,4
neutral,the repo rate will gradually reach 2  at the end of 2010  according to nordea s economic outlook,0,18,96,5.333333333333333,5
neutral,the report profiles 158 companies including many key and niche players including major nonwovens manufacturers such as ahlstrom corporation  asahi kasei corporation  buckeye technologies  inc  ei,0,26,195,7.5,3
neutral,the report will be emailed within 2 business days of an order,0,12,61,5.083333333333333,1
neutral,the rme from telcontar enables the handset to calculate the best route and includes support for userdefined routes  feature navigability and multimodal routing such as via foot and ferry,0,29,186,6.413793103448276,0
neutral,the sale of the food potato business is part of raisio s plan to streamline and clarify its business operations,0,20,111,5.55,0
neutral,the sale price was not disclosed,0,6,32,5.333333333333333,0
neutral,the sales price was not disclosed,0,6,33,5.5,0
neutral,the second variant offers complete final finishing of any selected apartment with foreign high quality materials  finland  denmark  germany  france,0,20,147,7.35,0
neutral,the secondary antenna can also be used for reception of the high power signal of the radar to calibrate the transmission channels of the radar,0,25,142,5.68,0
neutral,the segu companies and pkc s polish unit will form a business servicing the western european markets with  annual sales of about hundred million  and about 2500 employees  the finnish company s ceo  harri suutari  said,0,36,218,6.055555555555555,4
neutral,the sellers include 40 shareholders  including intellibis management  employees and other investors,0,12,99,8.25,2
neutral,the sellers were eoss innovationsmanagement and a group of private individuals,0,11,78,7.090909090909091,0
neutral,the sellers were the founders of the company,0,8,44,5.5,0
neutral,the serial bond is part of the plan to refinance the shortterm credit facility,0,14,78,5.571428571428571,0
neutral,the share capital of basware corporation is 11720829,0,8,52,6.5,8
neutral,the share capital of biotie therapies corp constitutes 90211860 shares in the aggregate and the number of voting rights attached to the shares amounts to 90211860,0,26,162,6.230769230769231,16
neutral,the share sale  to foreign and finnish investors  is expected to raise some euro300 million  us 380 million,0,18,107,5.944444444444445,6
neutral,the share subscription period for stock options 2007a is between 1 april 2010 and 31 march 2012,0,17,95,5.588235294117647,15
neutral,the shares represented 4998  of total share capital and 214  of total voting rights,0,14,83,5.928571428571429,7
neutral,the shares shall be acquired according to the rules of nasdaq omx helsinki and otherwise according to the rules related to acquisition of the company s own shares,0,28,162,5.785714285714286,0
neutral,the shares subscribed will be eligible for trade on the following day from the registration,0,15,91,6.066666666666666,0
neutral,the size of a cider bottle will remain unchanged,0,9,48,5.333333333333333,0
neutral,the solution will now be expanded to include all ground staff tasks,0,12,67,5.583333333333333,0
neutral,the start of the negotiations  relating to glaston s efficiency program  was announced in october,0,15,97,6.466666666666667,0
neutral,the study is expected to provide proof of pharmacodynamic activity in humans  corroborate the safety profile and establish dose ranges for further therapeutic studies,0,24,166,6.916666666666667,0
neutral,the subject of the project is provide to the company like  software programming and consultancy services  computerrelated services  data services  computer support and consultancy services  internet services etc,0,28,211,7.535714285714286,0
neutral,the swedish player became majority owner of ucell in mid2007,0,10,60,6.0,4
neutral,the talks involved the food and ingredients divisions  as well as group service functions  the company said,0,17,107,6.294117647058823,0
neutral,the technology park will be built near st petersburgbased pulkovo airport,0,11,73,6.636363636363637,0
neutral,the technology will become available to businesses from the fourth quarter  nokia said,0,13,86,6.615384615384615,0
neutral,the tecnomen convergent charging solution includes functionality for prepaid and postpaid billing  charging and rating of voice calls  video calls  raw data traffic and any type of content services in both mobile and fixed networks,0,35,231,6.6,0
neutral,the tekla structures 16 installation has been built according to microsoft s requirements for the windows 7 certification  the company added,0,21,140,6.666666666666667,3
neutral,the total number of voting rights is 74612523,0,8,45,5.625,8
neutral,the total restructuring costs are expected to be about eur 30mn  of which eur 135 mn was booked in december 2008,0,21,112,5.333333333333333,9
neutral,the total service concept also includes technology services  with which raute supports its customers throughout the entire life cycle of their investments,0,22,154,7.0,0
neutral,the total size of the complex is around 25000 m2 and the project will be constructed in stages,0,18,94,5.222222222222222,6
neutral,the total value of the deliveries is some eur65m,0,9,48,5.333333333333333,2
neutral,the total value of the order  placed by aspo  marine transportation subsidiary esl shipping oy  is eur 60 million  usd 775 m,0,22,124,5.636363636363637,5
neutral,the train is expected to cross the russian territory in 9 days  reaching the vostochny port,0,16,91,5.6875,1
neutral,the transaction covers a building lot of 46763 sq m and factory buildings of 19631 sq m since the autumn of 2007  when scanfil discontinued its production operations in oulu  the facilities have been partly leased to other parties,0,39,230,5.897435897435898,14
neutral,the transaction is expected to be finalized by dec 2009,0,10,55,5.5,4
neutral,the transaction is subject to a final agreement between the parties  approvals of their decisionmaking bodies and approval by the finnish competition authority,0,23,159,6.913043478260869,0
neutral,the transaction was announced on september 29 when pohjola insurance agreed to pay eur 80 million  usd 1063 m  in cash for pohjantahti,0,23,134,5.826086956521739,8
neutral,the turbines are expected to be launched by the end of 2012,0,12,59,4.916666666666667,4
neutral,the use of validation rule base enables verifying that processing rule bases managed by different administrators fulfil some set requirements,0,20,141,7.05,0
neutral,the value of the order is about eur 30mn,0,9,40,4.444444444444445,2
neutral,the value of the order is around eur 100 million,0,10,48,4.8,3
neutral,the value of the order is eur 25 mn,0,9,35,3.888888888888889,2
neutral,the value of the order is eur 4mn,0,8,33,4.125,1
neutral,the value of the order is eur 700000,0,8,36,4.5,6
neutral,the value of the order is nearly eur400m,0,8,40,5.0,3
neutral,the value of the order is usd 22 mn,0,9,35,3.888888888888889,2
neutral,the value of the order is usd 23 mn,0,9,35,3.888888888888889,2
neutral,the value of the orders is about eur 25mn,0,9,41,4.555555555555555,2
neutral,the value of the orders is about eur 70mn,0,9,41,4.555555555555555,2
neutral,the value of the orders is over eur 10mn,0,9,40,4.444444444444445,2
neutral,the value of the orders is over eur 25mn,0,9,40,4.444444444444445,2
neutral,the value of the total investment is about eur 600mn,0,10,52,5.2,3
neutral,the webcast may be followed online on the company website at wwwruukkicominvestors,0,12,82,6.833333333333333,0
neutral,the venture recently agreed to buy motorola s wireless networks business for  12 billion and to deploy lightsquared s national 4g network,0,22,137,6.2272727272727275,3
neutral,the vessels are the largest and fastest ropax vessels in the world that will be built by fincantieri,0,18,100,5.555555555555555,0
neutral,the whitehall street real estate funds invest in real estate and real estate related assets  principally through the acquisition of real estate companies  real property and mortgage loans,0,28,187,6.678571428571429,0
neutral,the volume of investments in the two phases of the project is estimated at usd 300mn  eur 21503 mn,0,19,98,5.157894736842105,8
positive,the volumes are expected to increase during the next few years,1,11,62,5.636363636363637,0
neutral,the world of glass is coming to egypt and we invite visitors from all around the world to attend glass world exhibition 2009  register now at wwwglassworldexcom,0,27,160,5.925925925925926,4
neutral,their names have not yet been released,0,7,38,5.428571428571429,0
neutral,there are no substitutes to ac drives,0,7,37,5.285714285714286,0
neutral,there did not seem to be enough hours in a day for pekkarinen,0,13,61,4.6923076923076925,0
neutral,there will be return flights from stuttgart every morning  as well as evening departures on thursdays  fridays and sundays,0,19,122,6.421052631578948,0
neutral,therefore  phase iii of the research will not be conducted by abbott,0,12,68,5.666666666666667,0
neutral,these include software development for internet and mobile telephone content  communications  valueadded software  financial services  security applications  systems integration and electronics   ebrd informed,0,23,209,9.08695652173913,0
neutral,these include software development for internet and mobile telephone content  communications  valueadded software  financial services  security applications  systems integration and electronics,0,21,193,9.19047619047619,0
neutral,these module products will be available for trials during 3q07 and for volume deliveries during 4q07,0,16,100,6.25,6
neutral,these sections will be put into place to form the loadbearing steel structure of the bridge   says sami eronen  senior vice president  infrastructure and northern europe  ruukki construction,0,28,190,6.785714285714286,0
neutral,they can be used to control the speed of electric motors used by industry and municipal engineering  and in power generation using renewable energy,0,24,147,6.125,0
neutral,they will be sunk to a depth of some 360380 metres and fixed to the bottom mud by vacuum,0,19,88,4.631578947368421,6
neutral,this amount will not be included in the pensionable salary,0,10,58,5.8,0
neutral,this corrensponds to 4628 percent of okmetic s share capital and voting rights,0,13,78,6.0,4
neutral,this corresponds to 681 percent of okmetic s share capital and voting rights,0,13,76,5.846153846153846,3
neutral,this includes a eur 395 mn change in the fair value of investment properties,0,14,76,5.428571428571429,3
neutral,this will be done domestically and in neighboring markets  both organically and through acquisitions,0,14,100,7.142857142857143,0
neutral,this would be a huge process,0,6,28,4.666666666666667,0
neutral,through the new production lines at the novator mill in veliky ustjug  vologda oblast  sveza will change its current 15 m by 15 m birch plywood production targeting the domestic market to produce 15 m by 30 m overlaid birch plywood for the global market,0,45,253,5.622222222222222,8
neutral,through the nordic exchange  omx offers access to approximately 80 percent of the nordic and baltic securities market,0,18,117,6.5,2
neutral,tiimari s registered share capital is 16474755 shares as per today,0,11,66,6.0,8
neutral,tikkurila  a division of kemira group  controls about 23  of the russian market in its field and owns st petersburg paint producer tex,0,23,134,5.826086956521739,2
neutral,tn means that the handset supports teliasonera s telia navigator global positioning system service,0,14,98,7.0,0
neutral,treatment products in usa  canada  mexico  australia and brazil today  global research  data services is going to publish several market analyses about the markets for water treatment products in some selected countries,0,32,219,6.84375,0
neutral,two of these contracts are for turntable anode vibrocompactors that will be delivered to gansu hualu aluminum co ltd and another unnamed costumer,0,23,145,6.304347826086956,0
neutral,tyrvaan sanomat  published twice a week by tyrvaan sanomat oy  appears in sastamala and kiikoinen,0,15,97,6.466666666666667,0
neutral,usbased t corp is in talks with scandinavian telecoms company teliasonera to sell its stake in uzbek cellular operator coscom  an executive at coscom told interfax,0,26,163,6.269230769230769,0
neutral,uncertainties still exist  however,0,4,34,8.5,0
neutral,under the contract  ericsson will more than double the number of radio base stations in the elisa network over the coming year,0,22,126,5.7272727272727275,0
neutral,under the deal  know it will pay sek90m  usd12 8 meur8 6 m  in cash and stock,0,17,77,4.529411764705882,7
neutral,under the plan  which cses worked out together with public policy management institute  ppmi  and other partners  buildings with a total area of 10000 square meters should be built on the territory in the first phase,0,36,216,6.0,5
neutral,unilever s turun sinappi that is made in sweden holds 40  of the market,0,14,71,5.071428571428571,2
neutral,union and company officials did not return calls yesterday,0,9,58,6.444444444444445,0
neutral,upm is talking to myllykoski s creditor banks  nordea  sto  nda   nordic investment bank and danske bank s  cph  danske  sampo bank  over a deal  the paper said,0,28,160,5.714285714285714,0
neutral,upm s aim is to secure botnia s strategic development and investments,0,12,69,5.75,0
neutral,upon completion of these transactions  metso s stake will amount to more than 60,0,14,80,5.714285714285714,2
neutral,upon establishment  the plan is directed to approximately 20 persons,0,10,68,6.8,2
neutral,vacon recently announced plans to build its north american headquarters at 5 business park in chambersburg,0,16,106,6.625,1
neutral,vaisala  headquartered in helsinki in finland  develops and manufactures electronic measurement systems for meteorology  environmental sciences  traffic and industry,0,19,165,8.68421052631579,0
neutral,vaisala s present weather detector measures visibility up to 20 km  as well as precipitation type and intensity,0,18,111,6.166666666666667,2
neutral,water treatment products in australia today  global research  data services is going to publish a market analysis about the market for chemical water treatment products in australia,0,27,181,6.703703703703703,0
neutral,we are now taking marimekko there on a distinctly more significant scale,0,12,72,6.0,0
neutral,what we think,0,3,13,4.333333333333333,0
neutral,when the negotiations were started  neste oil anticipated that 450 people would be affected,0,14,91,6.5,3
neutral,when the product is manufactured in finland  it is also packed in the country,0,14,77,5.5,0
neutral,why not give your bedroom a cool makeover for summer,0,10,52,5.2,0
neutral,virala oy ab was allocated by the board of directors an amount of eur 19 million which is eur 025 million lower than maximum announced on 12302010,0,27,146,5.407407407407407,13
neutral,with five different game modes  coop tournaments  4 player splitscreen and multiplayer modes  players can have as much fun as they would if they were actually fishing,0,27,166,6.148148148148148,1
neutral,with sales of  127 billion over the last twelve months ending october  2010 and over 9200 stores in 35 states  dollar general is the nation s largest small box discount retailer,0,31,177,5.709677419354839,13
neutral,with the us federal government putting a stake in the ground  vendors  and their customers  are focused on meeting the deadline,0,21,127,6.0476190476190474,0
neutral,with this  the company will exit the contract manufacturing service segment,0,11,75,6.818181818181818,0
neutral,von koskull will oversee a new unit of nordea  which brings together corporate merchant banking  financial institutions and capital markets products divisions,0,22,158,7.181818181818182,0
neutral,votorantim celulose e papel  vcp  is part of the votorantim group  a major brazilian conglomerate,0,15,97,6.466666666666667,0
neutral,yit acquired investment rights to a 10000 square metre residential project in yaroslavl and to a 16400 square metre project in moscow,0,22,133,6.045454545454546,10
neutral,yit corporation sept 24  2007 at 1330 corporate release stock exchange release yit s capital markets day in london  sept 26  2007 on wednesday  september 26  2007  yit will hold a capital markets day for investors and analysts in london,0,40,236,5.9,22
neutral,yit kausta will build commercial and residential highrises in virsuliskes area,0,11,78,7.090909090909091,0
neutral,you re not alone,0,4,16,4.0,0
neutral,munich  14 january 2008  bavaria industriekapital ag closed the acquisition of elcoteq communications technology gmbh in offenburg  germany  with the approval of the,0,23,165,7.173913043478261,6
neutral,cash flow from operating activities before investments was eur 08 12 million,0,12,76,6.333333333333333,4
neutral,cash flow from operating activities before investments was eur 76 million eur 25 million,0,14,88,6.285714285714286,4
neutral,christine idzelis eqt partners sheds salcomp swedish financial investor eqt partners is selling a majority of its stake in mobile phone charger manufacturer salcomp oyj to nordic investment company nordstjernan ab,0,31,213,6.870967741935484,0
neutral,profit before taxes was eur 1059 827 million,0,8,44,5.5,7
neutral,the group  s cumulative sales during the review period were eur 482 million eur 531 million  192007 and profit before taxes was eur 12 14 million,0,26,145,5.576923076923077,16
neutral,the group  s profit before taxes was eur 02 78 million,0,11,54,4.909090909090909,4
neutral,the group  s sales during the period were eur 316 million eur 366 million  162007 and profit before taxes was eur 02 13 million,0,24,127,5.291666666666667,16
neutral,compagnie de financement foncier  is to issue a benchmark  10 year covered deal in euros,0,15,88,5.866666666666666,2
neutral,the company continued the development of a fully human antibody in its vap1 antibody program,0,15,92,6.133333333333334,1
neutral,the profit after taxes was eur 577 111 million,0,9,46,5.111111111111111,6
neutral,westpac banking corp  is to issue a benchmark  3 year frn deal in euros,0,14,71,5.071428571428571,1
neutral,because we re a pension insurance company  we re required to diversify and not put too much in one asset class,0,21,110,5.238095238095238,0
neutral,lemminkainen talo oy s lahti office is a significant logistics and business premises constructor,0,14,96,6.857142857142857,0
neutral,marimekko aims to expand its distribution network primarily by increasing the number of concept stores and shopinshops,0,17,118,6.9411764705882355,0
neutral,marimekko operates in an industry in which changes in the business climate are reflected in consumer demand,0,17,107,6.294117647058823,0
neutral,over the years  the color orange has become synonymous with quality,0,11,67,6.090909090909091,0
neutral,the enterprise value of the fray bentos pulp mill and forestal oriental totals approximately euro1 6 billion   upm said,0,19,119,6.2631578947368425,2
neutral,the new unit is a major investment in the finnish media scene,0,12,61,5.083333333333333,0
neutral,these developments partly reflect the government s higher activity in the field of dividend policy,0,15,98,6.533333333333333,0
neutral,this agreement is a direct result of lcc s strategy and plan that was announced earlier this year   said dean douglas  lcc s chief executive officer,0,26,148,5.6923076923076925,0
neutral,this could be us,0,4,16,4.0,0
neutral,we are selling an information systems development business to the finns,0,11,71,6.454545454545454,0
neutral,we have a group of 120 volunteers made up of digicel employees who will manage the distribution  over the next week  they will distribute the 19000 tents to more than 150 organizations   digicel haiti ceo maarten boute said,0,38,223,5.868421052631579,11
neutral,we have come out with a decision which is based on our preliminary economic  operational and environmental findings   karvinen said,0,20,131,6.55,0
neutral,1 april 2011  finnish machinery rental company ramirent oyj hel  rmr1v said today it has acquired the assets of sector player stavebni doprava a mechanizace sdm in the czech republic for an undisclosed sum,0,34,205,6.029411764705882,6
negative,18 march 2010 a leakage in the gypsum pond was detected today at the talvivaara mine,-1,16,84,5.25,6
positive,7 march 2011  finnish it company digia oyj hel  dig1v announced today an agreement with mobilephone major nokia oyj hel  nok1v to acquire the commercial licensing and service business related to nokia s qt technology,1,35,216,6.171428571428572,7
neutral,8600 m  and at the time of investment it is fully leased to several tenants,0,15,75,5.0,4
neutral,a filter is used to preprocess packets to determine if they need to be further processed by the processor of the network device,0,23,127,5.521739130434782,0
positive,a profit is still on target,1,6,27,4.5,0
neutral,a spokeswoman for the italian fashion house declined comment on the settlement,0,12,78,6.5,0
neutral,a total eur73 7 m will be provided as secured senior threeyear debt from the syndicate  involving pohjola bank hel  poh1s  the finnish arm of nordea bank ab sto  nda  and sampo bank hel  samas,0,35,192,5.485714285714286,4
negative,a total of 140 jobs will be reduced at the raahe steel works,-1,13,60,4.615384615384615,3
neutral,a total of 15000 new citycon shares with a nominal value of eur 135 per share were subscribed between 17 and 23 march 2006 exercising the abc options based on the company s stock option plan 1999,0,37,195,5.27027027027027,20
neutral,a total six of the polled analysts rated mreal  two gave  buy    accumulate   three gave  hold  and only one gave  sell,0,21,119,5.666666666666667,0
neutral,abn  59 087 901 620 now represent 510  of the voting rights and share capital of citycon oyj,0,18,92,5.111111111111111,14
positive,according to finnish aktia bank s managing director jussi laitinen  the bank s aim is to triple the number of its customers in finland in the next five years,1,29,157,5.413793103448276,0
neutral,according to finnish financial services group sampo s ceo  bjrn wahlroos  danish danske bank s acquisition of sampo bank for eur 4bn was the largest cash deal in finland s economic history,0,32,188,5.875,1
neutral,according to finnish lnnen tehtaat s ceo matti karppinen  now that lnnen tehtaat has sold the majority of its feed and grain business  it will quickly start to look for acquisitions,0,31,181,5.838709677419355,0
neutral,according to finnish scanfil s founder and chairman of the board  jorma j takanen  the company has to look for growth abroad,0,22,124,5.636363636363637,0
neutral,finnish property investment company citycon will expand and refurbish kersberga shopping center in stockholm  in sweden,0,16,119,7.4375,0
neutral,after nonrecurring items of eur 177mn  profit amounted to eur 20mn,0,11,66,6.0,5
neutral,after the acquisition  basware s preliminary pro forma net sales for 2005 amount to eur 526 mn  and preliminary pro forma operating profit amounts to eur 71 mn,0,28,159,5.678571428571429,9
neutral,after the sale  outokumpu s share of the technology unit will be reduced to some 1220 percent,0,17,93,5.470588235294118,4
neutral,after the transaction  danske bank becomes an equal player with nordic bank group nordea in the nordic countries,0,18,112,6.222222222222222,0
neutral,ahlstrom  headquartered in helsinki  finland  is a global company involved in the development  manufacture and marketing of high performance fibrebased materials,0,21,161,7.666666666666667,0
neutral,ahlstrom  headquartered in helsinki  finland  is a global leader in the development  manufacture and marketing of high performance fibrebased materials,0,20,151,7.55,0
neutral,ahlstrom corporation anne pirila director  financial communications distribution  helsinki stock exchange main media ahlstrom in brief ahlstrom is a leader in the development  manufacture and marketing of high performance fiberbased materials,0,31,242,7.806451612903226,0
neutral,ahlstrom corporation seppo parvi  cfo distribution  main media wwwahlstromcom ahlstrom in brief ahlstrom is a global leader in the development  manufacture and marketing of high performance nonwovens and specialty papers,0,30,220,7.333333333333333,0
neutral,ahlstrom corporation stock exchange announcement 722007 at 1030 a total of 56955 new shares of ahlstrom corporation have been subscribed with option rights under the company s stock option programs i 2001 and ii 2001,0,35,216,6.171428571428572,23
neutral,aldata solution  a global company engaged in supplier to consumer business process optimization  has announced the details of its dollars for dinosaurs program,0,23,159,6.913043478260869,0
neutral,aldata solution oyj thomas hoyer cfo more information  aldata solution oyj  thomas hoyer  cfo  tel 358 45 670 0491 aldata in brief aldata solution is one of the global leaders in supply chain software for retail  wholesale and logistics companies,0,40,246,6.15,12
neutral,alexandria  va  march 20  patrik flykt and timo alakoski  both of helsinki  finland  and tapio suihko and nadarajah asokan  both of espoo  finland  have developed a method of mobility support of internettype protocol traffic in a communication system,0,38,250,6.578947368421052,2
neutral,alexandria  va  nov 19  erkki aho  elimaki  finland  has developed a method and apparatus in conjunction with a shoe press,0,20,122,6.1,2
neutral,alexandria  va  nov 5  risto kontturi of rajamaki  finland  and jari ylinen of hyvinkaa  finland  have developed an automated transportation system with a usercontrolled transport selection,0,26,189,7.269230769230769,1
neutral,all depends on financing,0,4,24,6.0,0
neutral,almost two thirds of olvi s net sales come from outside finland,0,12,63,5.25,0
neutral,also  cba is to issue a benchmark  10 year fixed rate deal in euros,0,14,67,4.785714285714286,2
neutral,amanda capital has investments in 22 private equity funds and in over 200 unquoted companies mainly in europe,0,18,109,6.055555555555555,5
neutral,among other industrial stocks  metso added 053 pct to 4004 eur  wartsila b was down 077 pct at 4787 eur and rautaruukki k was 108 pct lower at 3756 eur,0,30,151,5.033333333333333,21
neutral,among paper issues  stora enso r was little changed  up 008 pct at 1203 eur  upmkymmene was 048 pct higher at 1877 eur and mreal b added 050 pct to 399 eur,0,32,155,4.84375,20
neutral,an android app will be coming soon,0,7,34,4.857142857142857,0
neutral,an apple spokeswoman said the company declined to comment,0,9,57,6.333333333333333,0
neutral,analysts surveyed by thomson financial expected revenue of  69 million for the quarter,0,13,86,6.615384615384615,2
neutral,around 250 of these reductions will be implemented through pension arrangements,0,11,79,7.181818181818182,3
neutral,around 50 percent of the world s roro fleet is over 25 years old and needs to be scrapped for environmental reasons,0,22,115,5.2272727272727275,4
neutral,as a consequence of the merger the number of administration personnel at the factories will be reduced by six,0,19,109,5.7368421052631575,0
neutral,as a result  the number of personnel in finland will be reduced by 158,0,14,70,5.0,3
negative,as a result some 20 persons will no longer be needed,-1,11,52,4.7272727272727275,2
neutral,as much biomass will be used as can be sourced locally  with the rest of the plant s fuel needs met by peat,0,23,107,4.6521739130434785,0
neutral,as part of the transaction  the nekoski paper mill remained in mreal s ownership and continued galerie art production for sappi under a longterm contract,0,25,153,6.12,0
positive,aspo plc stock exchange announcement may 4  2006 at 1000 am an increase in the share capital of aspo plc totaling eur 112560 was registered today,1,26,145,5.576923076923077,15
neutral,aspo s group structure and business operations are developed persistently without any predefined schedules,0,14,106,7.571428571428571,0
neutral,aspocomp group  headquartered in helsinki  finland  develops interconnection solutions for the electronics industry,0,13,115,8.846153846153847,0
neutral,based in helsinki  finland  ramirent has branches in 13 nordic  central and eastern european countries,0,15,102,6.8,2
neutral,based on the 2005 calendar year the combined company had eur15 8 bn in pro forma annual revenues and is expected to start operations with 60000 employees,0,27,153,5.666666666666667,12
neutral,bavaria industriekapital ag s 2006 revenues were eur 333 million  with an ebitda of eur 51 million,0,17,98,5.764705882352941,9
negative,biohit said that it will reduce the number of leased personnel by 10  and lay off 10 of its own personnel,-1,21,105,5.0,4
neutral,bm4 middle layer headbox will be equipped with a dilution control system,0,12,72,6.0,1
neutral,boomerang boats had net sales of eur 41 mn and it made an operating profit of eur 04 mn in 2006,0,21,95,4.523809523809524,8
neutral,by the end of 2006  the number of joint branch offices will total 170,0,14,69,4.928571428571429,7
neutral,cameco typically prices sales contracts using a 4060 ratio of fixed prices and spot prices,0,15,90,6.0,4
neutral,capman  the stockholmheadquartered private equity firm  has held a first close on its second private equity real estate fund as it continues its push into the property sector,0,28,174,6.214285714285714,0
neutral,cargotec s business areas also include the container handling solutions business area kalmar and the marine cargo handling and offshore load handling solutions business area macgregor,0,26,183,7.038461538461538,0
neutral,cargotec s sales totalled eur 34 billion in 2008 and it employs approximately 11000 people,0,15,90,6.0,11
neutral,cargotec will also move hallbergivarsson s service and installation business under the same roof with its service center for kalmar and macgregor solutions in gothenburg,0,25,169,6.76,0
neutral,citigroup  inc nyse  c  deutsche bank nyse  db and pohjola bank are lead managers for the sale,0,17,94,5.529411764705882,0
neutral,coffee will be served starting at 1430 eet as well as after the event,0,14,69,4.928571428571429,4
neutral,combined net sales in 2006 were  27 million and ebitda was  137 million,0,13,71,5.461538461538462,9
neutral,combined with the basware enterprise purchase to pay portfolio  it provides a high level of automation for procurement and invoice workflows,0,21,140,6.666666666666667,0
neutral,commenting on the deal  shane lennon  svp of marketing  product development at gypsii said,0,14,90,6.428571428571429,0
positive,comparable net sales are expected to increase more than 10  in 2008  in line with group target,1,17,94,5.529411764705882,6
neutral,componenta has production lines for similarsized products at karkkila in finland  at weert in the netherlands and at orhangazi in turkey  and these had a combined output of approximately 100000 tonnes and net sales of eur 135 million in 2007,0,40,241,6.025,13
neutral,componenta will also offer a fiveyear subordinated loan for subscription by the public,0,13,86,6.615384615384615,0
neutral,cs cabot s main consumers on the czech and slovak market are tires producers barum continental and matador continental,0,19,118,6.2105263157894735,0
neutral,curators have divided their material into eight themes,0,8,54,6.75,0
neutral,currently  95  of trainers house s revenues are attributed to the finnish market,0,13,80,6.153846153846154,2
neutral,currently  the company uses eight similar reach stackers and four empty container handlers by konecranes,0,15,104,6.933333333333334,0
neutral,currently alfred a palmberg is putting the finishing touches to one of finland s biggest ever replumbing and bathroom refurbishment projects also in the district of vuosaari,0,27,173,6.407407407407407,0
neutral,currently glaston employs approximately 1500 persons,0,6,52,8.666666666666666,4
neutral,currently it operates a fleet of eight carriers  as well as nine pushers and barges,0,15,83,5.533333333333333,0
neutral,customers include hotels and restaurants as well as wholesalers and some retailers,0,12,82,6.833333333333333,0
neutral,customers wave cards in front of the reader to make payments  similar to  touch and go  cards used in transport systems,0,21,119,5.666666666666667,0
neutral,deliveries will start in the second half of 2007 and the startup of the mill is scheduled for 2008,0,19,98,5.157894736842105,8
neutral,delivery is expected to take place later this month,0,9,51,5.666666666666667,0
neutral,deutsche beteiligungs  as well as a private equity fund it manages  first bought 75  of mce in a secondary buyout from white plains  ny  financial investor andlinger  co in 2007,0,30,177,5.9,6
neutral,earnings per share eps in 2005 amounted to a loss of eur1 26,0,13,60,4.615384615384615,7
neutral,earnings per share eps in the first quarter amounted to a loss of eur0 20,0,15,73,4.866666666666666,3
neutral,economic development in china is no longer taking place only on the east coast and in the shanghai area  vauramo says,0,21,117,5.571428571428571,0
neutral,eero katajavuori  currently group vice president  human resources  will take a yearlong sabbatical starting from october 1  2010,0,18,128,7.111111111111111,5
neutral,elcoteq expects its net sales for the last quarter of 2010 to be on the level of the third quarter,0,20,98,4.9,4
neutral,elcoteq s global service offering covers the entire lifecycle of products  from product development to aftermarket services,0,17,123,7.235294117647059,0
neutral,enp newswire  22 march 2011 release date  21032011  a total of 13000 talvivaara mining company plc s new shares were subscribed for during the period between 1 january 2011 and 28 february 2011 under the company s stock option rights 2007a,0,41,239,5.829268292682927,34
neutral,eq bank forecasts olvi s net sales at eur 67mn in the second quarter of 2009  and operating profit at eur 64 mn,0,23,111,4.826086956521739,8
neutral,established in 1989  capman manages nordic buyout  mezzanine  technology  life science and real estate funds with approximately euro 3 billion  4 billion in total capital,0,25,170,6.8,6
neutral,eur 1524 mn of this was net interest income,0,9,43,4.777777777777778,4
neutral,exel s board of directors will propose a dividend of 02 euro  03 per share for 2006 at the annual general meeting on april 19  2007,0,26,131,5.038461538461538,14
neutral,financing of the project will come mainly from china,0,9,52,5.777777777777778,0
neutral,finnish component supplier componenta corporation omx helsinki  cth1v said on monday 16 june that it is changing its pricing cycle due to the increase of raw material prices,0,28,173,6.178571428571429,3
neutral,finnish construction company yit hel  yty1v said it had agreed to take over german facility engineering and facility systems firm caverion for eur73m usd90 3 m,0,26,159,6.115384615384615,6
neutral,finnish fibers and plastics producer suominen corporation omx helsinki  suy1v reported on wednesday 22 october an operating loss of eur0 8 m on net sales of eur55 2 m for the third quarter of 2008,0,35,196,5.6,12
neutral,finnish neste oil that was previously on the list  has fallen off the list completely,0,15,85,5.666666666666667,0
neutral,finnish silicon wafer technology company okmetic oyj omx helsinki  okm1v said on wednesday 17 september that it will invest eur6m in its sensor wafer business during 2009,0,27,170,6.296296296296297,8
neutral,finnish silicon wafers maker okmetic oyj said on september 17  2008 that it will invest a total of 15 mln euro  213 mln in its sensor wafer business,0,28,148,5.285714285714286,11
negative,finnish sports equipment company amer sports said it has decided to lay off 370 workers from its salomon division in france,-1,21,123,5.857142857142857,3
neutral,fiskars is also engaged in the global supply of marine and energy equipment solutions and services through its associated company  wartsila corporation,0,22,151,6.863636363636363,0
neutral,fiskars r  founded in 1649  is one of the oldest companies in the world and is the largest manufacturer of lightweight stainless steel scissors in the us,0,27,153,5.666666666666667,4
neutral,fl group s private equity division manages all operating companies  including icelandair group  fl travel group  bluebird and sterling,0,19,134,7.052631578947368,0
neutral,following the acquisitions  panostaja will establish a new business unit which will focus on heat treatment of metals,0,18,117,6.5,0
neutral,following the demerger  the vice president of the group s pharmaceutical trade in finland  jukka niemi  will be appointed managing director of oriola in addition to his current responsibilities,0,29,193,6.655172413793103,0
neutral,following the divestment  fiskars s outdoor unit will comprise the brands gerber  silva and buster  and will focus on multitools  knives  compasses  mobile lighting  pedometers  and aluminium boats,0,28,197,7.035714285714286,0
neutral,following the issue  the number of shares in the swedish company will grow by 9,0,15,79,5.266666666666667,1
neutral,following the transaction  tulikivi restructured its operations into the soapstone fireplaces business  natural stone product business and ceramic products business units,0,21,170,8.095238095238095,0
neutral,for 2009  net profit was eur 3 million and the company paid a dividend of eur 130 apiece,0,18,88,4.888888888888889,8
neutral,for 2009  net profit was eur3m and the company paid a dividend of eur1 30 apiece,0,16,80,5.0,8
neutral,fortum is now considering taking part in nuclear energy projects outside of finland,0,13,83,6.384615384615385,0
neutral,from 2003 on  the emphasis of kyro s strategy has been on glaston s growth,0,15,74,4.933333333333334,4
neutral,garmin fell 45 percent to  3453 at 133 pm in new york  while google slid 07 percent at  57650,0,19,93,4.894736842105263,16
neutral,ge is building the facility with wind power developer invenergy wind llc,0,12,72,6.0,0
neutral,glaston  headquartered in tampere  finland  is a growing and international glass technology company,0,13,99,7.615384615384615,0
neutral,group net sales in the third quarter of 2007 totaled eur 1423 mn and operating profit eur 43 mn,0,19,95,5.0,10
neutral,gs engineering will install the valves at a liquefied natural gas lng plant it has built for uae lng extraction and gas plants operator gasco in ruwais  uae,0,28,156,5.571428571428571,0
neutral,guangdong  october 26  sinocast  nokia telecommunications dongguan branch entered into a letter of intent to open a nokia class in qingyuan polytechnic  qingyuan city of guangdong province,0,27,188,6.962962962962963,2
neutral,he joins technopolis from kone where he has held various positions within the group  most recently as director of service business and business development for kone s middle eastern operations,0,30,192,6.4,0
neutral,high winds also toppled three semitrailers on i15 north of barstow,0,11,66,6.0,2
neutral,hk ruokatalo s target is to know the consumers,0,9,46,5.111111111111111,0
neutral,honkarakenne s customer in this project is one of the biggest real estate companies in kazakhstan  according to the company,0,20,123,6.15,0
neutral,however  the production is almost entirely very labor intensive and based on small investments only,0,15,99,6.6,0
positive,in 2006  the company intends to invest significantly in expanding its distribution and maintenance network,1,15,106,7.066666666666666,4
neutral,in 2007  etteplan had turnover of eur125 2 m,0,9,44,4.888888888888889,8
neutral,in 2007  the group s net sales stood at eur 42 million and it had about 1445 employees,0,18,86,4.777777777777778,10
neutral,in 2007 etteplan reported a turnover of eur125 2 m,0,10,50,5.0,8
neutral,in 2008  avc systemhaus had net sales of eur 10 million usd 71 m,0,14,64,4.571428571428571,8
neutral,in 2008 stockmann earned 3398 million lats in profit on 48012 million lats in turnover,0,15,86,5.733333333333333,13
neutral,in 2010  sanoma magazines expects net sales to be at the 2009 level,0,13,67,5.153846153846154,8
neutral,in addition  the company is considering the start of production in russia,0,12,73,6.083333333333333,0
negative,in addition  the company will reduce a maximum of ten jobs,-1,11,58,5.2727272727272725,0
neutral,in addition  the kazakh delegation will visit finland s sitra investment fund  honkarakenne ltd and nokia headquarters to study teliasonera ltd jsc s activities,0,24,160,6.666666666666667,0
neutral,in addition to its stake in megafon  telecominvest currently owns 100  of shares in web plus and st petersburg payphones  51  in telecom equipment producer peterservis and a number of other minor assets,0,33,202,6.121212121212121,5
positive,in addition to russia  we now seek additional growth in ukraine,1,11,63,5.7272727272727275,0
neutral,in addition to software development  the new design unit will provide for mechanical engineering and electronics design,0,17,119,7.0,0
neutral,in addition to verification of an identity and digital signatures  new stateapproved mobile id enables to cast votes in elections as well,0,22,137,6.2272727272727275,0
neutral,in april 2010  olvi s range of ciders will expand with a strawberryrhubarb and an applepear cider in green bottles with a new shape,0,24,131,5.458333333333333,4
neutral,in apriljune 2008  scanfil s net sales totalled eur 587 mn and operating profit eur 66 mn,0,17,89,5.235294117647059,9
positive,in banking  sampo a was unchanged at 1424 eur and nordea rose 042 pct to 951 eur,1,17,80,4.705882352941177,10
neutral,in finland  alma media will focus on quality and developing chain operations,0,12,76,6.333333333333333,0
neutral,in finland  the five largest brands control 90  of the beer market,0,12,66,5.5,2
negative,in finland finnish pharmaceutical company orion corporation omx helsinki  ornav said on wednesday 7 january that it has concluded its personnel negotiations in finland and will reduce the number of personnel by 205,-1,33,214,6.484848484848484,4
neutral,in july it and quadriga capital sold their lewa gmbh pumpmaking business to japan s nikkiso co,0,17,94,5.529411764705882,0
neutral,in november  the finnish government decreased its ownership in the company further to 311 percent from 38 percent,0,18,113,6.277777777777778,5
neutral,in sweden the agreement covers data communication services as well,0,10,66,6.6,0
neutral,in the automobile space  maruti is the most searched brand in cars,0,12,66,5.5,0
positive,in the autumn  it plans to expand service to st petersburg and moscow and launch service to yekaterinburg  russia  flying there three times a week,1,25,146,5.84,0
neutral,in the beginning of the negotiations  the estimated number of reductions was 50 at the maximum,0,16,94,5.875,2
neutral,in the czech republic  the profiling unit at ostrava will be closed and the machinery will be relocated to ruukki s bigger plants in hungary  poland and romania by the end of the first quarter of 2009,0,37,200,5.405405405405405,4
neutral,in the czech republic  the smaller profiling unit at ostrava will be closed and the machinery will be gradually relocated to ruukki s bigger plants in hungary  poland and romania by the end of the first quarter of 2009,0,39,218,5.589743589743589,4
neutral,in the first quarter of 2008  sacanfil s net sales totalled eur 500 mn and its operating profit eur 47 mn,0,21,105,5.0,9
neutral,in the third quarter of 2007  net sales totaled eur 2595 mn  and operating profit eur 388 mn,0,18,92,5.111111111111111,11
neutral,incap contract manufacturing services pvt ltd  a subsidiary of incap corporation of finland  is acquiring the manufacturing unit of the tvs electronic ltd at tumkur  near bangalore  for rs40 crore,0,30,196,6.533333333333333,2
neutral,inha works has invested in its product development and market research,0,11,70,6.363636363636363,0
neutral,it comes complete with an lcd touch screen system for selection of your chosen function and prices start at around the pounds 4805 mark,0,24,135,5.625,4
neutral,it grew in finland  norway  denmark and the baltic countries,0,10,60,6.0,0
neutral,it includes options for additional 30 communal building sites as well as construction supervision works for all construction sites,0,19,130,6.842105263157895,2
neutral,it is being developed by symbian  the software licensing consortium led by nokia,0,13,80,6.153846153846154,0
neutral,it is estimated that the consolidated turnover of kausta guder will reach lt 53mn us 2253 mn eur 1535 mn in 2007,0,22,112,5.090909090909091,14
neutral,it is the first application in the market for invoice and purchase requisition approval with a mobile device,0,18,108,6.0,0
neutral,it now owns 80565 shares in amer sports corporation  equaling 011  of the company s share capital and voting rights,0,20,115,5.75,8
neutral,it posted a turnover of 45 mln euro  61 mln and an operating profit of 15 mln euro  20 mln for 2006,0,22,99,4.5,12
neutral,ixonos will finance the acquisition through a 38 mln euro  52 mln loan,0,13,70,5.384615384615385,4
neutral,jrvisuomen portti is also planning to reduce the use of sodium nitrite,0,12,70,5.833333333333333,0
neutral,karachi  sept 14  ixonos  a world leader in the development and integration of solutions for handheld devices  announced that it is implementing a touch screen mobile user interface solution for the intel atom processor z6xx based smartphones,0,37,242,6.54054054054054,3
neutral,kaukotelko s centralized administration will be dissolved and appropriate parts of it will be transferred to operating activities and group administration by the end of the year,0,27,177,6.555555555555555,0
neutral,kemira s rd organization comprises approximately 750 people  the company said,0,11,77,7.0,3
negative,konecranes has previously communicated an estimated reduction of about 1600 employees on group level in 2009,-1,16,108,6.75,8
neutral,lt also acquired a 50 pct stake in local sector company salvor oy at the beginning of september 2007,0,19,100,5.2631578947368425,6
neutral,laavainen said benecol was well known in europe and the us  where it had been in the market for 15 years,0,21,104,4.9523809523809526,2
neutral,latin america currently accounts for approximately 40  of sales at tecnotree  company president and ceo eero mertano recently told bnamericas,0,20,141,7.05,2
positive,latvenergo has ordered a significant expansion to the tekla xpower network information system,1,13,93,7.153846153846154,0
neutral,lcs s services cover the whole life cycle of software and information systems  from process modelling and tailored software development  to hosting services  solution management  maintenance and support,0,28,202,7.214285714285714,0
positive,lemcon has also signed a precontract for the purchase of the park s entire 130hectare site,1,16,90,5.625,3
neutral,lieksaare oy has earlier been regarded under the control of saarelainen oy and the individual shareholders under the shareholder agreement,0,20,138,6.9,0
neutral,liquid handling products include electronic and mechanical pipettes  disposable tips as well as pipette maintenance and calibration services for research institutions  healthcare and industrial laboratories,0,25,206,8.24,0
neutral,adp news  jan 13  2009  finnish industrial and environmental measurement equipment maker vaisala oyj omx  vaias said yesterday it will develop an operational reference radiosonde for climate change observations,0,29,210,7.241379310344827,6
neutral,adpnews  dec 23  2009  norwegian financial services group sparebank 1 gruppen as osl  sbgrp said its board of directors appointed today jarle haug managing director of its claims collection subsidiary sparebank 1 gruppen finans,0,34,227,6.676470588235294,8
neutral,mkel is demanding a new board for the company as well as discussions on the merger of alma media and media company talentum,0,23,123,5.3478260869565215,0
neutral,marathon estimates the value of its remaining stake in protalix at  27 million,0,13,78,6.0,2
neutral,margin call of zanadvorov has given the chance to make such purchase under the credit of deutsche bank for usd 560 million,0,22,122,5.545454545454546,3
neutral,marimekko is considering further measures in the matter,0,8,55,6.875,0
neutral,marketing will use tikkurila s existing infra structure and local knowledge in russia,0,13,85,6.538461538461538,0
neutral,metsaliitto will sell 11 million b shares of neomarkka  accounting for about 183 pct of neomarkka s equity and about 127 pct of the voting rights,0,26,145,5.576923076923077,8
neutral,moreover  konecranes and kito intend to transfer the hoist distribution business of konecranes  japanese joint venture mhs konecranes to kito,0,20,141,7.05,0
neutral,most of the growth in beer consumption took place in the far east  latin america and africa,0,17,91,5.352941176470588,0
neutral,most of the new substations support edge technology  which enables faster data traffic,0,13,86,6.615384615384615,0
neutral,most of the raw materials come from europe and the us and are paid in euros or us dollars  while sales take place in rubles,0,25,123,4.92,0
neutral,most recently  he founded virent energy systems  inc  an 80 person catalytic biofuels company  where  as president and ceo  he led the company through multiple financings  defined the company s market strategy  and secured the company s first customers,0,39,252,6.461538461538462,2
neutral,motorola accounted for 115 percent of the south korean handset market as of the end of april  samsung held 55 percent and lg electronics 19 percent  according to koreabased atlas research group,0,32,193,6.03125,7
neutral,motorola inc of the united states came second with shipments of 2174 million units for a 213 percent market share  followed by south korea s samsung electronics co with shipments of 1180 million units for an 116 percent share,0,39,225,5.769230769230769,14
neutral,mr jortikka is president of the base metal division of outotec oyj in finland and is on the executive committee of outotec,0,22,122,5.545454545454546,0
neutral,mr kr vasantha has been appointed managing director of incap contract manufacturing services pvt ltd,0,15,100,6.666666666666667,0
neutral,mr doring has been with eaton since 1989 and acted as the business unit manager for eaton s power controls business unit since january 2007,0,25,139,5.56,8
neutral,mr koistinen joins from nokia siemens networks where he has held various senior sales management and business development positions since 1997,0,21,142,6.761904761904762,4
neutral,mr mcdonald started the evening with his own set  featuring hits from his solo career and his doobie brothers years and a selection of rb cover songs that met with mixed results,0,32,177,5.53125,0
neutral,mreal corporation stock exchange announcement 29 september 2006 at 415 pm kyro corporation and mreal corporation  a metsaliitto group subsidiary  have agreed on an arrangement which gives mreal option to purchase the kyroskoski natural gas powerplant from kyro,0,38,260,6.842105263157895,9
neutral,mreal plans to discontinue production of standard coated fine paper in the hallein and gohrsmhle mills,0,16,102,6.375,0
neutral,neste oil will offer outplacement services to the 111 employees to be reduced,0,13,77,5.923076923076923,3
neutral,news corp s myspacecom web site will display submissions for the expanded broadband emmy awards as part of an effort to identify aspiring video artists,0,25,151,6.04,0
neutral,niam offer financial investors a high return via investments in funds that in turn invest in all types of properties,0,20,116,5.8,0
neutral,no changes regarding the virala oy ab s ownership of shares of tiimari has taken place,0,16,86,5.375,0
neutral,no financial details of the deployment were disclosed,0,8,53,6.625,0
neutral,no financial or pricing details were disclosed,0,7,46,6.571428571428571,0
neutral,no planned closing date was provided,0,6,36,6.0,0
neutral,no service pricing details were disclosed,0,6,41,6.833333333333333,0
neutral,nordea bank ab publ holds 6000 alma media shares  representing 0008  of share capital and voting rights,0,17,103,6.0588235294117645,8
neutral,nordea pankki suomi oyj s ownership in stonesoft corporation has decreased below 120,0,13,84,6.461538461538462,3
neutral,nordea will coordinate the syndicated loan,0,6,42,7.0,0
neutral,nordstjernan has used its option to buy another 224  stake of salcomp s shares and votes,0,16,88,5.5,3
neutral,nviro operates processing facilities independently as well as in partnership with municipalities,0,12,96,8.0,0
neutral,okmetic closed its plant in espoo in early 2004  and all production lines from the site were moved to okmetic s plants in vantaa  finland and texas  usa,0,28,152,5.428571428571429,4
neutral,okmetic has a global customer base and sales network  production plants in finland and the us and contract manufacturers in japan and china,0,23,139,6.043478260869565,0
neutral,on preliminary estimate  the hotel will operate under the brand novotel,0,11,71,6.454545454545454,0
neutral,one of the largest projects of the magazine division of sanomawsoy  sanoma magazines international in 2006 became launch of the russian magazine gloriya,0,23,152,6.608695652173913,4
neutral,operating profit of operations in finland in the period under review totaled eur 113 mn  remaining at the 2005 level,0,20,116,5.8,7
neutral,oppohjola group s capital adequacy ratio under the act on credit institutions stood at 121  and tier 1 ratio at 121,0,21,115,5.476190476190476,7
neutral,our customers include companies in the energy and process industry sectors  in particular,0,13,89,6.846153846153846,0
neutral,our key geographical markets are europe  russian federation  middleeast  southafrica and japan,0,12,94,7.833333333333333,0
neutral,our tools are specifically designed with the needs of both the business users and ict experts in mind,0,18,101,5.611111111111111,0
neutral,outotec s delivery covers the engineering  supply and construction of a circulating fluid bed calcination plant with a capacity of 1600 tons of alumina per day,0,26,159,6.115384615384615,4
neutral,ova press has a 60  stake in the joint venture  while imsm holds a 40  stake,0,16,76,4.75,4
neutral,panostaja owns a 6877 pct of share capital and the voting rights of suomen helasto shares following an exchange of shares which was carried out on may 30  2007,0,29,159,5.482758620689655,10
neutral,panostaja plc today acquired the entire share capital of suomen graafiset palvelut ltd  a provider of printing services,0,18,119,6.611111111111111,0
neutral,paper company mreal calculated that if 100000 biscuit cartons are made using a 25gsm lighter board  the co2 saved over the course of 12 months would be equal to that generated by driving 1000 km by car,0,37,201,5.4324324324324325,15
negative,paper stocks were among the biggest fallers  with stora enso down 230 pct to 1401 eur  mreal down 286 pct to 509 eur and upmkymmene 114 pct lower at 1910 eur,-1,31,157,5.064516129032258,20
neutral,part of the reductions will be made through retirement arrangements,0,10,67,6.7,0
neutral,payment for acquired shares will be made in cash  and the price per share will be eur 1 plus an administration fee,0,22,114,5.181818181818182,1
neutral,pct lower at 444210,0,4,19,4.75,6
neutral,pharmaceutical market in czech republic global research  data services published recently a market analysis about the pharmaceutical markets in czech republic,0,21,158,7.523809523809524,0
neutral,pharmaceutical market in italy global research  data services published recently a market analysis about the pharmaceutical markets in italy,0,19,140,7.368421052631579,0
neutral,pharmaceutical market in netherlands global research  data services published recently a market analysis about the pharmaceutical markets in netherlands,0,19,152,8.0,0
neutral,previously  it projected the figure to be slightly lower than in 2009,0,12,69,5.75,4
neutral,previously  the company expected its 2008 financial performance to remain at the same level as in 2008,0,17,102,6.0,8
neutral,profit after taxes totaled eur 121 mn,0,7,37,5.285714285714286,3
neutral,qpr processguide is available as a system solution with centralized storage and management of process content as well as a standalone desktop version  qpr processguide xpress,0,26,174,6.6923076923076925,0
neutral,quartal oy now owns 2094063 shares in satama interactive plc  which represents 519 per cent of the share capital and voting rights,0,22,130,5.909090909090909,10
neutral,renesas mobile europe ltd has approximately 470 employees in oulu,0,10,65,6.5,3
neutral,rihko said the sale will enable the company to concentrate on its grainbased business,0,14,85,6.071428571428571,0
neutral,rihko started to manage raisio s benecol business in summer 2006 after heading tobacco company altadis  european operations,0,18,123,6.833333333333333,4
neutral,rim has revamped the blackberry os ui with the 60 version of the mobile operating system,0,16,88,5.5,2
neutral,rimi supermarket is the key customer in magistral center,0,9,56,6.222222222222222,0
neutral,rimvesta is now controlled by the estonianowned real estate development company ell nekilnojamas turtas  which a member of merko  the largest construction group in the baltic countries,0,27,184,6.814814814814815,0
neutral,risto raty  tekla s executive vice president  said that tekla structures and archicad will cover the entire design and documentation workflow throughout a construction project,0,25,175,7.0,0
neutral,rohwedder group is an automotive supplies  telecommunications and electronics industry provider for customers in europe  north america and asia,0,19,143,7.526315789473684,0
neutral,rosa is one of the bestknown duckburg illustrators,0,8,50,6.25,0
neutral,rsa s shares closed at 1569 p at the time of going to press,0,14,59,4.214285714285714,4
neutral,rubin says he expects capman to announce 12 additional transactions in 2009,0,12,75,6.25,6
neutral,russia s video international group holds a controlling stake in russian media ventures,0,13,86,6.615384615384615,0
neutral,s outokumpu technology business will begin trading on the nordic exchange in helsinki starting oct 10  becoming the sixth company to list on that exchange this year  the company said friday,0,31,189,6.096774193548387,2
positive,salo  finland  29 august 2006  benefon has today announced its plans to further strengthen its inhouse technology platform  by licensing the complete mobile software platform  opna  from its longstanding technology partner  pollex,1,32,230,7.1875,6
neutral,sampo group that has become a major shareholder in nordea owns trygvesta s main competitor  if p  c insurance,0,19,109,5.7368421052631575,0
neutral,scanfil holdings include 100  of contract electronics manufacturer scanfil ems group,0,11,84,7.636363636363637,3
neutral,since the registration of the shares subscribed in a directed share issue  the new number of panostaja shares and voting rights is 41733110,0,23,139,6.043478260869565,8
neutral,stora enso s business in north america has annual capacity of about 3 million tons and employs about 4350 people,0,20,112,5.6,5
neutral,stora enso will receive a 199 pct equity interest in the combined company,0,13,73,5.615384615384615,3
neutral,stora is due to release its fourthquarter and 2009 fullyear earnings on feb 4,0,14,77,5.5,5
neutral,storengy is the gdf suez company that is dedicated to the underground storage of natural gas,0,16,92,5.75,0
positive,strand associates is expanding its madison corporate headquarters with space to add about 100 employees to the engineering firm,1,19,127,6.684210526315789,3
neutral,talentum acquired a 475 pct stake in varesvuo partners in 1997 and the remaining in 2002 and 2005,0,18,97,5.388888888888889,15
neutral,technopolis  st petersburg s telecommunications university and the russian support fund for legislative initiatives signed a protocol of intent in may of this year to set up a technopark in st petersburg on the base of the st petersburg telecommunications university,0,41,266,6.487804878048781,0
neutral,technopolis has finnish operations in oulu  vantaa  espoo  lappeenranta  jyvaskyla and tampere and is also preparing to expand its operations to russia,0,22,151,6.863636363636363,0
neutral,technopolis has set aside a plot of land measuring 46 hectares to build the park  mikkonen said,0,17,95,5.588235294117647,2
neutral,tekla group s net sales for 2006 were approximately 50 million euros and operating result 136 million euros,0,18,107,5.944444444444445,9
neutral,teleste expects to start the deliveries at the end of 2009,0,11,58,5.2727272727272725,4
neutral,thanks to its extensive industry and operations experience  cybercom offers strategic and technological expertise to these markets  telecom  industry  media  public sector  retail  and banking and financial services,0,28,215,7.678571428571429,0
neutral,that address also happens to house italian megamart eataly  meaning that  come on  kids  we re going to the toy building,0,21,120,5.714285714285714,0
neutral,the 3c expo is a signature show in dongguan  which is supported by the dongguan municipal government every year  featuring computer accessories  software  communication and network products,0,27,189,7.0,1
neutral,the acquired business main asset is a mobile authentication and signing solution  branded as tectia mobileid  which provides authentication to web email  sslvpn  ms sharepoint  tectia secure solutions and other applications and resources,0,33,237,7.181818181818182,0
neutral,the acquisition is part of ramirent s central and eastern european growth strategy,0,13,82,6.3076923076923075,0
positive,the acquisition is part of ramirent s strategy to strengthen its position in selected locations,1,15,95,6.333333333333333,0
neutral,the agreement includes application maintenance and support services,0,8,67,8.375,0
neutral,the agreement includes the entire process of managing mercator s supply chain in all regions where the company is currently present,0,21,131,6.238095238095238,0
neutral,the americas represents 25  of gemalto s billing  and latin america is one of the fastest growing regions for the company,0,21,121,5.761904761904762,2
neutral,the annual value of the contracts is estimated at usd 2mn over the next three years,0,16,83,5.1875,1
neutral,the area will also include some central buildings  and honkarakenne has started negotiations on their delivery,0,16,110,6.875,0
neutral,the bank also expects additional costs  related to the dash 8  q400 jets  which the group shelved in october 2007,0,20,113,5.65,8
neutral,the bank s leasing arm nordea liising ended the year with a profit of 44 million euros,0,17,86,5.0588235294117645,2
neutral,the board established a remuneration committee with following members   sari baldauf chairman  tapio hintikka  heikki westerlund in addition  the board decided to appoint a nomination committee at a later stage,0,30,210,7.0,0
neutral,the bond  with a maturity of five years  is part of the bank s domestic bond program,0,17,84,4.9411764705882355,0
neutral,the bridge is part of the highway 14 development project,0,10,56,5.6,2
neutral,the building will house product development and test laboratories,0,9,65,7.222222222222222,0
neutral,the business area s net sales were slightly over 2m in 2006,0,12,59,4.916666666666667,5
neutral,the business development initiatives in north america are headed by lynn shanahan,0,12,81,6.75,0
neutral,the business is organised  as of february 1  2011  in a way that production of design services is combined into one entity  etteplan operations,0,24,143,5.958333333333333,5
neutral,the business transfer will take effect from 1 january 2007  and in connection with this 47 employees will transfer from elisa to daxtum as continuing employees,0,26,159,6.115384615384615,7
neutral,the center will be built in the kapuli district of mantsala beside the hankomantsalaporvoo road near the new direct rail link between lahti and jarvenpaa,0,25,153,6.12,0
neutral,the changes in readership were not significant,0,7,46,6.571428571428571,0
neutral,the closing of such transaction took place today,0,8,48,6.0,0
neutral,the closing of the transaction is scheduled to take place on january 10  2008,0,14,77,5.5,6
neutral,the combined capital of these funds is expected to be eur 100mn150mn,0,12,68,5.666666666666667,6
neutral,the combined company had proforma net sales of 140 mln euro  1889 mln and an operating profit of 13 mln euro  175 mln for 2006,0,25,126,5.04,16
neutral,the commission found evidence of several meetings to discuss the cartel  including one in a brussels restaurant in november 1997 at which the companies discussed price increases,0,27,177,6.555555555555555,4
neutral,the committee proposes the following remuneration  a monthly remuneration of eur 5000 for the chairman  eur 3500 for the deputy chairman  and eur 2500 for the other board members,0,29,178,6.137931034482759,12
neutral,the companies will divest to upm fray bentos pulp mill and forestal oriental  a company specialising in eucalyptus cultivation,0,19,126,6.631578947368421,0
neutral,the company  which has eur2 8 bn in assets  counts among its five largest shareholders finnish insurers ilmarinen 434  and varma 070   as well as the finnish state pension fund ver 061,0,32,184,5.75,11
neutral,the company also equipped the sculptural complex rabochy i kolkhoznitsa a worker and a collective farmer in moscow with snow melting system,0,22,139,6.318181818181818,0
neutral,the company also said that the deployment of the danish 4g network continues and it expects to cover 75  of the danish population in 2011,0,25,137,5.48,7
negative,the company decided at the end of 2008 to temporarily shut down its ammonia plant in billingham and extend the maintenance period at its ince facility,-1,26,150,5.769230769230769,4
neutral,the company did not distribute a dividend in 2005,0,9,49,5.444444444444445,4
neutral,the company expects its net sales for the whole 2009 to be at previous year levels,0,16,82,5.125,4
neutral,the company expects its net sales for the whole of 2007 to be eur 950mn1 000 mn,0,17,79,4.647058823529412,11
neutral,the company had net sales of eur 108 million in 2008  and today has approximately 120 employees in finland  estonia and poland,0,22,126,5.7272727272727275,10
neutral,the company had net sales of eur 198 mn and a pretax profit of eur 18 mn in 2005,0,19,80,4.2105263157894735,9
neutral,the company has 120 employees and annual sales of approximately eur16m,0,11,70,6.363636363636363,5
neutral,the company has an annual turnover of eur32 8 m,0,10,47,4.7,3
neutral,the company is involved in the the sale of financial products including insurance  mortgages  car and personal loans  financial brokerage and equipment finance leasing,0,24,167,6.958333333333333,0
neutral,the company operates through four principal divisions  consumer packaging  office papers  speciality papers  as well as market pulp and energy,0,20,142,7.1,0
neutral,the company plans to increase the unit s specialist staff to several dozen  depending on the market situation during 2010,0,20,121,6.05,4
neutral,the company reported net sales of 302 mln euro  4416 mln and an operating margin of 16 pct in 2006,0,20,98,4.9,13
neutral,the company s set of services include digital printing  printing preparation  offsetprinting  aftertreatment services and send out services,0,18,139,7.722222222222222,0
neutral,the company s transportation business is conducted through florida rock  tank lines  which is a southeastern transportation company concentrating in the hauling by motor carrier of liquid and dry bulk commodities,0,31,212,6.838709677419355,0
neutral,the company said that 80  of the shares of the holding company will be sold to meadville holdings limited  a hong kong listed parent company of the meadville group,0,29,163,5.620689655172414,2
neutral,the company said that it has agreed to a eur160m unsecured credit line from lenders,0,15,83,5.533333333333333,3
neutral,the company said that previously eb delivered a custom solution for lg electronics and now is making it commercially available for other mobile terminal vendors as well as to wireless operators,0,31,193,6.225806451612903,0
neutral,the company said that the operations will be sold to a newly established company  cps gmbh  where the present management of the plastics business is a coowner,0,27,158,5.851851851851852,0
positive,the company will use the assets for strengthening its balance sheet and financial position,1,14,90,6.428571428571429,0
neutral,the composite body is coated with a hard coating layer produced by thermal spraying  and the coating is ground,0,19,110,5.7894736842105265,0
neutral,the connectivity unit has more than 100 einvoice customers  and the number of annual transactions stands at nearly one million,0,20,126,6.3,3
neutral,the contract includes an option to deliver an additional 75 ascs in the next phases of the project,0,18,98,5.444444444444445,2
neutral,the contract is worth some eur 1 million,0,8,40,5.0,1
neutral,the contract value amounts to eur 24 million,0,8,44,5.5,2
neutral,the credit covers approximately 70  of the ship s price,0,10,55,5.5,2
neutral,the customer is cooperative retailer osuuskauppa suursavo,0,7,57,8.142857142857142,0
neutral,the customer is local company etera mutual pension insurance co and the principal tenant of the unit will be media company alma media corp hel  aln1v,0,26,149,5.730769230769231,1
neutral,the customer is then forwarded to the site  and unknown to him logged in with the first number,0,18,94,5.222222222222222,0
neutral,the deal includes all rental equipment and related merchandise  the rental contract of the depot and two employees  the company said,0,21,132,6.285714285714286,0
neutral,the deal is in line with etteplan s strategy to operate as a partner of global customers and provide industrial technology design services,0,23,138,6.0,0
neutral,the decision reflects the underutilisation of the line  which produces nonwovens used in medical and wipes applications as well as for the automotive industry,0,24,158,6.583333333333333,0
neutral,the decision will have to be made whether the group agrees to the import of estonian meat and meat products to finland  the paper added,0,25,135,5.4,0
neutral,the devices also contains finnair s own application for compiling customer feedback and ideas for product development,0,17,117,6.882352941176471,0
neutral,the devices would be launched in the chinese market in late 2006  the company said,0,15,82,5.466666666666667,4
neutral,the diameter protocol is developed according to the standards ietf rfc 3588 and ietf rfc 3539,0,16,93,5.8125,8
neutral,the divested activities had net sales of eur 1451 million in 2009 and an operating profit of eur 89 million,0,20,107,5.35,10
neutral,the divested company is part of tietoenator s business area government  manufacturing  retail,0,13,93,7.153846153846154,0
neutral,the dividend will come on top of the 045 eur on a shares and 043 on k shares it has already paid on last year s accounts,0,27,120,4.444444444444445,6
neutral,the division also includes joint sales  marketing and controlling functions for these units,0,13,91,7.0,0
neutral,the ea reng group posted sales of approximately 84 million kroons for 2007,0,13,74,5.6923076923076925,6
neutral,the ebrd is using its own funds to provide a 216 million a loan while the b portion of 10 million euros has been syndicated to two finnish commercial banks  nordea bank finland plc and pohjola bank plc,0,38,201,5.2894736842105265,5
neutral,the ebrd is using its own funds to provide a 216 million a loan while the b portion of 10 million euros has been syndicated to two finnish commercial banks  nordea bank finland plc 77 million euros and pohjola bank plc 23 million euros,0,44,235,5.340909090909091,9
neutral,the ebrd is using its own funds to provide a 216 mln a loan while the b portion of 10 mln euros has been syndicated to two finnish commercial banks  nordea bank finland plc 77 mln euros and pohjola bank plc 23 mln euros,0,44,219,4.9772727272727275,9
neutral,the economic development and trade ministry and industry and energy ministry  along with the kostroma regional administration and the russian lumberman and timber exporters union  has been carrying out work to acquire investment for the construction of a pulp and paper mill in neya since 2003,0,46,293,6.369565217391305,4
neutral,the electricity requirement of networks will grow with the new mobile generation,0,12,80,6.666666666666667,0
negative,the employment contracts of 14 of the employees will end in march 2009 as a result of the company s previous employeremployee talks,-1,23,131,5.695652173913044,6
neutral,the energy sector accounted for approximately 33  and the steel industry for about 57  of the transportation volume,0,18,115,6.388888888888889,4
neutral,the enterprise value of maritim food as has been determined as approximately eur15m,0,13,83,6.384615384615385,2
neutral,the equipment ixonos acquires with this deal includes mechanical engineering hardware  an rf and antenna measurement laboratory  facilities for the measurement of audio  cameras and displays  as well as devices and robot units for the testing of mobile devices,0,39,260,6.666666666666667,0
neutral,the equipment will be made at vaahto s plant in hollola in finland  and delivery is scheduled for the first quarter of 2009,0,23,123,5.3478260869565215,4
neutral,the estimated annual value of the frame agreement is about eur 50mn,0,12,67,5.583333333333333,2
neutral,the estimated value of the deal is usd 92 million,0,10,49,4.9,2
neutral,the eur17m contract includes both design and construction works,0,9,63,7.0,2
neutral,the executive said that countries such as brazil  chile  argentina and mexico will lead the adoption in the business ethernet services segment  while brazil and mexico will be the early adopters of carrier ethernet for mobile backhaul,0,37,234,6.324324324324325,0
neutral,the expanded company will continue to be called newpage,0,9,55,6.111111111111111,0
neutral,the expanded plant is scheduled to be operational by the middle of october 2009,0,14,79,5.642857142857143,4
neutral,the expansion is to be finalized in the autumn of 2009,0,11,54,4.909090909090909,4
neutral,the expansion will be delivered in the fourth quarter of 2006,0,11,61,5.545454545454546,4
neutral,the facility consists of a seven year bullet term loan of 200 mln euro  2924 mln and a 150 mln euro  2193 mln five year revolving credit facility,0,28,145,5.178571428571429,14
neutral,the facility will have a lettable area of some 19000 sq m the plot for the plant  located in the ratasmaki business park  will be purchased from the city of forssa,0,31,163,5.258064516129032,5
neutral,the figure does not include food exports from finland,0,9,53,5.888888888888889,0
neutral,the figure includes the change in the fair value of the property portfolio  eur 262 million,0,16,91,5.6875,3
neutral,the filter tips cover the volume range from 011200 l including new sizes for 10  20  100120  200  300  1000 and 1200 l volume capacities,0,25,136,5.44,30
neutral,the final outcome of the rights offering is to be reported around 23 october 2009,0,15,81,5.4,6
neutral,the firm builds components for mobile phones and other communications products,0,11,78,7.090909090909091,0
neutral,the goal is significant expansion in finland and in the northern baltic region,0,13,78,6.0,0
neutral,the government started the selloff last month  putting an 8 percent stake in teliasonera on the auction bloc,0,18,108,6.0,1
neutral,the group posted net sales of 353 mln euro  465 mln and an operating profit of 760000 euro  10 mln in 2005,0,22,106,4.818181818181818,18
neutral,the group s net sales in 2007 were eur683 6 m,0,11,45,4.090909090909091,8
neutral,the group s turnover in 2006 was eur 392 million  and operating profit was eur 39 million,0,17,89,5.235294117647059,9
neutral,the liquid handling segment offers laboratory equipment and accessories  including mechanical and electronic pipettes  and disposable tips used in the research institutions  universities  and hospitals  as well as in the pharmaceutical  food  and other industries under the biohit brand,0,39,286,7.333333333333333,0
neutral,the manufacture of cpps will be undertaken at the existing export oriented unit eou at wartsila s factory at khopoli  near mumbai,0,22,129,5.863636363636363,0
neutral,the manufacturing will begin in pietarsaari in the beginning of the year 2009 and the delivery will take place in october 2009,0,22,126,5.7272727272727275,8
neutral,the markets expect heineken to sell hartwall as a whole or in parts,0,13,67,5.153846153846154,0
neutral,the merger between the two telecoms operators was expected to result in the world s fourth largest telecoms operator,0,19,116,6.105263157894737,0
neutral,the most significant capital expenditure items were in the global enterprise resource planning erp project  product development and production machines,0,20,151,7.55,0
neutral,the move will be carried out by transferring hkscan s productionrelated property  plant  equipment  as well as its holdings in subsidiaries and associate companies in the country to hkscan finland,0,30,196,6.533333333333333,0
neutral,the net sales of healthcare trade business in 2009 were eur 1451 million eur 1552 million and operating profit eur 89 million eur 79 million,0,25,140,5.6,16
neutral,the net sales of the power plants business were eur 7103 million in 2005,0,14,72,5.142857142857143,8
neutral,the new shares entitle their holders to dividends for fiscal 2006,0,11,65,5.909090909090909,4
positive,the newly created position has been established to strengthen amer sports  management in strategic planning and execution,1,17,121,7.117647058823529,0
neutral,the newspaper s best sales asset is high quality journalism and journalistic content,0,13,84,6.461538461538462,0
neutral,the nonrecurring costs caused to talentum s premedia business area by the restructuring will amount to 20 mln euro  27 mln and will be included in the company s financial results for the second quarter of 2007,0,37,209,5.648648648648648,8
neutral,the ongoing project where tekla structures is being used is the vashi exhibition centre being developed by insteel engineers pvt ltdiivrcl infrastructures  projects ltd  cidco,0,25,175,7.0,0
neutral,the operations to be sold include manufacturing units in finland  france  poland and turkey  as well as sales units in germany and lithuania,0,23,140,6.086956521739131,0
neutral,the options might include a partial or total divestment of their shareholdings in ovako,0,14,87,6.214285714285714,0
neutral,the orangehandled scissors from fiskars are part of the permanent design collection of the museum of modern art in new york  as well as the philadelphia museum of art,0,29,166,5.724137931034483,0
neutral,the order also covers design services  hardware  software licences  as well as maintenance services over six years,0,17,114,6.705882352941177,0
neutral,the order also includes extensive maintenance work of a shoe press delivered by vaahto in 2001,0,16,94,5.875,4
neutral,the order consists of outsourced application management  support and planning for tecnotree and thirdparty applications,0,15,119,7.933333333333334,0
neutral,the order includes 48 ship cranes that will be delivered for 12 container feeders to be built at wenchong shipyard in china,0,22,123,5.590909090909091,4
neutral,the order values at eur 69 mn  and it consists of design services and hardware and software licences,0,18,100,5.555555555555555,2
neutral,the orders also include a few highpower drives for the control of seismic compressors,0,14,85,6.071428571428571,0
neutral,the orders are for 26 machineroomless kone monospace elevators  which would be installed during 2006,0,15,100,6.666666666666667,6
neutral,the oulu plant employs approximately 120 people,0,7,47,6.714285714285714,3
neutral,the percentages of shares and voting rights have been calculated in proportion to the total number of shares registered with the trade register and the total number of voting rights related to them,0,33,197,5.96969696969697,0
neutral,the pershare subscription price of the shares subscribed with the option rights was eur 135,0,15,91,6.066666666666666,3
neutral,the plant is scheduled for completion in late february 2007 with hand over of some areas in january two other suppliers of nokia  aspocomp group oyj and perlos  have announced their plans to establish plants within the nokia complex together  they will invest rs 365 crore,0,46,272,5.913043478260869,7
neutral,the polish business employs about 1000 people  and it had net sales of about eur 70mn in 2007,0,18,93,5.166666666666667,10
neutral,the portfolio comprises of 118000 m2 of leasable space with a vacancy rate of roughly 5   let to around 140 tenants of which two of the largest are the swedish government and ericsson,0,33,183,5.545454545454546,11
positive,the production capacity can be tripled without any major additional investments  the company said,1,14,97,6.928571428571429,0
neutral,the program  which was started in the summer of 2007  was originally estimated to last approximately two years,0,18,110,6.111111111111111,4
neutral,the proposal of the shareholders to elect mr hannu krogerus to the board is based on his long and unrivalled experience and knowledge of all matters related to elcoteq,0,29,167,5.758620689655173,0
neutral,the remainder of its revenues will come from technology agreements with other firms  interdigital said,0,15,102,6.8,0
neutral,the remaining amount will be funded through debt  the danish bank said,0,12,70,5.833333333333333,0
neutral,the reorganisation will be carried out by transferring hkscan corporation s productionrelated property  plant and equipment in finland as well as its holdings in subsidiaries and associates to hkscan finland oy  a holding company wholly owned by hkscan corporation,0,39,264,6.769230769230769,0
neutral,the report contains category level company and brand share as well as distribution share information for 2007 and 2008,0,19,118,6.2105263157894735,8
neutral,the result before taxes was a loss of 250 million euros,0,11,55,5.0,3
neutral,the results will enable the preparation of a conceptual plant design and capital estimates,0,14,90,6.428571428571429,0
neutral,the retail chain launched in 2007 does not correspond to profit and sales forecasts of the company,0,17,98,5.764705882352941,4
neutral,the russian gas giant invested another 46 million litas in the company in late 2004 and now owns 995 percent of its stock capital  which amounts to 86936 million litas,0,30,167,5.566666666666666,14
neutral,the second company acquired is sweden s reftele maskinservice ab  whose business is mainly field services and spare parts manufacturing  with 10 employees and 12 mln eur sales a year,0,30,182,6.066666666666666,4
neutral,the segments through which the company operates are frozen food business  seafoods  vegetable oil business  grain trading and other business operations,0,21,151,7.190476190476191,0
neutral,the selling consortium includes funds managed by oko bank s venture capital unit  bio fund management and finnish industry investment  a governmentowned investment group,0,24,169,7.041666666666667,0
neutral,the solution is demonstrated on a tablet developed by aava mobile as a multiwindow system  which enables the use of several applications simultaneously  for example the viewing of messages and calendar side by side,0,34,214,6.294117647058823,0
neutral,the solution will be installed in the usa to support the north american operations of the customer,0,17,98,5.764705882352941,0
negative,the staff reduction will start immediately  glaston added,-1,8,57,7.125,0
neutral,the stockmann department store will have a total floor space of over 8000 square metres and stockmann s investment in the project will have a price tag of about eur 12 million,0,32,175,5.46875,6
neutral,the studies are expected to start in 2008,0,8,41,5.125,4
neutral,the swedish buyout firm has sold its remaining 224 percent stake  almost eighteen months after taking the company public in finland,0,21,131,6.238095238095238,3
neutral,the swedish maritime administration has closed the furusund channel  which viking line normally charters en route to stockholm,0,18,126,7.0,0
neutral,the tanks will be delivered to a company which is currently building a chemical tank farm in antwerp  northern belgium,0,20,118,5.9,0
neutral,the tekla structures product box  if needed  is now made from recycled material,0,13,79,6.076923076923077,0
neutral,the terms of the transactions remained undisclosed,0,7,50,7.142857142857143,0
positive,the through service of fesco is a telling example of strengthening the relationship between logistics companies and operators at the international level,1,22,152,6.909090909090909,0
neutral,the total capacity of the factory will be approximately 100 engines a year,0,13,74,5.6923076923076925,3
neutral,the total emissions reduction from 1999 to 2017 will be thus 41,0,12,63,5.25,10
neutral,the total floor area of the plant expansion is 29000 square metres,0,12,66,5.5,5
negative,the total headcount reduction will be 50 persons  the company said,-1,11,66,6.0,2
neutral,the total investment in 2006 and 2007 is expected to amount to about eur75m,0,14,75,5.357142857142857,10
neutral,the total investment in the company will be eur58m  of which wartsila s share will be eur29m,0,17,92,5.411764705882353,4
neutral,the total investment of the project will be approximately eur 36m,0,11,65,5.909090909090909,2
neutral,the total value of the agreement is usd4 0 m  the company said,0,13,62,4.769230769230769,2
neutral,the total value of the contract is some eur 8 million,0,11,53,4.818181818181818,1
neutral,the total value of the deal is usd 29mn,0,9,39,4.333333333333333,2
neutral,the total value of the project is about eur53m  including the plots that will be transferred to atria,0,18,101,5.611111111111111,2
neutral,the total value of the project is estimated to be over 30 mln euro  44 mln  of which the services will be over 20 mln euro  29 mln and thirdparty licences more than 10 mln euro  15 mln,0,38,184,4.842105263157895,12
neutral,the total value of these two contracts is over eur 21 million,0,12,61,5.083333333333333,2
neutral,the transaction is planned to be financed with a eur40m marketbased loan granted by standard chartered bank hong kong,0,19,117,6.157894736842105,2
neutral,the transaction value is cad 15 million approximately eur 10 million,0,11,68,6.181818181818182,4
neutral,the unit s clients are mainly in the field of specialist convenience goods  as well as in the textile  shoe and furniture businesses,0,23,132,5.739130434782608,0
neutral,the value of the contract is about eur 27mn,0,9,43,4.777777777777778,2
neutral,the value of the contract is about eur1 0 m poyry  headquartered in vantaa  finland provides consulting and engineering services to the energy  forestry and infrastructure  environment sectors,0,28,192,6.857142857142857,2
neutral,the value of the contract is eur 25mn,0,8,37,4.625,2
neutral,the value of the contract is in total usd12m,0,9,44,4.888888888888889,2
neutral,the value of the contracts is about eur 33 mn,0,10,45,4.5,2
neutral,the value of the deal has not been disclosed,0,9,44,4.888888888888889,0
neutral,the value of the deal is estimated at between sek25m and sek50m,0,12,63,5.25,4
neutral,the value of the deal was not disclosed,0,8,39,4.875,0
neutral,the value of the multiyear agreement is over eur 2mn a year,0,12,59,4.916666666666667,1
neutral,the value of the threeyear contract is estimated at eur40m,0,10,58,5.8,2
neutral,the value of this kind of order amounts usually between euro 2 and 3 million,0,15,76,5.066666666666666,2
neutral,the webmarela application handles invitations to quote  quote comparisons  agreements  purchases  invoice inspections  inventory management  and deliveries,0,17,155,9.117647058823529,0
neutral,the venture  which will be 51  owned by kemira and 49  by ivrcl  will operate an inorganic coagulant manufacturing facility  to be built in vishakapatnam vizag in the state of andhra pradesh and to kick off operations in the second half of 2011,0,43,244,5.674418604651163,8
negative,the workforce will be reduced also in the amsterdam office  in the netherlands,-1,13,78,6.0,0
neutral,the works will include the laying of natural stone pavements and the installation of underground heating  and surface water drainage systems,0,21,140,6.666666666666667,0
neutral,there have not been previous share subscriptions with 2004 stock options,0,11,72,6.545454545454546,4
neutral,these new units will be built at cargotec s state of the art manufacturing facility in san antonio  texas  usa  which started operations in 2009,0,25,144,5.76,4
neutral,these share transactions are part of the company s strategy of relinquishing assets that are not part of its core business,0,21,122,5.809523809523809,0
neutral,these six agreements are the company s first customer acquisitions in india since taking over tvs electronics  contract manufacturing facility in jun 2007,0,23,154,6.695652173913044,4
neutral,this could be any of us at any time   she said,0,11,46,4.181818181818182,0
neutral,this order  when delivered  will bring the total output of electricity in italy generated by wartsila equipment to more than 1300 mw,0,22,132,6.0,4
neutral,this rating from am best is the highest among the cis countries  central and eastern europe,0,16,91,5.6875,0
neutral,this wood lacquered clock comes with a stripy handcrocheted cover,0,10,65,6.5,0
neutral,tikkurila acquired a majority stake in kolorit paints in the autumn of 2004,0,13,75,5.769230769230769,4
neutral,to see a slide show of all the newest product releases from fiskars,0,13,67,5.153846153846154,0
neutral,total value of the contract is about eur 10mn,0,9,45,5.0,2
neutral,trading under the name velta uk  a former uponor brand  the company has been uponor s longterm partner in supplying veltabranded systems particularly for the commercial and industrial building sector in the uk and internationally,0,35,229,6.542857142857143,0
neutral,tulikivi manufactures heatretaining  soapstone and ceramic fireplaces  as well as natural stone products and utility ceramics,0,16,125,7.8125,0
neutral,tvo s twounit 1740 mw olkiluoto plant generated 142 twh with an operating ratio across both reactors of 935   which the company described as  high by international standards,0,28,173,6.178571428571429,10
neutral,tyrvinen is of the opinion that the airline has been repeating this for some time already  however,0,17,98,5.764705882352941,0
neutral,under finnish law  parliament grants licences to build nuclear power plants,0,11,75,6.818181818181818,0
neutral,under the agreement  larox will transfer 10 employees within engineering and documentation related to delivery projects and product maintenance in finland to etteplan as of january 1  2007,0,28,188,6.714285714285714,7
neutral,under the agreement benefon s forthcoming range of twig integrated gps navigation and mobile phone devices will use the jointly developed webbased tracking and location technology  in both consumer and commercial applications,0,32,225,7.03125,0
neutral,under the terms of the agreement  bunge will acquire raisio s keiju  makuisa and pyszny duet brands and manufacturing plants in finland and poland,0,24,146,6.083333333333333,0
neutral,under the transaction agreement  metsaliitto will purchase 247  of metsabotnia s shares from upm and 3  from mreal,0,18,114,6.333333333333333,4
neutral,underground parking facilities will also be built on the basement floor,0,11,71,6.454545454545454,0
neutral,unit prices for straddle carriers vary between eur700 000 and eur900 000  the company added,0,15,91,6.066666666666666,12
neutral,unlisted british biologicals makes b  and d  proteins  and other diseasespecific supplements that cover diabetes  hepatitis  asthma and other cardiovascular ailments,0,21,165,7.857142857142857,0
neutral,upm is the biggest producer of magazine paper in europe  with a market share of over 30 pct  and it is likely to say that prices in the segment were at best flat during the quarter  analysts said,0,38,195,5.131578947368421,2
neutral,upmkymmene said its has  not indicated any interest in any domestic consolidations,0,12,82,6.833333333333333,0
neutral,upon completion of the deal panostaja will establish a new business area within the group to focus on heat treatment of metals,0,22,126,5.7272727272727275,0
neutral,vacon aims to establish its presence in the solar energy business in various parts of the world towards the end of 2010  said olli teva  marketing director renewable energy applications,0,30,185,6.166666666666667,4
neutral,vaisala s board of directors will propose a dividend of 085 euro  124 per share at the company s annual general meeting,0,22,119,5.409090909090909,6
neutral,vaisala s expertise in lightning data and information systems is based on extensive experience and investment in rd,0,18,115,6.388888888888889,0
neutral,valmet automotive reports net sales of eur 85mn and operating profit of eur 8mn,0,14,79,5.642857142857143,3
neutral,we bring a new  committed leadership and business and strategic knowhow to the company that we buy,0,17,98,5.764705882352941,0
neutral,we look forward to take part in the future development of the company   says tomas billing  president of nordstjernan,0,19,117,6.157894736842105,0
neutral,veidekke  headquartered in oslo  norway  is a scandinavian construction and property development group with some 6350 employees in norway  sweden and denmark  with an annual turnover of nok16 4 bn,0,30,196,6.533333333333333,7
neutral,while the company did not indicate the level of investment in the unit  it said that has purchased the equipment of nokia corporation s mobile phone rd laboratory in jyvaeskylae,0,30,177,5.9,0
neutral,why not subscribe to the magazine,0,6,33,5.5,0
neutral,vianor sells tires for cars and trucks as well as a range of other car parts and provides maintenance services,0,20,110,5.5,0
neutral,viking line and stx finland said on monday that there were plans to build a 240 million euro ferry that would be launched on the turkustockholm route in spring 2013,0,30,164,5.466666666666667,7
neutral,with the government exempting certain stainless steel products from antidumping duties  finlandbased outokumpu today said it will look to enter into supply pacts with the indian railways soon,0,28,191,6.821428571428571,0
neutral,with the new arrangement  customer responsibilities will become mainly regional,0,10,79,7.9,0
neutral,with this acquisition the wireless modem unit and its approximately 1100 employees were transferred to renesas electronics corporation,0,18,134,7.444444444444445,4
neutral,you will hear the latest insights and updates on citycon s strategy as well as the latest news from all the business units,0,23,122,5.304347826086956,0
negative,the personnel reductions will primarily affect those working for the parent company in the diagnostics business or in production and logistics in the liquid handling business,-1,26,174,6.6923076923076925,0
positive,in the asiapacific region  visa wave is available in malaysia  taiwan and south korea and will be expanded to japan and southeast asia this year  jung added,1,27,156,5.777777777777778,0
negative,in the third quarter of fiscal 2008 efore swung to a net loss of eur 400000 versus a net profit of eur 200000 for the corresponding period of fiscal 2007,-1,30,153,5.1,20
negative,konecranes oyj kcr1v fh fell 55 percent to 2051 euros  the biggest fall since june,-1,15,82,5.466666666666667,7
neutral,meanwhile  minority shareholders  expecting teliasonera to retain the bid  sell shares now,0,12,90,7.5,0
negative,net sales for the financial year 2006 are expected to amount to about eur20m and the operating result ebit is expected to be a loss  as announced before,-1,28,152,5.428571428571429,6
negative,operating loss totaled eur 25mn compared to a profit of eur 63mn in the corresponding period in 2005,-1,18,100,5.555555555555555,8
negative,production levels have been agreed with producers a long time ago  so a fall in consumption will lead to losses,-1,20,111,5.55,0
negative,return on investment roi was 41  compared to 438  in the first half of 2008,-1,15,75,5.0,9
negative,ssh communications security corp stock exchange release october 14  2008 at 245 pm the company updates its full year outlook and estimates its results to remain at loss for the full year,-1,32,186,5.8125,9
negative,the sale will result in a capital loss of eur5m for solidium  which obtained tikkurila shares in march 2010,-1,19,107,5.631578947368421,5
neutral,the group  s result before taxes was a loss of eur 06  06  million,0,14,66,4.714285714285714,4
negative,the group  s result before taxes was eur 19  30  million,-1,11,56,5.090909090909091,4
negative,the group s sales during the period were eur 375 million  eur 482 million  192008  and result before taxes was a loss of eur 35  12  million,-1,27,140,5.185185185185185,16
neutral,the fair value of investment properties was eur 2 2510  1 2814  million,0,13,71,5.461538461538462,10
negative,a total of 165 mn passenger ship journeys took place in the northern baltic sea in 2007  slightly down from 165 mn in 2006,-1,24,122,5.083333333333333,14
negative,finnish media group talentum has issued a profit warning,-1,9,56,6.222222222222222,0
negative,finnish shipping company finnlines  pretax loss totalled eur 65 mn in the third quarter of 2009  compared to a profit of eur 03 mn in the third quarter of 2008,-1,30,159,5.3,12
negative,in finland  the city of forssa has said it will not pay compensation to food industry companies hk ruokatalo and atria for the lye leak into tap water that occurred in march 2008,-1,33,178,5.393939393939394,4
negative,acando ab  acanb ss  fell 89 percent to 1335 kronor  the lowest close since dec 11,-1,16,82,5.125,8
neutral,according shipping company viking line  the eu decision will have a significant financial impact,0,14,96,6.857142857142857,0
negative,according to ceo matti perkonoja of the parent company hkscan  the company s performance in the first quarter of 2010 has remained clearly below the level of the corresponding period in 2009,-1,32,190,5.9375,8
neutral,at some point in 2010  all separate company names  such as palmberg  tekmanni  lemcon  forssan betoni  suonenjoen betonituote  among others  will disappear,0,22,155,7.045454545454546,4
negative,cencorp s net sales in the first quarter is estimated to be eur091 2 m  as compared to eur4 5 m in the first quarter 2008,-1,26,121,4.653846153846154,10
negative,diluted earnings per share  eps  stood at eur 025 versus eur 042,-1,12,64,5.333333333333333,6
negative,earnings per share  eps  amounted to a loss of eur0 05,-1,11,54,4.909090909090909,3
negative,earnings per share  eps  amounted to a loss of eur0 38,-1,11,54,4.909090909090909,3
negative,earnings per share  eps  amounted to a loss of to eur0 06,-1,12,57,4.75,3
negative,earnings per share were at loss of eur0 24,-1,9,42,4.666666666666667,3
negative,expense ratio was 1026  compared to 929  in the corresponding period in 2005,-1,13,76,5.846153846153846,11
negative,finnish automation solutions developer cencorp corporation  omx helsinki  cnc1v  issued on thursday  18 september  a profit warning for the third quarter of 2008,-1,23,161,7.0,7
neutral,finnish automation solutions developer cencorp corporation  omx helsinki  cnc1v  reported on thursday  6 november  an operating loss of eur1 3 m on net sales of eur11 9 m for the period january to september 2008,0,35,211,6.0285714285714285,11
negative,finnish communication electronics components supplier scanfil oyj tuesday said sales in the first half of 2006 will be 15  lower than during the same period a year ago,-1,28,167,5.964285714285714,6
negative,finnish forest industry group stora enso oyj issued on thursday  20 march  a profit warning for the first quarter 2008,-1,20,118,5.9,6
neutral,finnish home decoration and arts and crafts retailer tiimari plc  omx helsinki  tii1v  reported on monday  18 august  an operating loss of eur3 3 m on net sales of eur33 9 m for the period januaryjune 2008,0,37,205,5.54054054054054,12
negative,finnish technology company raute corporation  omx helsinki  rutav  issued on tuesday  23 september  a profit warning for the financial year 2008,-1,21,144,6.857142857142857,6
neutral,he said   it is for sale again and we will be actively marketing it,0,14,67,4.785714285714286,0
negative,in q1 of 2009  the company s operating loss totalled eur 03 mn  compared to a profit of eur 36 mn in q1 of 2008,-1,25,111,4.44,14
negative,in the reporting period  eps stood at eur0 07 versus eur0 11,-1,12,60,5.0,6
negative,last year  83 million passengers flew the airline  down 4 percent from 2007,-1,13,75,5.769230769230769,7
negative,loss after financial items totalled eur 97 mn  compared to a profit of eur 13 mn in the corresponding period in 2008,-1,22,116,5.2727272727272725,8
negative,loss for the period totalled eur 156 mn compared to a profit of eur 63 mn in 2008,-1,18,81,4.5,9
negative,myllykoski  with one paper plant in finland  one in the us and three in germany  had revenues of eur286m in the first half of 2010 and an operating loss of eur12m  reuters said,-1,33,176,5.333333333333333,9
neutral,net loss in the same period in 2009 was euro18 6 million,0,12,56,4.666666666666667,7
negative,nokia siemens networks has struggled to make a profit in the past two years,-1,14,75,5.357142857142857,0
negative,operating loss amounted to eur 09 mn in the first half of 2006 compared to a profit of eur 05 mn in the first half of 2005,-1,27,122,4.518518518518518,12
negative,operating loss of the pulp  paper machinery unit was over eur 3mn in september 2007  august 2008  compared to a profit of eur 37 mn a year earlier,-1,28,146,5.214285714285714,11
negative,operating loss totaled eur 03 mn compared to a profit of eur 22 mn in the corresponding period in 2007,-1,20,102,5.1,8
negative,operating loss totaled eur 08 mn  compared to a profit of eur 05 mn,-1,14,67,4.785714285714286,4
negative,operating loss totalled eur 127 mn  compared to a profit of eur 177 mn in the first half of 2008,-1,20,96,4.8,10
negative,operating loss totalled eur 32 mn  compared to a profit of eur 72 mn in the third quarter of 2008,-1,20,97,4.85,8
negative,operating loss totalled eur 40 mn  compared to a profit of eur 86 mn in the second quarter of 2008,-1,20,98,4.9,8
negative,operating loss totalled eur 52 mn  compared to a loss of eur 34 mn in the corresponding period in 20082009,-1,20,106,5.3,12
negative,operating profit before nonrecurring items was eur 83 mn in the first nine months of 2008  compared to eur 84 in the corresponding period in 2007,-1,26,145,5.576923076923077,12
negative,pretax loss totaled eur 117mn compared to a loss of eur 65mn in the corresponding period,-1,16,88,5.5,5
negative,pretax loss totalled eur 1623 mn compared to a profit of eur 2535 mn in 2007,-1,16,76,4.75,12
negative,pretax loss totalled eur 499 mn  compared to a loss of eur 154 mn in the corresponding period in 2008,-1,20,101,5.05,10
negative,pretax profit totaled eur 49 mn compared to eur 52 mn in the first quarter of 2005,-1,17,82,4.823529411764706,8
negative,publishing sweden s operating loss was eur 11 mn in q1 of 2009  compared to a profit of eur 06 mn a year ago,-1,24,108,4.5,9
positive,raisio s malting capacity was in full use in 2008,1,10,49,4.9,4
negative,raw materials prices have surged in the past year  fueled in part because of the rapid industrialization of china  india and other developing nations,-1,24,149,6.208333333333333,0
negative,rivals say qualcomm has fewer patents on 3g phones than on earlier versions and should lower its rates,-1,18,102,5.666666666666667,1
negative,the company reported today an operating loss of eur0 1 m on net sales of eur4 5 m for the first quarter 2008,-1,23,108,4.695652173913044,8
negative,the company s annual loss amounted to eek 18mn  compared to a profit of eek 73 mn in 2008,-1,19,89,4.684210526315789,8
negative,the fair value change of investment properties was eur 158 mn  compared to eur 229 mn in the third quarter of 2009,-1,22,114,5.181818181818182,10
neutral,the impact of cableway to teleste s net sales in 2009 is estimated to be eur 4 million,0,18,86,4.777777777777778,5
negative,the stock was hit by the profit warning of finnish rival rautaruukki oyj  omx  rtrks,-1,15,84,5.6,0
negative,finnish bank of land landsbanken has issued a profit warning,-1,10,60,6.0,0
negative,finnish forest machinery manufacturer ponsse has issued a profit warning,-1,10,72,7.2,0
negative,cerberus capital management lpbacked printing paper maker newpage corp has posted mixed secondquarter results  casting a cloud over its planned initial public offering,-1,23,167,7.260869565217392,0
negative,finnish electronics manufacturing services ems company elcoteq se posted a net loss of 664 mln euro  912 mln for the first half of 2007  compared to a net profit of 71 mln euro  98 mln for the same period of 2006,-1,41,212,5.170731707317073,18
negative,finnish laboratory liquid handling and diagnostic test systems developer biohit oyj omx helsinki  biobv issued on tuesday 3 june a profit warning for the financial year 2008,-1,27,173,6.407407407407407,5
negative,finnish retail software developer aldata solution oyj reported a net loss of 117 mln euro  172 mln for 2007 versus a net profit of 25 mln euro  37 mln for 2006,-1,31,159,5.129032258064516,18
negative,finnish textiles and clothing group marimekko oyj posted a net profit of 799 mln euro  104 mln for 2006  compared to 84 mln euro  109 mln for 2005,-1,28,146,5.214285714285714,19
negative,in 2009  stora enso s net loss was eur 8797 million compared to eur 6734 million in the previous year,-1,20,101,5.05,12
negative,in januaryjune 2010  diluted loss per share stood at eur0 3 versus eur0 1 in the first half of 2009,-1,20,99,4.95,12
negative,in october  upm reported a thirdquarter net loss of euro86 million  110 million compared with a net profit of euro120 million in 2007,-1,23,133,5.782608695652174,12
negative,operating loss amounted to eur 07 mn compared to a profit of eur 08 mn in the second quarter of 2005,-1,21,100,4.761904761904762,8
negative,operating loss before nonrecurring items was eur 09 mn  compared to a profit of eur 115 mn in 2008,-1,19,98,5.157894736842105,9
negative,operating profit margin was 83   compared to 118  a year earlier,-1,11,64,5.818181818181818,5
negative,operating profit was eur 16 mn in 2005 compared to eur 59 mn in 2004,-1,15,68,4.533333333333333,12
negative,operating result showed a loss of eur 29 mn  while a year before  it showed a profit of eur 06 mn,-1,21,97,4.619047619047619,4
negative,performance in 2006 was impacted by the consolidation trend in the telecom sector and the overall and structural changes in the contract manufacturing market in telecommunications technology and industrial electronics,-1,30,217,7.233333333333333,4
negative,salcomp oyj  the finnish maker of mobile phone chargers  monday posted a eur1 49 million loss in the second quarter compared with a 170 million profit in the same period the previous year,-1,33,187,5.666666666666667,6
negative,scanfil has also issued a profit warning,-1,7,40,5.714285714285714,0
negative,scanfil issued a profit warning on 10 april 2006,-1,9,48,5.333333333333333,6
negative,the operating loss amounted to eur 08 mn  compared to a profit of eur 39 mn a year earlier,-1,19,90,4.7368421052631575,4
negative,the periodend cash and cash equivalents totaled eur6 5 m  compared to eur10 5 m in the previous year,-1,19,100,5.2631578947368425,5
negative,the poorest index figure was given to finnish power company fortum  45,-1,12,70,5.833333333333333,2
negative,the real estate company posted a net loss of   x201a  593 million   x201a  021 per share compared with a net profit of   x201a  31 million   x201a  011 per share for the corresponding quarter of 2007,-1,35,199,5.685714285714286,27
negative,the tightened competition situation in the production automation market has affected net sales during 2006  cencorp said,-1,17,120,7.0588235294117645,4
negative,tietoenator was down 113 pct to 1838  extending recent lows after last week s secondquarter report  dealers said,-1,18,112,6.222222222222222,7
positive,operating profit excluding restructuring costs grew to eur 445 million from eur 317 million while operating profit including restructuring costs showed even larger growth to eur 385 million from eur 74 million,1,32,209,6.53125,11
positive,having a china based operation will not only enable us to fully leverage our resources and expertise in wireless solutions  but also strengthen our capability to offer industryleading products for our customers in china,1,34,219,6.4411764705882355,0
positive,cost cutting measures  which have produced around eur70m of savings over the past nine months  have dampened the airline s loss  finnair said,1,23,141,6.130434782608695,2
positive,the groups s turnover for the full fiscal year is expected to show a slight increase from the previous fiscal year,1,21,114,5.428571428571429,0
positive,the talks are aimed at restructuring operations and cutting costs,1,10,65,6.5,0
neutral,this transaction supports huhtamaki s strategic review of rigid plastic consumer goods operations   says huhtamki oyj s ceo jukka moisio,0,20,136,6.8,0
positive,consolidated operating profit excluding oneoff items was eur 306 mn  up from eur 296 mn a year earlier,1,18,102,5.666666666666667,6
positive,ebit excluding nonrecurring items was estimated to increase from 2009,1,10,69,6.9,4
neutral,in february 2011  new wording of identity documents act that makes mobile id a stateapproved electronic document as of february 1st 2011 entered into force,0,25,155,6.2,9
positive,lean system supports change management and component purchasing extremely well,1,10,78,7.8,0
positive,operating profit excluding nonrecurring items increased by 27  to eur 819 mn from eur 644 mn in the corresponding period in 2008,1,22,128,5.818181818181818,12
neutral,the planned ethanol and energy production plant can operate in correlation with a waste treatment unit or a paper mill,0,20,118,5.9,0
positive,this transaction will also rationalize our pulp and paper industry related solutions,1,12,84,7.0,0
positive,cash flow from business operations totalled eur 04 mn compared to a negative eur 155 mn in the first half of 2008,1,22,113,5.136363636363637,9
positive,cash flow from operations totalled eur 271 mn  compared to a negative eur 083 mn in the corresponding period in 2008,1,21,116,5.523809523809524,10
positive,cash flow from operations totalled eur 74 mn  compared to a negative eur 686 mn in the second quarter of 2008,1,21,109,5.190476190476191,9
positive,ebit excluding nonrecurring items  totalled eur 678 mn  up from eur 381 mn,1,13,74,5.6923076923076925,6
positive,finnish energy company fortum oyj said on november 13  2007 it was granted an environmental permit to build a biofuelfired combined heat and power chp plant in vartan harbor in eastern stockholm,1,32,194,6.0625,6
positive,following the transaction  lundbeck has worldwide rights for nalmefene  excluding north america  mexico  turkey and southkorea,1,16,126,7.875,0
positive,nokia was up 012 pct to 1670 eur after kicking off the morning in negative territory,1,16,84,5.25,7
positive,return on investment was 50   compared to a negative 41  in 2009,1,12,64,5.333333333333333,8
positive,the district court of helsinki dismissed all charges as the court of first instance in 2005,1,16,91,5.6875,4
positive,thus the method will cut working costs  and will fasten the planning and building processes,1,15,91,6.066666666666666,0
positive,by cutting the number of plants  the group will trim fixed costs,1,12,64,5.333333333333333,0
neutral,results are expected late in 2006,0,6,33,5.5,4
neutral,the copying  republication or redistribution of afx news content  including by framing or similar means  is expressly prohibited without the prior written consent of afx news,0,26,174,6.6923076923076925,0
neutral,the company reported a profit of 800000 euro  12 mlnon the sale of its varesvuo partners subgroup and a loss of 400000 euro  623000 caused by the sale of its program production subsidiary oy filmiteollisuus fine ab,0,37,214,5.783783783783784,20
negative,so far norwegian norske skog has reduced the staff levels by 1000 people and plans to reduce production by 200000 tons in 2008  while finnishswedish stora enso is to cut staff by 1700 people and production by 500000 tons,-1,39,220,5.641025641025641,24
neutral,the extracted filtrates are very high in clarity while the dried filter cakes meet required transport moisture limits tmlsfor their ore grades,0,22,142,6.454545454545454,0
negative,25 march 2011  finnish electronics contract manufacturer scanfil oyj hel  scf1v said today its plan to merge wholly owned scanfil ems group with ojalayhtyma oy has hit a snag as shareholders of the domestic rival rejected the deal,-1,38,230,6.052631578947368,7
neutral,as part of its new strategy  finnish biohit is planning to incorporate its diagnostics business into a separate limited company,0,20,127,6.35,0
neutral,finnish benefon denies claims made in the press that the company is giving up its mobile handset business,0,18,105,5.833333333333333,0
neutral,after the split  the number of k shares will be 9 540 000 and the number of a shares 26 885 540,0,22,95,4.318181818181818,15
neutral,all reproduction for further distribution is prohibited,0,7,55,7.857142857142857,0
neutral,as a consequence the works council had withdrawn its petition to suspend the reorganisation,0,14,91,6.5,0
neutral,during the negotiations a reduction of 21 persons has taken place through natural redundancy or termination of fixedterm contracts,0,19,130,6.842105263157895,2
negative,elisa ceo sami seppanen said emt s slogan  best coverage across estonia  clearly gives misleading information to consumers,-1,18,122,6.777777777777778,0
neutral,established in 1987  the srv group is a private finnish construction concern with operations in finland  the baltic countries and russia,0,21,136,6.476190476190476,4
negative,in this case  the effect would be negative in finland,-1,10,53,5.3,0
neutral,initial estimated total value of the contract was 250 000 euros  excluding vat,0,13,78,6.0,6
neutral,it would be premature to talk about dates  volume and the investment procedure   he said,0,15,88,5.866666666666666,0
neutral,mr clausen  however  refused to comment the option that nordea would consider buying into citadele bank,0,16,103,6.4375,0
neutral,nokia and capcom announced that resident evil degeneration will be released on ngage later this year,0,16,100,6.25,0
negative,nokia will certainly disagree with qualcomm s views on the patent situation,-1,12,75,6.25,0
neutral,ollipekka kallasvuo was elected as vice chairman of the board,0,10,61,6.1,0
neutral,ollipekka laine has been appointed as the chairman and erkki pehulehtonen as the vice chairman of the board,0,18,107,5.944444444444445,0
negative,outokumpu s steel mill in tornio  in finland  is the suspected source,-1,12,69,5.75,0
negative,possible personnel reductions concern approximately 104 people,-1,7,62,8.857142857142858,3
neutral,risk exposure by nonlife insurance  moving 12month  expenses by function in nonlife insurance excluding expenses for investment management and expenses for other services rendered nonlife insurance investment portfolio by allocation,0,30,232,7.733333333333333,2
neutral,secure your files online like filling out a tax return  making a backup is boring,0,15,81,5.4,0
negative,that s what i go to bed worrying about every night   he said,-1,13,60,4.615384615384615,0
neutral,the challenge for the company  however  is finding new sources of raw material  said risto rinne  ceo of neste oil,0,20,114,5.7,0
negative,the company initially estimated that it would cut up to 30 jobs,-1,12,63,5.25,2
neutral,the company will try to adapt the operations through temporary layoffs of different duration  working hour arrangements  training and development efforts,0,21,153,7.285714285714286,0
neutral,the effect may remain shortlived  however,0,6,41,6.833333333333333,0
neutral,the ipad application joins the iphone app as part of monster s range of mobile applications for job hunting,0,19,107,5.631578947368421,0
neutral,the issue came up in connection with discussion with local municipalities concerning the sale of water to industrial facilities,0,19,127,6.684210526315789,0
negative,the number of bodily injury cases quadrupled in 20002006,-1,9,56,6.222222222222222,8
neutral,the purchase price will be paid in cash upon the closure of the transaction  scheduled for april 1  2009,0,19,104,5.473684210526316,5
neutral,the size of the extension  185  of which already has been let  will have a gross area of about 2830 sq m 30460 sq ft,0,25,116,4.64,12
neutral,the symbian foundation plans to revise its procedures for testing and signing software after digitally signing a trojan for its symbian mobile phone operating system by mistake,0,27,176,6.518518518518518,0
neutral,the terms and conditions of the stock option scheme 2008 are available on the company s internet pages wwwsanomacom,0,19,115,6.052631578947368,4
neutral,the third applicant  fortum  was dropped,0,6,40,6.666666666666667,0
neutral,tieto s service is also used to send  process and receive materials related to absentee voting,0,16,94,5.875,0
neutral,trading code  eli1v number of shares  99483 priceshare  gratuitous after the transfer  elisa holds a total of 10435023 own shares,0,20,129,6.45,14
neutral,my wife is looking forward to getting a paycheck again   he quipped recently as a sixknot current swirled around his anchored and heavily sponsored jet sled,0,26,156,6.0,0
neutral,that s a very high figure on the european scale   noop said  recalling however that this also includes beer bought by finnish tourists,0,23,134,5.826086956521739,0
neutral,tweeple should check who s following them  and be cautious when clicking on urls and tinyurls,0,16,93,5.8125,0
neutral,we have the most expensive water brand in finland at the moment,0,12,63,5.25,0
neutral,15 september 2010  finnish electrical components maker salcomp oyj  hel  sal1v  announced today the launch of its latest twist charger platform,0,21,143,6.809523809523809,7
neutral,a total of 1800000 stock options were issued in the 2003 stock option scheme,0,14,76,5.428571428571429,11
neutral,a worm set to activate friday will corrupt documents using the most common file types  including,0,16,96,6.0,0
negative,according to swedish authorities  traces of the very toxic osmium tetroxide have been found on the coast of permeri  the northernmost part of the gulf of bothnia,-1,27,161,5.962962962962963,0
negative,finnish airline finnair is starting the temporary layoffs of cabin crews in february 2010,-1,14,89,6.357142857142857,4
neutral,finnish energy company fortum has set itself new stricter target limits for shortterm carbon dioxide emissions from its heat and electricity production,0,22,151,6.863636363636363,0
negative,finnish food workers  union sel plans to hasten its collective bargaining with a twoday strike that would begin on 7 april 2010  in finland,-1,24,139,5.791666666666667,5
neutral,finnish honkarakenne that specialises in the building of log houses is planning to use pine from russian karelia,0,18,112,6.222222222222222,0
neutral,finnish konecranes is again trying to acquire italian fantuzzi  a manufacturer of gantry cranes and reach stackers,0,17,114,6.705882352941177,0
negative,finnish mreal s kyro mill is starting negotiations to cut staff,-1,11,63,5.7272727272727275,0
neutral,finnish nordic aluminium is starting employeremployee negotiations in finland that concern all staff groups,0,14,107,7.642857142857143,0
neutral,finnish publishing and printing group ilkkayhtym will introduced a staff smoking ban as of the beginning of 2007 at the company s three newspapers,0,24,146,6.083333333333333,4
neutral,finnish stockmann group s mail order unit hobby hall has launched a trial marketing campaign in russia,0,17,102,6.0,0
negative,finnish suominen flexible packaging is cutting 48 jobs in its unit in tampere and two in nastola  in finland,-1,19,108,5.684210526315789,2
negative,in finland  media group talentum will start personnel negotiations to cut staff in parent company talentum and publishing unit talentum media,-1,21,141,6.714285714285714,0
negative,according to laavainen  raisio s food marketing used to be reactive and inconsistent,-1,13,84,6.461538461538462,0
neutral,according to the prosecutor  the share transactions were carried out after hk ruokatalo had proceeded in the negotiations concerning the acquisition of swedish meats,0,24,165,6.875,0
neutral,according to tiimari  consumers are advised to cut away the rabbits bow tie that contains the formadehyde and dispose of it,0,21,123,5.857142857142857,0
neutral,all other charges were dismissed,0,5,32,6.4,0
neutral,alpina sports is a lebanon  new hampshire usa based distributor of eg alpina ski shoes and skis  exel ski poles  start ski waxes and now also peltonen crosscountry skis,0,29,168,5.793103448275862,0
neutral,among the biggest christmas sellers were a  35 satin bow shift dress styled on outfits worn by victoria beckham and a  75 paris hilton prom dress,0,26,145,5.576923076923077,4
neutral,among the scandinavian companies present in st petersburg  is also named the swedish concern ncc  which implements projects in the field of asphalt production  road and housing construction  project swedish krona,0,31,212,6.838709677419355,0
neutral,an international conference call and audio webcast concerning the financial result januarymarch 2010 will begin at 1400 eet,0,18,123,6.833333333333333,8
neutral,another problem is colaflavoured long drinks,0,6,44,7.333333333333333,0
neutral,antniemi refuted a report by the finnish daily turun sanomat as if the company was reorganizing its operations in the baltic countries,0,22,134,6.090909090909091,0
negative,antti orkola  president of kemira growhow s industrial solutions unit  told thomson financial news the company has put off opening the mine as prices of phosphate have been  quite depressed for a long time,-1,34,205,6.029411764705882,0
negative,applying for summer work is seen as laborious and stressful,-1,10,59,5.9,0
negative,arcelormittal chief executive officer lakshmi mittal has already cut output at some furnaces,-1,13,92,7.076923076923077,0
neutral,as a part of the plan  the board of directors decided to transfer a maximum of 330000 shares held by the company in a share issue against payment directed to aspo management oy  a holding company acquired by the management,0,40,222,5.55,6
negative,as a result  12 people will be made redundant and a total of 67 persons are laid off temporarily,-1,19,96,5.052631578947368,4
neutral,as a result  it has started negotiations with the banks on provisional amendments concerning the covenants and other credit terms,0,20,129,6.45,0
negative,as a result of these negotiations the company has decided to make 45 people redundant on financial and production grounds,-1,20,121,6.05,2
negative,as production of other products will continue normally  temporary layoffs concern simultaneously at most 80 employees,-1,16,117,7.3125,2
neutral,atria said its offer would give the swedish company continued ownership and control of its slaughtering and cutting operations,0,19,126,6.631578947368421,0
neutral,aug 17  2010  curbed delivered by newstex   and now  the latest from racked  covering shopping and retail from the sidewalks up,0,21,127,6.0476190476190474,6
neutral,bertrand sciard has been the vice chairman of the board of directors of aldata solution since april 2007,0,18,104,5.777777777777778,4
neutral,bovine slaughtering and cutting at the kuopio facility will be transferred to the kauhajoki slaughterhouse,0,15,106,7.066666666666666,0
negative,chief executive officer ollipekka kallasvuo s changes on tuesday mark the third time in nine months the company has reshuffled executives and operations as nokia loses ground to apple s iphone and rim s blackberry,-1,35,213,6.085714285714285,0
negative,cuts equivalent to the costs of about 3545 employees are the target  the company said,-1,15,85,5.666666666666667,4
negative,eb announced in its stock exchange release on november 18th 2008 that jt bergqvist has resigned from the chairmanship and membership of the board of eb,-1,26,151,5.8076923076923075,6
neutral,finlandbased international machinery rental company ramirent plc  omx helsinki  rmr1v  said on friday  9 may  that its president and ceo  kari kallio  has informed the board of his intention to retire in year 2009,0,34,213,6.264705882352941,6
neutral,finnish electrical components maker salcomp oyj  hel  sal1v  announced today the launch of its latest twist charger platform,0,18,124,6.888888888888889,1
negative,finnish soapstone processing and fireplaces maker tulikivi oyj said on february 26  2007 it would cut less than 20 jobs from its fireplace sales organization  production facilities and its subsidiary kermansavi oy,-1,32,213,6.65625,8
negative,finnish suominen flexible packaging ltd  owned by local textile company suominen corporation group  hel  suy1v   said today that it would start employee negotiations concerning its entire personnel in finland,-1,29,208,7.172413793103448,1
negative,finnish vaahto group that provides papermaking technology and process machinery is starting negotiations concerning the temporary layoffs of all 140 employees at the company s plants in hollola and tampere  in finland,-1,32,217,6.78125,3
neutral,fortum is looking to invest in several new production units  including a new wastefired unit at its brista combined heat and power  chp  plant and a biofuelsbased production unit at vartan chp plant,0,33,198,6.0,0
neutral,get midnighttrader in realtime  this report is delayed,0,8,54,6.75,0
neutral,global life science industry is strictly regulated by international and national authorities,0,12,92,7.666666666666667,0
negative,he said he has been losing five families a month to the economy as many make alternative arrangements to save money,-1,21,115,5.476190476190476,0
neutral,his resignation will take effect immediately,0,6,44,7.333333333333333,0
neutral,huhtamaki s rigid plastic consumer goods operations  which are mainly in europe  will be separated into a new reporting segment as of 1 january 2009,0,25,148,5.92,5
negative,in addition  the production at the varpaisj rvi factory will be stopped at the beginning of april 2009,-1,18,102,5.666666666666667,4
negative,in addition the production personnel of the sport division have been given a temporary layoff warning,-1,16,101,6.3125,0
neutral,in december  amer announced the dismissal of ceo roger talermo  who had headed the company since 2006,0,17,101,5.9411764705882355,4
neutral,in europe  the paper industry s situation is paradoxical,0,9,56,6.222222222222222,0
neutral,in parallel  teliasonera has decided to conduct a compulsory acquisition,0,10,72,7.2,0
negative,in sweden  there is an oversupply of pharmacies,-1,8,47,5.875,0
negative,incap furniture is presently negotiating staff cuts,-1,7,51,7.285714285714286,0
negative,initially  the company said a maximum of 15 people would be made redundant in the parent company and about 15 in its subsidiaries,-1,23,129,5.608695652173913,4
negative,it is a disappointment to see the plan folded,-1,9,45,5.0,0
negative,it is the most awkward thing to use if you re holding the phone with one hand,-1,17,77,4.529411764705882,0
negative,jul 18  police are looking for a man who they say terrorized three males at gunpoint on east maple avenue this afternoon  shooting one of them and kidnapping another,-1,29,165,5.689655172413793,2
neutral,jussi pesonen  member of the sampo board since 2006  will renounce his seat in sampo board,0,16,90,5.625,4
neutral,kesko has previously published a stock exchange release concerning the deal on 7 february 2007,0,15,94,6.266666666666667,5
negative,korhonen was dismissed from her post of editor in chief of the group s newspaper lapin kansa in december 2008,-1,20,109,5.45,4
negative,last year  upm cut production  closed mills in finland and slashed 700 jobs,-1,13,75,5.769230769230769,3
neutral,less than ten people will face pension agreements,0,8,49,6.125,0
negative,adp news   jan 27  2009  finnish industrial machinery company vaahto group ltd oyj  hel  wat1s  said today that its subsidiary vaahto ltd would cut 15 jobs in finland,-1,28,166,5.928571428571429,9
negative,adpnews   dec 1  2009  finnish cutlery and hand tools maker fiskars oyj abp  hel  fisas  said today that it will make redundant a total of 18 office and management staff members of its subsidiary iittala group ltd,-1,37,213,5.756756756756757,7
neutral,adpnews   dec 30  2009  finnish investment group neomarkka oyj  hel  nembv  said today that it will furlough employee in its unit reka cables ltd for less than 90 days  starting in january 2010,0,33,193,5.848484848484849,12
neutral,managing director timo kohtamki of lemminkinen infra nevertheless points out the continued need for infrastructure construction in the baltic markets,0,20,149,7.45,0
negative,more than 14000 customers were left powerless,-1,7,45,6.428571428571429,5
neutral,mr kari stadigh will carry on as chairman of the board and mr matti arteva as vicechairman,0,17,90,5.294117647058823,0
neutral,mreal will start statutory employeremployee negotiations at the nekoski board mill that concern about 130 people,0,16,112,7.0,3
neutral,neste oil s refineries have a combined crude oil refining capacity of approximately 260000 barrels a day,0,17,104,6.117647058823529,6
neutral,new chairman of the board of directors  mr chaim katzman  will give a presentation and answer questions,0,17,103,6.0588235294117645,0
neutral,nokia has inaugurated its manufacturing plant near chennai on 11 mar 2006,0,12,73,6.083333333333333,6
neutral,nokia is requesting that the companies stop making and selling the mobile phones and pay monetary damages and costs,0,19,115,6.052631578947368,0
neutral,on 20 march 2006  stora enso refused to comment the news in any way,0,14,67,4.785714285714286,6
neutral,panostaja oyj s board also decided at its organisational meeting held upon completion of the agm to implement the agm decision concerning board member fees paid as shares in such a way that shares are transferred on a quarterly basis on the date following publication of the quarterlyannual report,0,49,297,6.061224489795919,0
neutral,rapala fishing frenzy 2009,0,4,26,6.5,4
neutral,residents access to the block is planned to be from aleksandri street,0,12,69,5.75,0
neutral,russian media ventures  minority shareholder peter hervy denied the plans to sell ova press  the daily said,0,17,107,6.294117647058823,0
neutral,russian officials inspected the damage and gave the vessel permission to continue to tallinn at around 430 am the norwegianregistered mt sten nordic was carrying 11000 tons of gas oil and was manned by a filipino crew,0,37,217,5.864864864864865,8
neutral,sanoma announced the stock option scheme 2008 on 19 december 2008,0,11,65,5.909090909090909,10
negative,scanfil will execute the temporary layoffs by midoctober 2009 and the job cuts by march 2010,-1,16,92,5.75,8
neutral,shock phase   consumers have once again started to plan and implement building projects,0,13,87,6.6923076923076925,0
neutral,shortterm licenses for the games cost as little as  3 while purchasing a game outright can cost as much as  10 or  15,0,23,117,5.086956521739131,5
neutral,so mr galvan made savings adjustments of his own  buying less liquor and watching portion sizes,0,16,95,5.9375,0
neutral,some 250 people  of whom more than 200 are workers  will be retiring from the raahe works between 2008 and 2011,0,21,111,5.285714285714286,14
neutral,swot analysis is just one method of categorization and has its own weaknesses,0,13,77,5.923076923076923,0
neutral,the adjustments concern staff in both the specialty papers and the fiber composites segments,0,14,92,6.571428571428571,0
neutral,the appointments will be in force until the new ceo has been appointed,0,13,70,5.384615384615385,0
neutral,the authorisation is in force until the end of the next annual general meeting and repeals the authorisation to acquire own shares given by the general meeting held on april 4  2007,0,32,181,5.65625,5
neutral,the authorization is in force for a period of 18 months from the resolution by the general meeting,0,18,98,5.444444444444445,2
neutral,the business had gross written premiums of eur152 4 m   915 m  in 2000  a net combined ratio of 133  and 175 staff in total with offices in the uk  germany and benelux,0,33,167,5.0606060606060606,17
neutral,the chilled meat products category led the meat  fish and poultry market in finland  accounting for a share of 314,0,20,114,5.7,3
neutral,the company can be split into two parts over the coming months  with essent owning and operating production and supply  and enexis owning and operating the grid,0,27,160,5.925925925925926,0
neutral,the company has a continuous need for alloys such as nickel  ferrochrome  molybdenum and manganese in its production  said talvivaara,0,20,133,6.65,0
neutral,the company is reportedly searching for a replacement for ceo ollipekka kallasvuo,0,12,81,6.75,0
negative,the company plans to close two of the three lines at the plant  where some 450 jobs are under threat,-1,20,100,5.0,3
neutral,the contract also includes cutting and edging wagon parts at ruukki s steel service centres in seinajoki and raahe  both in southwestern finland  from where they will be delivered to vr for welding and assembly,0,35,210,6.0,0
neutral,the copying  republication or redistribution of afx news content  inculding by framing or similar means  is expressly prohibited without the prior written consent of afx news,0,26,174,6.6923076923076925,0
neutral,the cosmetics collection includes an eye shadow  face powder  lip gloss  mascara and accessories,0,14,96,6.857142857142857,0
neutral,the e7 smartphone will be available for rs35 000 per handset across india   nokia india vicepresident  managing director d shivakumar told reporters,0,22,148,6.7272727272727275,6
neutral,the employeremployee talks concerned about 500 people  that is  the whole staff in finland,0,14,90,6.428571428571429,3
neutral,the exercise originated in finland in the early 1930s as a training method for crosscountry skiers,0,16,98,6.125,4
neutral,the first phase of the logistics complex envisages the completion of some 70000 sq m of logistics premises and the gatehouse building in november 2008,0,25,150,6.0,9
neutral,the gross area of eight houses will be 12167 m2,0,10,47,4.7,6
neutral,the gross area of the innova 2 project will be about 10000 sq m  107600 sq ft,0,17,77,4.529411764705882,12
neutral,the incident happened at 230 pm on avenue 192 at road 196,0,12,57,4.75,9
neutral,the interim report for the first quarter is published on may 8  2009,0,13,68,5.230769230769231,5
negative,the largest restructuring is planned for italy  where negotiations on about 40 job cuts are to be initiated today  the company noted,-1,22,132,6.0,2
neutral,the layoff talks were first announced in august,0,8,47,5.875,0
neutral,the machines will cease production by the end of february 2007,0,11,62,5.636363636363637,4
negative,the measures result from weak demand in the shipbuilding industry,-1,10,65,6.5,0
neutral,the mill s raw material need will increase by 100000 m3 of wood,0,13,63,4.846153846153846,7
neutral,the negotiations concern personnel of cencorp corporation and singulase oy as whole in finland and in sweden  the company said,0,20,126,6.3,0
neutral,the negotiations will concern the plant s department producing winded roving that employs 10 people,0,15,99,6.6,2
neutral,the new apartment block is going up very close to the city center  explained chairman of the board of as yit ehitus priit sauk,0,24,126,5.25,0
neutral,the plant will be fired with a combination of spruce bark  chipped logging residues or milled peat,0,17,98,5.764705882352941,0
negative,the production is to be liquidated before june 2009 and 325 employees loose their jobs,-1,15,86,5.733333333333333,7
neutral,the project will be a 2 x 600 mw coalfired power plant  located some 420 km south of hanoi  the company said,0,22,108,4.909090909090909,7
negative,the prosecutor is also demanding outokumpu pay a fine of eur 800000 at most,-1,14,75,5.357142857142857,6
negative,the pulp production in finnish kemijrvi will also be liquidated and about 1100 employees loose their jobs,-1,17,105,6.176470588235294,4
neutral,the redesigned crushing circuit has been in operation since the start of september and its overall production rate on a weekly basis is in excess of an average of 40000 tonnes a day,0,33,181,5.484848484848484,5
neutral,the resignation will be in effect immediately,0,7,45,6.428571428571429,0
neutral,the scheme for teliasonera and altimo is practically identical  except that it involves the merger of their stakes in vimpelcom and kyivstar,0,22,140,6.363636363636363,0
neutral,the share subscription period for c options will commence on 1 september 2008 and expire on 31 march 2011,0,19,105,5.526315789473684,11
neutral,the share subscription period will expire on 30 september 2007,0,10,62,6.2,6
neutral,the subscription period of amer sports  2002 warrant scheme will end on 31 december 2007,0,15,88,5.866666666666666,10
neutral,the terms and conditions of stock option scheme 2004 are available on the group s website,0,16,89,5.5625,4
neutral,the transaction included also the transfer of the lease agreement concerning manufacturing premises and employment agreements related to these operations,0,20,153,7.65,0
neutral,the utility will also provide services related to electricity management  such as hedging trades and risk management and reporting,0,19,130,6.842105263157895,0
negative,they are also upset that some of the machinery and work is taken over to poland,-1,16,79,4.9375,0
negative,they will cover all forest industry s units and employees in finland and concern temporary and permanent layoffs,-1,18,112,6.222222222222222,0
negative,this is bad news for the barbeque season,-1,8,40,5.0,0
neutral,this is due to the postponement of the decisionmaking of projects in the negotiation phase from the earlier estimation,0,19,118,6.2105263157894735,0
negative,tornio works employs 2300 of whom more than 1800 have been in the scope of the fixedperiod or parttime temporary layoffs in apriloctober period,-1,24,143,5.958333333333333,8
neutral,we are adjusting to the present situation by cutting our capacity and costs without  however  jeopardising our asia strategy over the longer term,0,23,145,6.304347826086956,0
neutral,when cruising  the revs fall as less engine output is required,0,11,62,5.636363636363637,0
negative,when the web user clicks on the link contained in the mail  he finds himself on a bogus site that imitates that of his bank  and which retrieves his personal banking data,-1,32,170,5.3125,0
negative,viking line has canceled some services,-1,6,38,6.333333333333333,0
neutral,z bavelloni s longstanding md  dino bavelloni  has retired at the end of 2005,0,14,77,5.5,4
neutral,i m trying to deal with slavery from a different perspective to balance the story   says deramus  formerly a writer at the detroit free press and the detroit news,0,29,162,5.586206896551724,0
positive,neste oil has responded to the challenge posed by the european union s target of biofuels accounting for 58  of traffic fuel usage in the eu by 2010 by developing its nexbtl technology for producing diesel fuel from renewables   the federation said,1,42,248,5.904761904761905,6
neutral,soon after  the collisions started,0,5,34,6.8,0
neutral,the biggest challenge was to make the piece look raw   hansen said,0,12,66,5.5,0
neutral,the rest of this week s tapings of jimmy kimmel live have been canceled until he is back on his feet,0,21,100,4.761904761904762,0
negative,there s the issue of thieves stealing them from building sites   said mr smith,-1,14,78,5.571428571428571,0
neutral,we have a license agreement with nokia corp which in part expires on april 9  2007,0,16,82,5.125,5
negative,30 november 2009  finnish office furniture maker martela oyj hel  maras said today that it will make redundant three people and other nine will be laid off permanently from the company s office staff and factory workers,-1,37,219,5.918918918918919,6
neutral,4 january 2011  finnish media company alma media corporation hel  aln1v said today its online recruitment service monster oy will partner with local newspaper publisher suomen lehtiyhtyma in listing job advertisements,0,31,217,7.0,6
neutral,a 2001 agreement expired earlier this month,0,7,43,6.142857142857143,4
neutral,a few months ago  teva vice chairman phillip frost and marathon venture capital fund tase  mara sold protalix shares,0,19,116,6.105263157894737,0
negative,after chuck smith was laid off on may 30 from his  90000 housing consultant job  he and his wife had to cut spending in half for their family of six  having to rely on his wife s income  about the same as his  alone,-1,44,215,4.886363636363637,7
neutral,after the split  the company would have 26885540 series a shares and 9540000 series k shares,0,16,92,5.75,15
neutral,after the transaction  herttaassa s holding in alma media has fallen below the flagging limit of 5,0,17,98,5.764705882352941,1
neutral,and ogden reportedly will shell out  42 million,0,8,47,5.875,2
neutral,at 337 pm eastern time  a block of 2400 contracts changed hands at a bid price of  045,0,18,86,4.777777777777778,10
negative,belarus oao lidskoe pivo brewery  based in the grodno region  reported a 11  decrease in output to 1045 million decaliters in januarymarch 2010  a representative in the administration of the company told,-1,32,203,6.34375,10
neutral,boomeranger boats oy specialises in boat building and designs  manufactures and sells customised rigid inflatable boats rib primarily for the baltic sea market,0,23,159,6.913043478260869,0
neutral,cramo s manager jarmo laasanen said hiring of equipment and machinery in lithuania differs from the other baltic countries in that in lithuania still many public structures such as roads  bridges  airports and shops are being built,0,37,231,6.243243243243243,0
neutral,currently the quarterly applied surcharges differ significantly from the actual market prices,0,12,93,7.75,0
neutral,filmiteollisuus fine ab will be transferred to talentum oyj in the form of a subsidiary,0,15,87,5.8,0
neutral,finnish bank alandsbanken said monday it will buy the swedish operations of iceland s troubled kaupthing bank for 414 million kronor  495 million in cash,0,25,153,6.12,6
neutral,fortum also has a blocking stake in northwestern tgk1,0,9,53,5.888888888888889,1
neutral,he found him again  however  after the driver was involved in a twocar accident,0,14,79,5.642857142857143,0
neutral,helsinki afx  salcomp  the mobile phone charger manufacturer  said it has appointed markku hangasjarvi as its new ceo  following the resignation of mats eriksson,0,24,161,6.708333333333333,0
neutral,hk ruokatalo produces many turkey products  such as cold cuts,0,10,61,6.1,0
neutral,however  the brokers  ratings on the stock differ,0,8,49,6.125,0
negative,however  the suspect stole his burgundy nissan altima,-1,8,53,6.625,0
negative,in a media advisory  the ntsb said that after subsequent testing   the train detection system intermittently failed,-1,17,115,6.764705882352941,0
negative,in finland  snow storms brought trees down on power lines  cutting off electricity for some 2000 households,-1,17,107,6.294117647058823,4
neutral,in the spring 2006  a total of 386530 stock options 2002 b were annulled,0,14,72,5.142857142857143,14
neutral,information system supplier sentera  up 2451 pct  was the next most heavily traded share after sysopen digia  a software house  acquired 774 pct of the company this morning for just under 33 mln eur,0,34,198,5.823529411764706,9
neutral,it s very difficult to become a google analytics channel partner,0,11,64,5.818181818181818,0
neutral,juhani jrvi  corporate executive vice president of kesko  says the russian food retail sector is fragmented,0,16,107,6.6875,0
negative,layoffs will also take place at the suomussalmi and kuhmo plants this autumn as a result of codetermination negotiations held there,-1,21,131,6.238095238095238,0
negative,metso estimates the need for personnel reductions to amount to 25 people,-1,12,72,6.0,2
negative,most of the layoffs will be in finland,-1,8,38,4.75,0
negative,most of the permanent layoffs will be in the plywood and sawn timber sectors of the finnish company s operations at several domestic mills  where earlier this year it temporarily laid off some 1200 workers to save costs,-1,38,219,5.7631578947368425,4
neutral,motorola  the world s secondlargest maker of cell phones  unveiled the new phone tuesday in a bid to resurrect its ailing handset business,0,23,138,6.0,0
neutral,mursula said they tried to gather macroeconomic perspective to see how malaysia was doing,0,14,89,6.357142857142857,0
neutral,niklas skogster has been employed by the abb group in various positions concerning the development of operations,0,17,112,6.588235294117647,0
negative,paper companies were in negative territories  with stora enso r shedding 162 pct to 1273 eur  upmkymmene down 080 pct at 1864 eur and mreal b 018 pct lower at 557 eur,-1,32,166,5.1875,20
neutral,rautaruukki aims to find work from the group s other locations for those who have been made redundant,0,18,101,5.611111111111111,0
neutral,temporary layoffs in these units have already started,0,8,53,6.625,0
neutral,the beers differ slightly from mainstream beers,0,7,47,6.714285714285714,0
neutral,the company operates a us division in lisle  ill,0,9,48,5.333333333333333,0
neutral,the company says it is difficult to estimate the market situation for the whole year 2009,0,16,89,5.5625,4
neutral,the contract also includes cutting and edging wagon parts at ruukki s steel service centres in seinajoki and raahe  from where they will be delivered to vr for welding and assembly,0,31,180,5.806451612903226,0
negative,the current reference grade instruments are challenging to operate due to their high price and complexity for routine use,-1,19,121,6.368421052631579,0
neutral,the deal covers stockmann auto oy ab s sales and aftersales services concerning volkswagen and audi in helsinki  espoo and vantaa,0,21,129,6.142857142857143,0
neutral,the difference can be explained by the fact that two shipping companies have stopped operating in the gulf of finland,0,20,117,5.85,0
negative,the dollar fell  though  against the pound and the yen,-1,10,54,5.4,0
neutral,the dualfuel engines of the vessel can operate on liquefied natural gas lng with low emissions,0,16,94,5.875,0
neutral,the emerging markets that raisio has chosen to enter so far are marked by relatively low per capita food consumption,0,20,116,5.8,0
neutral,the employer  together with health personnel  supports quitting and pays part of the cost of nicotine treatments,0,17,112,6.588235294117647,0
neutral,the equipment is designated to bollore africa logistics terminal societe dexploitation du terminal de vridi setv in abidjan  ivory coast and the delivery is scheduled to start in march 2010,0,30,189,6.3,4
neutral,the evidentiary hearing in the investigation is scheduled for april 21  may 1  2008,0,14,83,5.928571428571429,7
neutral,the finnish food concern atria is about to acquire two estonian meat processing companies  woro kommerts and vastsekuuste lihatoostus  reported the official website wwwinvestinestoniacom,0,24,186,7.75,0
neutral,the floor area of the yliopistonrinne project will be 7900 sq m and the building s gross area will total 12800 sq m a total 251  of the facilities have been let,0,32,160,5.0,12
neutral,the floor area of the yliopistonrinne project will be 7900 sq m 85030 sq ft and the building s gross area will total 12800 sq m a total 251  of the facilities have been let,0,35,172,4.914285714285715,17
neutral,the measures result from the statutory joint negotiations with employees which started in february and concerned all operations in the country,0,21,142,6.761904761904762,0
neutral,the ntsb said investigators are set to conduct sight distance tests on july 18  using trains similar to those involved in the accident,0,23,134,5.826086956521739,2
negative,the number of salaried employees and group administration employees to be dismissed from the sievi units is 17,-1,18,110,6.111111111111111,2
neutral,the pine oil project is related to the upgrade of the chemical recovery plant of upm at its pulp mill in kymi  southern finland,0,24,127,5.291666666666667,0
neutral,the product range includes marinated olives  cold cuts  and pates  for example,0,12,78,6.5,0
neutral,the statutory negotiations at headquarters are part of this decrease,0,10,68,6.8,0
neutral,the talks concerned about 160 people in finland and the initial estimate was for about 35 redundancies  fiskars said,0,19,116,6.105263157894737,5
neutral,the terms and conditions of the year 2003 stock option scheme were published in a stock exchange release on 31 march 2003,0,22,121,5.5,10
negative,the total number of filling stations has been on the decrease recently,-1,12,70,5.833333333333333,0
neutral,these restrictions do not apply to statutory dividends,0,8,54,6.75,0
neutral,this action follows personnel negotiations concerning elcoteq se  finnish branch  elcoteq finland oy and elcoteq design center oy,0,18,129,7.166666666666667,0
neutral,unbelievably  the company that makes them  fiskars corporation  was formed in 1649 when a dutch merchant named peter thorwoste was given a charter to establish a blast furnace and forging operation in the small finnish village of fiskars,0,38,237,6.2368421052631575,4
negative,we have also cut our price projections for paper and packaging   an analyst with goldman sachs said on a note on monday,-1,22,119,5.409090909090909,0
neutral,why put up costly cell phone towers in thinly populated areas when a few balloons would do,0,17,90,5.294117647058823,0
neutral,viking line has also been forced to alter its timetable so that ferries traveling from stockholm to helsinki  finland  only depart at night,0,23,139,6.043478260869565,0
neutral,yakima created the position for him after emerging from economic downturns of its own,0,14,85,6.071428571428571,0
neutral,zip   experts warned tuesday,0,4,28,7.0,0
negative,finnish industrial group ruukki group has brought counter action against finnish metal company rautaruukki in the dispute concerning the names of the companies,-1,23,159,6.913043478260869,0
neutral,this one was at one time targeted for june 5  but if we had to guess  it s been pushed back  maybe we re crazy  but we feel like it has nt leaked enough to meet that date at this point,0,41,184,4.487804878048781,1
negative,border guard service has banned the mooring of the company carshipping ferry on its test travel at the railroadcar terminal of the russian port as the border checkpoint is not yet ready,-1,32,185,5.78125,0
negative,those uncertainties cloud the longterm outlook,-1,6,46,7.666666666666667,0
negative,20 october 2010  finnish environmental management company lassila  tikanoja oyj hel  lat1v  or lt  said monday it expects its operating profit  excluding nonrecurring items  for the whole 2010 to be slightly lower than in 2009,-1,35,226,6.457142857142857,15
negative,according to finnish petrol station chain st1 s managing director kim wiio  the company was forced to make purchases with rising prices in the first half of 2008  and now consumer prices are going down almost daily due to competition,-1,40,233,5.825,5
negative,according to the latvian business register  uponor latvia closed in red with lvl 99000 eur 13953817 usd 19455648 on turnover of lvl 2346 mn for 2009,-1,26,148,5.6923076923076925,29
negative,dolce  gabbana has asked the european union to declare marimekko corporation s  unikko  floral pattern trademark invalid  in a continuing dispute between the two companies,-1,25,171,6.84,0
negative,finnair said that the cancellation of flights would cause daily losses of  x20ac 25 million us 3 million,-1,18,104,5.777777777777778,5
negative,food sales totalled eur 3235 mn in october 2009  representing a decrease of 55  from october 2008,-1,17,97,5.705882352941177,14
negative,adp news  may 29  2009  bank of america bofa downgraded today its ratings on swedishfinnish paper maker stora enso oyj hel  sterv and on finnish sector player upmkymmene oyj hel  upm1v to  underperf,-1,33,198,6.0,7
negative,operating profit excluding nonrecurring items totaled eur 54 mn compared to eur 55 mn in the corresponding period in 2007,-1,20,121,6.05,8
negative,raute reported a loss per share of eur0 86 for the first half of 2009  against eps of eur0 74 in the corresponding period of 2008,-1,26,129,4.961538461538462,14
negative,the air traffic of finland has been in stoppage since then,-1,11,58,5.2727272727272725,0
negative,the hack had been extra nefarious because the tweets activated without being clicked on  it was enough for web surfers to move their mouse cursors over them,-1,27,156,5.777777777777778,0
negative,the move was triggered by weak demand for forestry equipment and the uncertain market situation,-1,15,95,6.333333333333333,0
negative,the situation of coated magazine printing paper will continue to be weak,-1,12,72,6.0,0
negative,a high court in finland has fined seven local asphalt companies more than   lion   117 million  for operating a cartel,-1,20,118,5.9,3
negative,the estonian electronic components factory  elcoteq  is running out of material because of the closure of air traffic,-1,18,117,6.5,0
negative,all the ferries had run into trouble just outside the stockholm archipelago  made up of more than 20000 islands,-1,19,111,5.842105263157895,5
negative,and us energy executives say high steel prices are threatening energy exploration,-1,12,81,6.75,0
negative,as capacity was cut with 14   the passenger load factor was down 78 percentage points,-1,15,85,5.666666666666667,4
negative,at present  the trade mark pitprodukt is littleknown outside the northwest of russia,-1,13,84,6.461538461538462,0
negative,copper  lead and nickel also dropped  hbos  hbos  plummeted 20  to 703 pence after saying this year,-1,17,99,5.823529411764706,5
negative,divisional sales demand in the half remained  inconsistent   it added,-1,10,69,6.9,0
negative,during the strike  finnair estimates to incur a net loss of between eur2m and eur2 5 m per day,-1,19,94,4.947368421052632,3
negative,earnings per share  eps  dropped to eur 021 from eur 031,-1,11,56,5.090909090909091,6
negative,emsa deputy chairman of the board juri lember told bns on wednesday that this was the first time he heard about the strike as the swedish side had not informed the estonian union yet,-1,34,182,5.352941176470588,0
negative,finnair s passenger load factor  which measures the number of sold seats as a share of all available seats  dropped by 13 percentage points to 767  in september,-1,28,160,5.714285714285714,5
negative,frost sold shares for  19 million at  6067 12 per share  compared with friday s high of  1133 and low of  1014,-1,22,110,5.0,16
negative,fullyear operating result for 2008 was 36 million negative,-1,9,58,6.444444444444445,6
negative,glaston s net profit for the third quarter of 2007 dropped to 24 mln euro   35 mln  from 35 mln euro   51 mln  for the corresponding period of 2006,-1,29,147,5.068965517241379,16
negative,in q1 of 2009  the company s result before taxes from continuing operations  excluding nonrecurring items  totalled eur 04 mn  compared to eur 01 mn in the corresponding period in 2008,-1,31,184,5.935483870967742,13
negative,kone said in court papers that the union action delayed repairs to elevators at the federal courthouse on jan 21 and the saltonstall state office building on jan 23,-1,29,164,5.655172413793103,4
negative,lt s net profit for the whole 2010 dropped to eur 36 million from eur 45 million for 2009,-1,19,89,4.684210526315789,12
negative,lassila  tikanoja s operating profit excluding nonrecurring and imputed items for the second quarter was eur11 3 m  down from eur13 8 m a year ago,-1,26,146,5.615384615384615,6
negative,last year s third quarter result had been burdened by costs stemming from restructuring in the us,-1,17,97,5.705882352941177,0
negative,many of the commercial vessels had got stuck in the narrow bay of bothnia  where the ice is thicker  and around the aaland islands,-1,24,130,5.416666666666667,0
negative,net cash flow from operating activities was a negative eur 31 mn  compared to eur 233 mn in the corresponding period in 2009,-1,23,124,5.391304347826087,9
negative,net cash from operating activities was a negative eur 03 mn  compared to eur 309 mn in 2009,-1,18,91,5.055555555555555,9
negative,net sales dropped by 6  yearonyear to eur 119 million,-1,10,53,5.3,4
negative,net sales have been eaten by the weak us dollar,-1,10,47,4.7,0
negative,nordic banks have already had to write off sizable loans in latvia  with swedbank  nordea  dnb nor and seb reporting combined losses in excess of  135 billion in the period 2007 to 2010 against a backdrop of near economic meltdown in latvia,-1,42,240,5.714285714285714,11
neutral,nordic walking was first used as a summer training method by crosscountry skiers,0,13,80,6.153846153846154,0
negative,okmetic expects its net sales for the first half of 2009 to be less than in 2008,-1,17,80,4.705882352941177,8
negative,on top of that  the us commerce department published worsethanexpected construction spending figures for november,-1,15,113,7.533333333333333,0
neutral,operating loss landed at eur39m including oneoffs and at eur27m excluding oneoffs,0,12,81,6.75,4
negative,operating profit  excluding nonrecurring items  totaled eur 02 mn  down from eur 08 mn in the corresponding period in 2006,-1,20,122,6.1,8
negative,operating profit  excluding nonrecurring items  totalled eur 10 mn  down from eur 16 mn,-1,14,87,6.214285714285714,4
negative,operating profit  excluding nonrecurring items  totalled eur 22 mn  down from eur 27 mn in the corresponding period in 2008,-1,20,123,6.15,8
negative,operating profit excluding nonrecurring items amounted to eur 406 mn  down from eur 573 mn yearonyear,-1,16,101,6.3125,6
negative,operating profit excluding nonrecurring items was eur 78 million compared to eur 112 million,-1,14,92,6.571428571428571,5
negative,relations with the city have been further damaged by comments from mr ashley criticising city investors and analysts as  cry babies,-1,21,131,6.238095238095238,0
negative,reported operating margin was a negative 59,-1,7,43,6.142857142857143,2
negative,stora chief executive jouko karvinen has described the russian tariff hikes as a threat to the future of the forest products industry in finland,-1,24,144,6.0,0
negative,swedbank s shares have been hardest hit of the swedish banks by the ongoing international financial crisis,-1,17,106,6.235294117647059,0
negative,the acquisition of landsbanken sverige in 2009 burdened the performance with eur 30 mn,-1,14,86,6.142857142857143,6
negative,the currency effect had a 30 pct  or 20 mln euro   313 mln   negative impact on the revenue,-1,18,91,5.055555555555555,7
negative,the finnish company previously said its operating result will be lower than the breakeven posted a year earlier,-1,18,111,6.166666666666667,0
negative,the maritime administration said the ships had ignored warnings about the icy conditions,-1,13,88,6.769230769230769,0
negative,the offer  deemed too low by finnlines  board  stands until 4 pm tomorrow,-1,13,73,5.615384615384615,1
negative,the period s sales dropped to eur 306 million from eur 383 million  according to the interim report  released today,-1,20,115,5.75,6
negative,the recent troubles simply make neteller cheaper,-1,7,48,6.857142857142857,0
negative,the union filed a grievance over the company s overtime assignment policies,-1,12,75,6.25,0
negative,therefore  the company s 2005 result will remain weaker than that of 2004,-1,13,73,5.615384615384615,8
negative,vaisala s net profit for the third quarter of 2007 dropped to 30 mln euro   43 mln  from 68 mln euro   98 mln  for the same period of 2006,-1,29,138,4.758620689655173,16
negative,the considerably weaker us dollar and british pound had an impact on sales and average prices in euros   upm said,-1,20,113,5.65,0
negative,the implementation of these programs has had  and will have  negative impacts on 2006 and 2007 earnings   mr meiklejohn said,-1,20,124,6.2,8
negative,we can say that the number of deals has become normalized by the moment  and therefore we have decided to devalue our apartments now on sale   he added,-1,28,151,5.392857142857143,0
negative,we cut our frequency to new york last year  which explains the fall   he said,-1,15,77,5.133333333333334,0
negative,we see that the market continues to be tight in magazine papers  and our target is to close the deals by the end of the year,-1,26,124,4.769230769230769,0
negative,a survey conducted by taloustutkimus for sampo life shows that companies are badly prepared to losing key staff members,-1,19,119,6.2631578947368425,0
negative,agricultural newspaper maaseudun tulevaisuus had 318000 readers  representing a decrease of 6,-1,12,93,7.75,7
negative,at 1411 cet  arcelormittal had lost 726  to eur 1738 on euronext paris  coming at the lead of the bluechip fallers,-1,21,114,5.428571428571429,11
negative,cash flow from operations in januarydecember 2008 was a negative eur 181 mn compared to eur 390 mn in the corresponding period in 2007,-1,24,134,5.583333333333333,14
negative,eps dropped to eur0 2 from eur0 3,-1,8,33,4.125,4
negative,kiosk and cinema operations have suffered  in particular,-1,8,56,7.0,0
negative,kone shares dropped 41 percent to  x20ac 43 us 5577 in helsinki,-1,12,63,5.25,10
negative,ramirent made 18 million kroons eur 115 mln loss last year  the year before the company was 73 million kroons in the black,-1,23,122,5.304347826086956,7
negative,return on capital employed roce was a negative 23  compared to 113  in 2007,-1,14,75,5.357142857142857,9
negative,stora enso s target has been cut to eur 485 from eur 555 and holmen s target  to sek 135 from sek 150,-1,23,101,4.391304347826087,12
negative,the dismissed staff members will now take the matter to court unless it can be settled outside,-1,17,94,5.529411764705882,0
negative,the eu commission said earlier it had fined thyssenkrupp  united technologies corp s otis  schindler ag and kone oyj a total of 9923 mln eur for alleged cartel activity in the lift market going back twelve years,-1,37,211,5.702702702702703,4
negative,the one dark spot on the horizon  however  was the company s performance in the finnish bottled water market,-1,19,108,5.684210526315789,0
negative,the period s sales dropped to eur30 6 m from eur38 3 m  according to the interim report  released today,-1,20,103,5.15,6
negative,yit lodged counter claims against neste oil totaling some eur25m  primarily based on work carried out under the contract and additional costs incurred due to prolongation of the project,-1,29,185,6.379310344827586,2
positive,the stable outlook reflects nokia s strong market position in the global mobile handset market  strong cash flow generation  and very conservative balance sheet   said raab,1,26,172,6.615384615384615,0
positive,these financing arrangements will enable the company to ensure  in line with its treasury policy  that it has sufficient financial instruments at its disposal for its potential capital requirements,1,29,197,6.793103448275862,0
positive,according to karhinen  oppohjola is an exciting enterprise because the cooperation will bring huge opportunities for customers and the company itself,1,21,149,7.095238095238095,0
positive,based upon its unique fiber expertise and innovative approach  the company has a strong market position in several business areas in which it operates,1,24,150,6.25,0
positive,efficiency improvement measures 20 january 2010  finnish stationery and gift retailer tiimari hel  tii1v said today that it will continue to improve its operational efficiency  by focusing on its profitable core operations,1,32,222,6.9375,7
positive,efore s results for the last quarter showed an even faster improvement as the company managed to better source its components,1,21,125,5.9523809523809526,0
positive,technical indicators for the stock are bullish and sp gives nok a positive 4 stars out of 5 buy ranking,1,20,103,5.15,2
positive,the broker highlights cargotec as its preferred stock in the sector  as it is a pure play on global cargo and container handling  and it expects it to play an active role in further consolidating the industry,1,37,208,5.621621621621622,0
positive,the restructuring creates a more efficient organization with increased operational focus and stable profitability  and leads to more efficient production  said bo annvik  head of specialty stainless,1,27,198,7.333333333333333,0
positive,we re delighted with the move  says morna cowie  coowner  above   it s double the size of our current shop and has a lovely feel to it,1,27,134,4.962962962962963,0
positive,elcoteq has a proven track record in electronics manufacturing services  ems  and a global factory network coupled with modern manufacturing equipment and consistent systems and processes,1,26,187,7.1923076923076925,0
neutral,previously  the company also delivered about 70  of the steel used in oasis of the seas  allure of the seas  sister ship completed last year,0,25,140,5.6,2
positive,the main strength of the cooperation project lies in merging the knowhow of two large companies,1,16,95,5.9375,0
positive,the dutch broker noted that nokian tyres reported a good first quarter in 2006  above or in line with consensus,1,20,111,5.55,4
positive,the nokian tyre proves its high safety excellently in the important driving qualities stability with mark 14  handling 15 and braking on wet road with 19,1,26,153,5.884615384615385,6
positive,the respondents praised finnair s reliability  finnishness  and understanding of its target group,1,13,97,7.461538461538462,0
neutral,this ideally placed them in a position to tap into the potential of clean technology,0,15,84,5.6,0
positive,the longstanding partnership and commitment enable both parties to develop their respective operations  and esl shipping will also have the opportunity to update its fleet and improve its efficiency,1,29,198,6.827586206896552,0
positive,thanks to his wide contact network and good knowledge of market and business environment  he will give a great contribution to the further development of our indian operations   tells incap s president  ceo juhani hanninen,1,35,222,6.3428571428571425,0
neutral,a comprehensive range of cuttolength and slitting services will allow ruukki in particular to serve light engineering customers who relocate their production to the st petersburg area,0,27,183,6.777777777777778,0
neutral,creating interfaces that are more similar to interactions in the real world can enable experiences that are more natural and intuitive  in the same way that modern games and movies are more immersive through the use of realistic 3d graphics,0,40,240,6.0,1
neutral,fiskars will be undertaking community projects throughout the uk and they are also on the lookout for local volunteers who are interested in helping out with the selected restoration projects,0,30,191,6.366666666666666,0
neutral,internet business news   19952006 m2 communications ltd as part of a drive to protect users of its internet banking service  barclays bank has announced that it is to recommend fsecure internet security to its customers,0,35,219,6.257142857142857,9
positive,tieto was looking for an energy solution which would best support the idea of sustainable development  and we were happy to be able to provide such a solution  saysjouni haikarainen  vice president  fortum,1,33,205,6.212121212121212,0
neutral,according to rautaruukki  the company wants to promote the use of emissionfree energy sources,0,14,93,6.642857142857143,0
neutral,atria chose the delight to attract consumers in the 2545 age group to its atria fresh range of microwaveable meals,0,20,114,5.7,4
positive,i use natural fibers to make the clothes more comfortable  to allow your skin to breathe and to be ecofriendly,1,20,110,5.5,0
neutral,in addition  a good biological durability is achieved,0,8,53,6.625,0
neutral,the newlycompleted allure of the seas and its identical sister ship  oasis of the seas  which was completed last year are the world s largest cruise ships,0,27,154,5.703703703703703,0
neutral,the recruits who have completed the kretailer trainee program are qualified to start a career as independent retailers in kstores,0,20,129,6.45,0
neutral,wins 98  acceptance 23 december 2009  finnish industrial machinery company metso oyj  hel  meo1v  said today it will complete its takeover offer for textile company tamfelt oyj abp  hel  tafks   after acquiring 98  of its shares and votes,0,38,238,6.2631578947368425,11
positive,we love activision s fresh  colorful approach to rapala  we fish   said kelly brockpahler  rapala,1,15,97,6.466666666666667,0
neutral,a light  bright and pretty addition to your life  it will also keep a few pennies in your bank account,0,20,102,5.1,0
neutral,all amer sports companies develop and manufacture technically advanced products that improve the performance of active sports participants,0,18,138,7.666666666666667,0
positive,at the same time i am delighted by the fact that we were able to accomplish the organization with our own team members,1,23,118,5.130434782608695,0
neutral,in addition  we will launch a versatile online service to complete the traditional printed newspaper  mr valkama says,0,18,117,6.5,0
neutral,stora enso said delight was suitable for a wide range of applications including food  cosmetics  home decoration and leisure products,0,20,133,6.65,0
positive,we are very proud to be able to use this kind of innovative mobile service for voting in elections,1,19,98,5.157894736842105,0
positive,tim cockroft brings with him an excellent track record having more than 18 years experience  moreover  tim has successfully developed the capital markets operations at kaupthing singer  friedlander involving corporate finance and broking with a focus on midmarket companies,1,39,273,7.0,2
neutral,the board further said the company omitted to tender for a substantial part of the works and as such they had rightfully been found nonresponsive by the evaluation team,0,29,168,5.793103448275862,0
positive,after a long  unprofitable period the food division posted a profitable result  which speaks of a healthier cost structure and a new approach in business operations   rihko said,1,28,177,6.321428571428571,0
positive,while concerns remain longer term  size and scale may enable nokia to hold on to its newfound margin improvements in the near term   the analyst wrote,1,26,150,5.769230769230769,0
positive,continuing operations turned an operating loss of eur 01 mn  a slight improvement from a loss of eur 02 mn a year earlier,1,23,121,5.260869565217392,4
positive,earnings per share were higher at 048 against 037 a year before and ahead of market consensus of 040 eur,1,20,104,5.2,9
positive,wrtsil s solution has been selected for its low fuel consumption  environmentally sound technology  and global service support,1,18,126,7.0,0
positive,dirk jones  head of financial institutions client sales management  gts  citigroup  inc  said   citi is extremely pleased to be providing global custody services to pohjola group bank,1,27,183,6.777777777777778,0
positive,the company said it estimates to make a slight profit thanks to costcutting measures,1,14,84,6.0,0
positive,the previously concluded adaptation measures  concerning other staff  were adequate for the time being  and the planning operations continue as before at the plant  the company said,1,27,181,6.703703703703703,0
positive,the previously concluded adaptation measures concerning the other personnel are adequate for the time being  raute said,1,17,119,7.0,0
positive,after fixing our homebase  cutting costs and closing the nonprofitable units  we are now looking at going forward   she said,1,20,124,6.2,0
positive,29 september  2010 finnish waste management and recycling company lassila  tikanoja expands its operations in russia by introducing its recently completed recycling plant in the city of dubna near moscow,1,30,203,6.766666666666667,6
positive,rory fitzgerald  general manager  operations  bristol port  said   with the use of low maintenance technology we can save up to 30 per cent on servicing  plus the load sensing hydraulics can save us an extra 15 to 30 per cent on fuel consumption,1,43,245,5.6976744186046515,6
neutral,method and system for controlling a hard disk drive using a multimediacard physical interface  was invented by marko ahvenainen ruutana  finland,0,21,144,6.857142857142857,0
neutral,the 10000odd square metre plot that stockmann has bought for the nevsky center shopping center is located on nevsky prospect  st petersburg s high street  next to the vosstaniya square underground station  in the immediate vicinity of moscow station,0,39,249,6.384615384615385,5
positive,the court found telecominvest s arguments convincing,1,7,52,7.428571428571429,0
neutral,the other actions include the cutting of the expensive weekend shifts  the freezing of the production bonus system and by a general costcutting program,0,24,151,6.291666666666667,0
neutral,typically  the transmission power level can be decreased when the interference noise is above a predefined value,0,17,112,6.588235294117647,0
neutral,bioheapleaching makes extraction of metals from low grade ore economically viable,0,11,81,7.363636363636363,0
positive,dubai nokia has announced the launch of  comes with music   its groundbreaking service which introduces a new way for people to enjoy music,1,23,139,6.043478260869565,0
negative,rapala vmc corporation stock exchange release october 10  2008 at 1145 am kaupthing bank oyj   kapthing   has informed rapala vmc corporation   rapala   that it has interrupted the liquidity providing for rapala s share for the time being,-1,37,238,6.4324324324324325,10
neutral,steve jackson  ebusiness analyst at satama and former ceo of aboavista said   google broke the mold when they gave away google analytics for free,0,24,145,6.041666666666667,0
neutral,sukhraj dulai  of the 2900 block of boni sue court  a culdesac on the city s north side  started the vehicle and went inside his house about 8 am tuesday  leaving the garage door open,0,35,183,5.228571428571429,5
neutral,the negotiations concern 246 salaried and senior salaried employees and are scheduled to be completed in six weeks,0,18,114,6.333333333333333,3
neutral,typical enduses include roof structures  floorings  walls and ceilings  nonvisible structures in vehicles  packaging and boxes  construction site structures  fencing and shelters  and formwork with a limited number of concrete pourings,0,31,235,7.580645161290323,0
neutral,we offer challenging and interesting employment for over 20000 people in 20 countries throughout europe,0,15,103,6.866666666666666,7
neutral,we offer our clients integrated management consulting  total solutions for complex projects and efficient  bestinclass design and supervision,0,18,141,7.833333333333333,0
neutral,our research shows that access to information technology has been one of the limiting factors for most small businesses especially when they work in a heterogenous network based environment,0,29,189,6.517241379310345,0
positive,1 block lamp harri koskinen s light was introduced in 1996 and has been a bestseller ever since,1,18,95,5.277777777777778,5
neutral,amer  which bought salomon from adidas in october  said the job cuts are aimed at boosting competitiveness,0,17,106,6.235294117647059,0
negative,however  this increases signaling traffic which wastes network resources and allows fewer smartphones to connect,-1,15,112,7.466666666666667,0
neutral,in a note to clients published  the dutch broker described the company s third quarter results as  soft   although it also noted that elcoteq retained its guidance  dealers said,0,29,177,6.103448275862069,0
neutral,m2 communications disclaims all liability for information provided within information on on the world wide web,0,16,110,6.875,1
neutral,rosen was cautious about being too optimistic inregard to the second half of the year,0,15,85,5.666666666666667,0
neutral,the eb tough voip field phone is equipped with an integrated speaker  ethernet and shdsl connectivity  and enables several innovative applications,0,21,146,6.9523809523809526,0
negative,the first ship has been delayed and is estimated to be completed in spring 2010,-1,15,79,5.266666666666667,4
negative,tallink silja attributes the significant drop to problems with the booking system that was taken into operation in october  the sale of trailer ferry  sky wind  and the route between stockholm and riga  which has won passengers from the helsinkistockholm route,-1,41,260,6.341463414634147,0
negative,finnlines estimated in its annual general meeting that 2008 will be financially a tough year due to large investments,-1,19,117,6.157894736842105,4
negative,adjustment to the fall in price level  in contrast  has been less effective,-1,13,75,5.769230769230769,0
negative,17 march 2011  goldman sachs estimates that there are negative prospects for the norwegian mobile operations of norway s telenor asa osl  tel and sweden s teliasonera ab sto  tlsn in the short term,-1,34,197,5.794117647058823,6
positive,to ensure low operational cost for radio networks  the bts modules can be configured  software upgraded and diagnosed remotely,1,19,126,6.631578947368421,0
negative,based on the first quarter result  existing order backlog and new order prospects  the company expects that fullyear sales will contract by 25  from 2008  the gross margin will stay at a healthy level  and the operating profit margin will be lower than in 2008 due to lower sales volume,-1,50,286,5.72,10
positive,key shareholders of finnish it services provider tietoenator oyj on friday rejected a hostile eur1 08 billion  167 billion offer from buyout shop nordic capital  giving new life to a possible counter offer from blackstone group lp and norwegian telecom telenor asa,1,42,264,6.285714285714286,6
neutral,he answers questions on how many visitors conversations gets  how big the team is and what the problems are when setting up social media channels,0,25,145,5.8,0
negative,stores 16 march 2010  finnish stationery and gift retailer tiimari hel  tii1v said yesterday that it will cut a total of 28 jobs in its units tiimari retail ltd and gallerix finland ltd as a result of the closure of shops,-1,41,221,5.390243902439025,9
neutral,a local waste management company  turun seudun jtehuolto  has planned to set up a 150000 tonne wasteburning facility,0,18,116,6.444444444444445,6
neutral,according to chairman michael hornborg  the organizations has merely criticised raisio s weak performance,0,14,105,7.5,0
positive,as a result  the russia s import restrictions on finnish dairy companies will be canceled on 6 august 2010,1,19,106,5.578947368421052,5
neutral,finnish forestry company upmkymmene and waste management company lassila  tikanoja said on jan 30 they were planning to produce ethanol and energy from commercial and industrial waste,0,27,183,6.777777777777778,2
negative,only the driver was left in the car with the suspect  who was kidnapped and forced at gunpoint to drive to durham,-1,22,113,5.136363636363637,0
neutral,pge belchatow runs the 444 gw belchatow coalfired power plant  and fortum has intentions to start a ccs demonstration project jointly with teollisuuden voima oyj  tvo   another finnish utility  at the their jointly owned 565mw meripori coalfired facility,0,38,254,6.684210526315789,6
neutral,the chain has been trying to cut its own costs  pressuring vendors such as fitness equipment manufacturer precor to slash prices,0,21,128,6.095238095238095,0
neutral,biotie northamerican licensing partner somaxon pharmaceuticals started a phase iiiii clinical study in patients suffering from pathological gambling and a pilot phase ii study in nicotine addiction smoking cessation,0,29,215,7.413793103448276,0
neutral,for 24hour news  try icis news wwwiciscom click  trial   then icis news,0,12,71,5.916666666666667,2
neutral,he wore a black beanietype cap and a black jacket,0,10,49,4.9,0
negative,the administrators have indicated a need for 900 job cuts at the irish insurer over the next 15 months,-1,19,102,5.368421052631579,5
neutral,the products have a low salt and fat content,0,9,44,4.888888888888889,0
negative,the total need for staff cuts corresponds to about 300 manyears,-1,11,63,5.7272727272727275,3
neutral,according to product manager lassi hietanen  building a power plant that burns mixed waste in helsinki may not be a good idea because this reduces the production of combined power plants using natural gas,0,34,204,6.0,0
negative,according to scanfil  demand for telecommunications network products has fluctuated significantly in the third quarter of 2006  and the situation is expected to remain unstable for the rest of the year,-1,31,201,6.483870967741935,4
negative,finnair believes the strike will cause it daily net losses in excess of eur 2mn due to canceled reservations and passenger rerouting,-1,22,132,6.0,1
negative,helsinki thomson financial  shares closed little changed  with cargotec and huhtamaki dropping sharply on disappointing secondquarter reports,-1,17,141,8.294117647058824,0
negative,the airline estimated that the cancellation of its flights due to the closure of european airspace  and the process of recommencing traffic  have caused a the company a loss of eur20m  including the costs of stranded passengers  accommodation,-1,38,242,6.368421052631579,2
negative,the announcement comes two weeks before a key licensing agreement expires between between the two companies which are embroiled in a disagreement over royalty payments for texas instrument chips which use qualcommpatented technology,-1,33,232,7.03030303030303,0
negative,in finland  oppohjola s staff union is boycotting the group s insurance sales tasks because the company has refused to take the sale of insurance into account in determining wages,-1,30,179,5.966666666666667,0
negative,ruukki group calculates that it has lost eur 4mn in the failed project,-1,13,70,5.384615384615385,1
negative,samsung currently occupies third place and lost ground during the quarter  dropping by 18  to an 111  share overall,-1,19,115,6.052631578947368,5
negative,the baltimore police and fire pension  which has about  15 billion  lost about  35 million in madoff ponzi scheme,-1,19,113,5.947368421052632,4
negative,vanhanen said the strike would be  extremely damaging  as some 1300 participants and reporters begin to arrive in finland for the oneday eu summit with russian president vladimir putin in lahti  about 100 kilometers  60 miles  north of helsinki,-1,39,244,6.256410256410256,9
negative,small firms are suffering at the moment because they are likely to have money trouble   he added,-1,17,96,5.647058823529412,0
negative,altogether finnair has canceled over 500 flights because of the strike,-1,11,70,6.363636363636363,3
negative,operating result  excluding oneoff items  totaled eur 91 mn compared to eur 106 mn in continuing operations  excluding oneoff items in 2004,-1,22,139,6.318181818181818,9
negative,dealers said the share was largely hit by investor disappointment about a refining margin of just 948 usd per barrel for the quarter and the performance of its shipping unit  which saw ebit drop to 5 mln eur from 20 mln eur a year amid a fall in volumes and tanker rates,-1,52,270,5.1923076923076925,6
negative,making matters more difficult  the company said it has been grappling with higher oil and gas prices  which have pushed up the cost of energy  raw materials and transportation,-1,29,175,6.0344827586206895,0
positive,beyond the improved voice capabilities  customers now have a streamlined way to comply with recalls and other traceability requirements  providing them with a competitive advantage,1,25,180,7.2,0
positive,finnair was able to operate most of its leisure flights despite the strike,1,13,74,5.6923076923076925,0
neutral,the business idea of budget sport is to offer customers a wide range of highquality sports equipment and clothing at low prices  the company said,0,25,145,5.8,0
neutral,one of the headboxes will be equipped with a modern consistency control system to ensure cross machine profile of the plasterboard,0,21,130,6.190476190476191,0
neutral,one of the headboxes will be equipped with a modern consistency control system to ensure cross machine profile of the plasterboard  company said in a statement received by lesprom network,0,30,187,6.233333333333333,0
negative,small investors have voiced fears that the shares will end up with risk investors,-1,14,81,5.785714285714286,0
negative,the result will also be burdened by increased fixed costs associated with operations in china  and restructuring costs in japan,-1,20,127,6.35,0
positive,as part of the transaction  mreal and sappi have also signed a longterm agreement on the supply of pulp and bctmp and other smaller services and supplies,1,27,153,5.666666666666667,0
neutral,sales were down 14 per cent in finland and up 27 per cent abroad where sales were lifted by the strong growth in sales in russia and lithuania,0,28,142,5.071428571428571,4
neutral,in asia earlier  japan s nikkei index fell 062 percent and hong kong s hang seng index rose 056 percent,0,20,103,5.15,6
neutral,4 february 2011  finnish privacy and security software developer tectia oyj  hel  tec1v  said wednesday it has set up two strategic business units  managed security and mobile authentication,0,28,190,6.785714285714286,6
negative,operating profit for the 12month period decreased from eur2 9 m while turnover increased from eur24 5 m  as compared to the financial year 2004,-1,25,143,5.72,11
negative,operating profit for the 12month period decreased from eur28 2 m while net turnover increased from eur313 42 m  as compared to the financial year 2004,-1,26,150,5.769230769230769,14
negative,operating profit for the 12month period decreased from eur5 4 m while net sales increased from eur62 0 m  as compared to the financial year 2004,-1,26,144,5.538461538461538,11
neutral,operating profit for the 12month period decreased from eur9 6 m while net sales increased from eur69 0 m  as compared to 2005,0,23,125,5.434782608695652,11
neutral,operating profit for the sixmonth period decreased from eur111 9 m  while sales increased from eur1 275 m  as compared to the corresponding period in 2006,0,26,154,5.923076923076923,12
negative,operating profit for the sixmonth period decreased from eur21m  while net sales increased from eur436 9 m  as compared to the corresponding period in 2007,-1,25,154,6.16,10
negative,operating profit for the threemonth period decreased from eur1 65 m while net sales increased from eur14 6 m  as compared to the corresponding period in 2005,-1,27,157,5.814814814814815,10
negative,in the first half of 2008  the bank s operating profit fell to eur 118 mn from eur 189 mn  while net interest income increased to eur 209 mn from eur 188 mn in the first half of 2007,-1,39,182,4.666666666666667,20
negative,operating profit for the 12month period decreased from eur157 5 m  while net sales increased from eur634 3 m  as compared to 2007,-1,23,129,5.608695652173913,14
negative,operating profit for the 12month period decreased from eur17 9 m while net sales increased from eur58 3 m  as compared to 2007,-1,23,126,5.478260869565218,12
negative,operating profit for the ninemonth period decreased from eur19 9 m while net sales increased from eur155 7 m  as compared to the corresponding period in 2007,-1,27,157,5.814814814814815,11
negative,comparable operating profit for the quarter decreased from eur510m while sales increased from eur860m  as compared to the third quarter 2007,-1,21,140,6.666666666666667,10
negative,earlier today  geberit s finnish rival uponor oyj cut its fullyear sales growth forecast to 6 pct from 10 pct  blaming tough conditions in germany and the us  as well as currency factors,-1,33,186,5.636363636363637,3
positive,in the fourth quarter of 2009  atria s net loss shrank to eur 12 million from eur 59 million and net sales contracted to eur 3404 million from eur 3611 million,1,31,159,5.129032258064516,16
negative,operating loss totalled eur 03 mn  down from a profit of eur 51 mn in the first half of 2009,-1,20,92,4.6,8
negative,operating loss totalled eur 09 mn  down from a profit of eur 27 mn,-1,14,66,4.714285714285714,4
negative,pretax loss totaled eur 12 mn  down from a profit of eur 21 mn in 2004,-1,16,70,4.375,8
negative,the group s operating loss was eur 08 mn  down from a profit of eur 25 mn in 2004,-1,19,81,4.2631578947368425,8
negative,the finnish national carrier said net loss in april through june was euro26 million  down from a net profit of euro13 million a year earlier,-1,25,140,5.6,4
negative,it generated an operating loss of eur 963 mn  down from a profit of eur 439 mn,-1,17,78,4.588235294117647,6
neutral,the highest growth would be in china  while weakening demand would continue in north america  upm said,0,17,102,6.0,0
negative,upm said the move will lower net profit by  x20ac 385 million us 520 million in the second quarter  mainly due to impairment charges,-1,24,132,5.5,8
neutral,marubeni has participated in ghg  green house gas  emission reduction projects overseas  obtained emissions credit from its projects and has provided these to japanese clients,0,25,175,7.0,0
positive,the two companies will also partner in further developing raiso s cholesterol lowering brand  benecol,1,15,101,6.733333333333333,0
neutral,below are consolidated  unaudited results for amanda capital under ifrs reporting standards,0,12,91,7.583333333333333,0
neutral,below are unaudited consolidated results for aspocomp group under ifrs reporting standards,0,12,90,7.5,0
neutral,aspocomp group oyj stock exchange release december 15  2006 at 450 pm according to the disclosure received today by aspocomp group oyj  the share of henrik nyberg in aspocomp group oyj s share capital and votes has decreased below 5 percent,0,41,240,5.853658536585366,10
neutral,sales fell abroad but increased in finland,0,7,42,6.0,0
negative,since the association s data do not cover sales figures from about 100 small local breweries and sales of imported beer products  the actual market shares of its members are smaller than those given in the report,-1,37,212,5.72972972972973,3
neutral,total two offers were received by contracting authority for participating in this contract  however the contract was allotted to affecto finland oy,0,22,147,6.681818181818182,0
negative,at 133 pm  the omx helsinki 25 was 030 pct lower at 246367 and the omx helsinki was down 037 pct at 853742 on volume of 256 mln eur,-1,29,131,4.517241379310345,26
negative,at 1201 pm  the omx helsinki 25 was down 066 pct to 314357 and the omx helsinki was 067 pct lower at 1053074 on 253 mln eur turnover,-1,28,132,4.714285714285714,28
neutral,compared with the ftse 100 index  which fell 352 points  or 06   on the day  this was a relative price change of 06,0,23,115,5.0,10
neutral,elcoteq se is europe s largest contract electronics maker and has set up a unit in bangalore in association with avista advisory of mumbai,0,24,138,5.75,0
negative,helsinki  afx   kci konecranes said that franklin resources inc s share of voting rights in the finnish cranes company fell last week to 465 pct from more than 9 pct in october 2005,-1,33,181,5.484848484848484,8
negative,in januaryaugust 2009  imports by sea in container  lorry  and trailer units fell by 277  and exports by 286  from the corresponding period in 2008,-1,25,147,5.88,14
neutral,liora s got a brandnew bag,0,6,26,4.333333333333333,0
negative,the airline s share price closed down slightly at   x20ac  1251   15us 74  in helsinki,-1,15,86,5.733333333333333,10
negative,the omx helsinki 25 ended 047 pct lower at 315055 and the omx helsinki was down 021 pct at 1073642 on 1523 bln eur turnover,-1,25,123,4.92,25
neutral,the podcast  sees harple provide the lowdown on gypsii s platform  which takes someone s location and demographic information to produce a contextual index of the world around them,0,29,180,6.206896551724138,0
negative,when this information was released on 5 september 2008  nokia s american depositary shares fell by 8,-1,17,100,5.882352941176471,6
neutral,among other finnish shares traded in the us  stora enso closed 033 pct lower at 1211 eur  upmkymmene was up 028 pct at 1810 eur  and metso was down 013 pct at 3106 eur,0,34,167,4.911764705882353,21
negative,finnish construction company yit is reducing the number of startups of marketfinanced residential units in 2007 to about 2300 from the previously announced 2700,-1,24,160,6.666666666666667,12
negative,at 1033 am  huhtamaki was the market s biggest faller  869 pct lower at 1135 eur  while the omx helsinki 25 was 032 pct higher at 333241  and the omx helsinki was up 047 pct at 1168732,-1,37,184,4.972972972972973,32
negative,at 1259 pm  the omx helsinki 25 index was 032 pct lower at 269481,-1,14,65,4.642857142857143,15
negative,at the close  the omx helsinki 25 was 001 pct lower at 306764 points and the omx helsinki was down 005 pct at 1032146 points on over 1343 bln eur of turnover,-1,32,157,4.90625,25
neutral,body the credit falls due february 24  2014,0,8,43,5.375,6
negative,capacity will ease at its seikku sawmill in pori and alholma sawmill in pietarsaari and result in 60 people being laid off for around six weeks starting midmay  it said,-1,30,168,5.6,2
neutral,however  two of the previously ordered sets will start producing electricity at the end of october 2010  it said,0,19,112,5.894736842105263,4
neutral,sales in local currencies decreased by 05 percent while the number of subscribers rose by 127 million to a total of 1476 million at the end of fourth quarter  the company said,0,32,175,5.46875,9
negative,the company confirmed its estimate for lower revenue for the whole 2009 than the yearago eur 939 million usd 1373 m as given in the interim report on august 5,-1,30,158,5.266666666666667,12
negative,the company expects its net sales for the whole 2009 to remain below the 2008 level,-1,16,83,5.1875,8
negative,the measures result from decreased demand in technical design and product information,-1,12,85,7.083333333333333,0
negative,the omx nordic 40 omxn40 index  comprising the 40 most traded nordic stocks on the nasdaq omx exchange  closed down 087  at 106414 points on thursday,-1,26,149,5.730769230769231,15
negative,the repurchases shall decrease the distributable capital and reserves,-1,9,69,7.666666666666667,0
negative,net sales for the period are expected to fall well below that of last year and the result after nonrecurring items is expected to be in the red,-1,28,143,5.107142857142857,0
negative,in finland  the bank of land reports its operating profit fell to eur 61 mn in the second quarter of 2008 from eur 75 mn in the second quarter of 2007,-1,31,150,4.838709677419355,12
negative,budapest  august 10 mti  finnish electronics maker elcoteq will lay off 700 workers at its plants in pecs s hungary at the end of september because of falling orders  communications director for elcoteq s local unit  zoltan krippl told mti on monday,-1,42,249,5.928571428571429,5
negative,earnings per share eps in 2005 decreased to eur0 66 from eur1 15 in 2004,-1,15,72,4.8,14
negative,finnair s tallinnbased subsidiary  aero as  carried 23335 passengers  a decline of 608   on routes between helsinki and the baltic capitals and within southern finland,-1,25,167,6.68,8
negative,helsinki afx  kesko corp is expected to report a lower second quarter eps today due to tax charges  but other earnings lines are seen higher yearonyear  analysts said,-1,28,166,5.928571428571429,0
negative,in q1 of 2009  bank of land s net interest income weakened by 10  to eur 91 mn,-1,18,78,4.333333333333333,9
negative,adpnews  aug 3  2009  finnish media group ilkkayhtyma oyj hel  ilk2s said today its net profit fell 45  on the year to eur 59 million usd 84 m in the first half of 2009,-1,34,168,4.9411764705882355,16
negative,operating profit for 2009 lower than outlook published earlier,-1,9,62,6.888888888888889,4
negative,operating profit for continuing operations fell to eur 483 mn from eur 724 mn in the first half of 2007,-1,20,103,5.15,10
negative,revenue for the quarter totaled 274 billion  down 2 percent from 281 billion in the fourth quarter in 2008,-1,19,106,5.578947368421052,11
negative,sampo bank s market share of lending was 136   down from 144  in the first quarter of 2008,-1,18,90,5.0,10
negative,sanoma news  advertising sales decreased by 22  during the year,-1,10,63,6.3,2
negative,26 october 2010  finnish environmental management company lassila  tikanoja oyj  hel  lat1v   or lt  said today its net profit declined to eur20 9 m for the first nine months of 2010 from eur27 6 m for the same period a year earlier,-1,42,232,5.523809523809524,17
negative,finnish bank of land reports its operating profit fell to eur 49 mn in the third quarter of 2007 from eur 56 mn in the third quarter of 2006,-1,29,140,4.827586206896552,12
negative,finnish bank of land reports operating profit of eur 22 mn in the first quarter of 2010  down from eur 63 mn in the corresponding period in 2009,-1,28,144,5.142857142857143,12
negative,finnish electronics contract manufacturer scanfil reports net sales of eur 2412 mn in 2006  down from eur 3216 mn in 2005,-1,21,121,5.761904761904762,16
negative,finnish electronics contract manufacturer scanfil reports net sales of eur 589 mn in the second quarter of 2007  down from eur 624 mn a year earlier,-1,26,148,5.6923076923076925,10
negative,finnish exel composites  a technology company that designs  manufactures  and markets composite profiles and tubes for various industrial applications  reports its net sales decreased by 06  in the second quarter of 2010 to eur 192 mn from eur 193 mn in the corresponding period in 2009,-1,46,286,6.217391304347826,16
negative,finnish geosentric s net sales decreased to eur 939000 in januarymarch 2009,-1,12,75,6.25,10
negative,finnish kemira s net sales eur decreased to eur 12596 mn in januaryjune 2009 from eur 14251 mn in januaryjune 2008,-1,21,114,5.428571428571429,18
negative,finnish plumbing and heating systems supplier uponor s net sales from continuing operations decreased by 94  in 2008 to eur 9492 mn from eur 10474 mn in 2007,-1,28,157,5.607142857142857,19
negative,finnish plumbing and heating systems supplier uponor s net sales in continuing business operations decreased to eur 2491 mn in julyseptember 2008  compared to eur 2621 mn in the third quarter of 2007,-1,33,199,6.03030303030303,16
negative,finnish scanfil  a contract manufacturer and systems supplier for communication and industrial electronics reports net sales of eur 1087 mn in the first half of 2008  down from eur 1111 mn a year earlier,-1,34,203,5.970588235294118,12
negative,finnish scanfil  a systems supplier and contract manufacturer to the communications sector and the electronics industry  reports its net sales totalled eur 947 mn in the first half of 2010  down from eur 995 mn in the first half of 2009,-1,41,236,5.7560975609756095,14
negative,finnish scanfil  a systems supplier and contract manufacturer to the communications sector and the electronics industry  reports net sales of eur 496 mn in the first quarter of 2009  which are only a per cent smaller than in the corresponding period in 2008,-1,43,257,5.976744186046512,11
negative,finnish shipping company finnlines  of the grimaldi group  reports its net sales decreased to eur 2418 mn in januaryjune 2009 from eur 3840 mn in the corresponding period in 2008,-1,30,178,5.933333333333334,16
negative,cargo traffic fell 1  yearonyear to 8561 tonnes in september 2009,-1,11,65,5.909090909090909,9
negative,cash flow after investments amounted to eur45m  down from eur46m,-1,10,64,6.4,4
negative,cocacola was the market leader of manufacturers with a market share of 369   down 22  from the corresponding period in 20042005,-1,21,127,6.0476190476190474,13
negative,comparable operating profit decreased to eur 138 mn from eur 171 mn in the corresponding period in 2005,-1,18,103,5.722222222222222,10
negative,consolidated operating profit from continuing operations decreased by 623  to eur 512 mn from eur 1357 mn in 2007,-1,19,113,5.947368421052632,14
negative,consolidated pretax profit decreased by 692  to eur 410 mn from eur 1331 mn in 2007,-1,16,83,5.1875,14
negative,device volume in the area decreased by 21  to 27 mn units,-1,12,57,4.75,4
negative,diluted earnings per share  eps  declined to eur 078 from eur 176,-1,12,65,5.416666666666667,6
negative,diluted earnings per share  eps  fell to eur 063 from eur 171,-1,12,61,5.083333333333333,6
negative,down to eur5 9 m h1 09 3 august 2009  finnish media group ilkkayhtyma oyj  hel  ilk2s  said today its net profit fell 45  on the year to eur5 9 m in the first half of 2009,-1,37,171,4.621621621621622,19
negative,earnings per share  eps  amounted to eur1 37  down from eur2 30,-1,12,63,5.25,6
negative,earnings per share  eps  in 2005 decreased to eur1 87 from eur1 89 in 2003,-1,15,74,4.933333333333334,14
negative,earnings per share  eps  in the first half of 2007 amounted to eur0 29  down from eur0 40 year ago,-1,20,98,4.9,10
negative,finnair s total traffic decreased by 87  in terms of revenue passenger kilometres,-1,13,81,6.230769230769231,2
negative,finnish business software group affectogenimap oyj said its net profit halved to 12 mln euro   15 mln  in the first nine months of 2006 from 22 mln euro   28 mln  in the same period of 2005,-1,36,189,5.25,16
negative,finnish financial software solutions developer basware oyj said its net profit fell to 884000 euro   12 mln  for the first quarter of 2007 from 20 mln euro   27 mln  a year earlier,-1,32,180,5.625,16
negative,finnish glass technology company glaston oyj abp net profit decreased to 26 mln euro   38 mln  for the first nine months of 2007 from 78 mln euro   114 mln  for the same period of 2006,-1,35,184,5.257142857142857,17
negative,finnish management software solutions provider ixonos oyj net profit decreased to 369000 euro   575000  for the first quarter of 2008 from 669000 euro   10 mln  for the same period of 2007,-1,31,188,6.064516129032258,28
negative,finnish media company talentum oyj s net profit decreased to 25 mln euro   40 mln  for the first quarter of 2008 from 30 mln euro   47 mln  for the same period of 2007,-1,33,167,5.0606060606060606,16
negative,finnish metal products company componenta oyj net profit went slightly down to 251 mln euro   402 mln  for the first half of 2008 from 254 mln euro   407 mln  for the same period of 2007,-1,35,186,5.314285714285714,20
negative,in a separate announcement to the helsinki stock exchange  atria revealed that the company s third quarter profits declined from eur13 9 m in the third quarter of last year to eur12 7 m in this year s q3,-1,39,203,5.205128205128205,7
negative,in the fourth quarter of 2008  net sales decreased to eur 1214 mn from eur 1655 mn in the fourth quarter of 2007,-1,23,112,4.869565217391305,16
negative,insurer axa  par  cs  slid by 535  to eur 1415  after citigroup and ing slashed their targets on the stock,-1,20,106,5.3,7
negative,adp news   feb 11  2009  finnish wood products technology supplier raute oyj  hel  rutav  said today its net profit decreased to eur 47 million  usd 61 m  for 2008 from eur 66 million for 2007,-1,35,192,5.485714285714286,20
negative,adp news   feb 12  2009  finnish construction company lemminkainen oyj  hel  lem1s  said today its net profit decreased to eur 635 million  usd 811 m  for 2008 from eur 806 million for 2007,-1,33,189,5.7272727272727275,24
negative,adp news   feb 4  2009  finnish broadband data communication systems and solutions company teleste oyj  hel  tlt1v  said today its net profit decreased to eur 55 million  usd 72 m  for 2008 from eur 94 million for 200,-1,38,217,5.7105263157894735,19
negative,adp news   jan 22  2009  finnish mobile phones maker nokia oyj  omx  nok1v  said today its operating profit decreased to eur 5 billion  usd 65 bn  for 2008 from eur 8 billion for 2007,-1,34,183,5.382352941176471,19
negative,adpnews   may 4  2010  finnish cutlery and hand tools maker fiskars oyj abp  hel  fisas  said today its net profit declined to eur 129 million  usd 17m  in the first quarter of 2010 from eur 17 million in the correspond,-1,40,219,5.475,16
negative,adpnews   oct 21  2009  finlandbased it consultancy tieto oyj  hel  tie1v  said today its net profit plunged to eur 294 million  usd 439 m  for the first nine months of 2009 from eur 587 million for the same period o,-1,40,216,5.4,20
negative,market share decreased on the route between helsinki in finland and tallinn in estonia by 01 percentage points to 248,-1,20,117,5.85,5
negative,net profit fell by almost half to  55 million from  94 million at the end of 2007,-1,17,81,4.764705882352941,8
negative,net profit in the three months through march 31 fell to   x20ac  103 million  us 165 million  from   x20ac  131 million a year earlier  the finnish company said,-1,28,160,5.714285714285714,15
negative,net sales decreased to eur 2205 mn from eur 4700 mn in the corresponding period in 2009,-1,17,87,5.117647058823529,12
negative,net sales decreased to eur 916 mn from eur 109mn in the corresponding period in 2005,-1,16,84,5.25,10
negative,net sales fell by 33  from the third quarter of 2008 to eur 1305 mn,-1,15,67,4.466666666666667,10
negative,net sales fell by 5  from the previous accounting period,-1,10,56,5.6,1
negative,net sales of kyro s main business area  glaston technologies  a manufacturer of glass processing machines  decreased to eur 1615 mn from eur 1641 mn in januaryseptember 2005,-1,28,173,6.178571428571429,12
negative,operating profit decreased to eur 16mn from eur 211 mn in 2008,-1,12,62,5.166666666666667,9
negative,operating profit fell from eur 79 mn in the second quarter of 2005 to eur 51 mn in the second quarter of 2006,-1,23,109,4.739130434782608,12
negative,operating profit fell to eur 151 mn from eur 246 mn in 2006,-1,13,59,4.538461538461538,10
negative,operating profit fell to eur 2326 mn from eur 3286 mn,-1,11,53,4.818181818181818,8
negative,operating profit fell to eur 381 mn from eur 553 mn in 2007,-1,13,59,4.538461538461538,10
negative,operating profit fell to eur 62 mn from eur 85 mn in the third quarter of 2007,-1,17,78,4.588235294117647,8
negative,orion s net profit for the third quarter of 2007 decreased to 365 mln euro   521 mln  from 403 mln euro   575 mln  a year earlier,-1,26,129,4.961538461538462,16
negative,pretax profit decreased by 37  to eur 1931 mn from eur 3056 mn,-1,13,62,4.769230769230769,10
negative,pretax profit decreased to eur 338 mn from eur 408 mn in the fourth quarter of 2005,-1,17,83,4.882352941176471,10
negative,pretax profit totaled eur 90 mn  down from eur 363 mn in 2007,-1,13,61,4.6923076923076925,9
negative,prices and delivery volumes of broadband products decreased significantly in 2005,-1,11,81,7.363636363636363,4
negative,profit for the period fell to eur 16 mn from eur 75 mn in januaryseptember 2008,-1,16,79,4.9375,8
negative,profit for the period totalled eur 08 mn  down from eur 11 mn in the corresponding period in 2008,-1,19,97,5.105263157894737,8
negative,profit for the period totalled eur 11 mn  down from eur 16 mn in the third quarter of 2008,-1,19,90,4.7368421052631575,8
negative,revenue in the quarter fell 8 percent to  euro  24 billion compared to a year earlier,-1,16,85,5.3125,3
negative,srv lowered its net sales estimate for the whole of 2008 due to uncertainties in housing sales,-1,17,94,5.529411764705882,4
negative,stora enso oyj said its secondquarter result would fall by half compared with the same period in 2007,-1,18,101,5.611111111111111,4
negative,subscription sales decreased slightly,-1,4,37,9.25,0
negative,the company confirmed its estimate for lower revenue for the whole 2009 than the yearago eur93 9 m as given in the interim report on 5 august 2009,-1,28,146,5.214285714285714,12
negative,the company said that the fall in turnover had been planned,-1,11,59,5.363636363636363,0
negative,the department store division s sales fell by 86  to eur 1402 mn,-1,13,64,4.923076923076923,6
negative,the fair value of the company s investment properties went down to eur 2768 billion at the end of 2009 from eur 2916 billion a year earlier,-1,27,139,5.148148148148148,12
negative,the fair value of the company s investment properties went down to eur2 769 bn at the end of september 2009 from eur2 878 bn a year earlier,-1,28,139,4.964285714285714,12
negative,the group s order portfolio decreased from eur 429 mn in 92007 to eur 333 mn in 22008,-1,18,85,4.722222222222222,16
negative,the net sales decreased to eur 498 million from eur 599 million,-1,12,63,5.25,6
negative,the sales of the tiimari segment fell by 40  yearonyear to eur3 3 m in june 2010,-1,17,80,4.705882352941177,8
negative,finnish electronics contract manufacturer scanfil had net sales of eur 522 mn in the first quarter of 2007  down from eur 601 mn a year before,-1,26,142,5.461538461538462,10
negative,alma media s operating profit amounted to eur 119 mn  down from eur 150 mn a year earlier,-1,18,89,4.944444444444445,6
negative,commission income decreased to eur 38 mn  compared to eur 46 mn in the third quarter of 2007,-1,18,92,5.111111111111111,8
negative,commission income fell to eur 46 mn from eur 51 mn in the corresponding period in 2007,-1,17,86,5.0588235294117645,8
negative,export declined by 6 percent to 164 million liters,-1,9,50,5.555555555555555,4
negative,exports of goods fell by 59   and imports by 167,-1,10,48,4.8,5
negative,finnish developer and manufacturer of mobile phone chargers salcomp plc omx helsinki  sal1v on wednesday 19 november lowered its fullyear net sales estimate,-1,23,156,6.782608695652174,3
negative,finnish investment group norvestia oyj said its net profit fell to 235 mln euro  306 mln in 2006 from 335 mln euro  436 mln in 2005,-1,26,131,5.038461538461538,20
negative,group ebit for the first half was eur13 6 m us 178 m  falling short of the eur22 5 m it posted for the same period of 2009,-1,28,122,4.357142857142857,13
negative,however  its market share shrank to 4759 per cent from 48 per cent a year earlier,-1,16,81,5.0625,6
negative,however  the company saw its net profit for the third quarter down to eur 14 million from eur 15 million for the corresponding period of 2009,-1,26,141,5.423076923076923,8
negative,however  the company saw its net profit for the third quarter down to eur1 4 m from eur1 5 m for the corresponding period of 2009,-1,26,129,4.961538461538462,8
negative,however  the net sales declined to eur 8036 million from eur 12 billion,-1,13,71,5.461538461538462,6
negative,in food trade  sales amounted to eur320 1 m  a decline of 11,-1,13,60,4.615384615384615,6
negative,in januarynovember 2009  the group s sales totalled eur 78017 mn  which was a drop of 126  from the same period of 2008,-1,23,119,5.173913043478261,16
negative,in julyseptember 2009  konecranes  sales decreased to eur 3687 mn from eur 5204 mn in julyseptember 2008,-1,17,104,6.117647058823529,16
negative,in sales volume  cocacola s market share has decreased by 22  to 242,-1,13,68,5.230769230769231,5
negative,in september alone  the market declined by 102 percent yearonyear to 1928 million liters,-1,14,88,6.285714285714286,7
negative,in the baltic countries  development of operations and reorganisation continued  and nonrecurring items related to the takeover process lowered earnings,-1,20,152,7.6,0
negative,in the baltic countries  sales fell by 402   and in russia  by 232  in terms of euros  and by 107  in terms of local currency,-1,25,125,5.0,9
negative,in the baltic countries  sales fell by 426,-1,8,42,5.25,3
negative,nokia s us shares were 33 percent lower at  1273 by 1750 gmt,-1,13,60,4.615384615384615,10
negative,nokia shares hit 1321 euros on friday  down 50 percent from the start of the year in part because of the slow introduction of touchscreen models,-1,26,144,5.538461538461538,6
negative,operating profit decreased to eur 112 mn from eur 166 mn,-1,11,56,5.090909090909091,6
negative,operating profit decreased to nearly eur 17 mn  however,-1,9,55,6.111111111111111,2
negative,operating profit fell to eur 203 mn from eur 742 mn in the second quarter of 2008,-1,17,81,4.764705882352941,10
negative,operating profit in the fourth quarter fell to eur33m from eur39m a year earlier,-1,14,80,5.714285714285714,4
negative,operating profit totaled eur 38 mn  down from eur 45 mn in the corresponding period in 2005,-1,17,91,5.352941176470588,8
negative,operating profit totaled eur 67 mn  down from eur 72 mn in the corresponding period in 2005,-1,17,91,5.352941176470588,8
negative,operating profit totaled eur 94 mn  down from eur 117 mn in 2004,-1,13,64,4.923076923076923,9
negative,operating profit totalled eur 122 mn  down from eur 356 mn in the first quarter of 2008,-1,17,87,5.117647058823529,10
negative,operating profit totalled eur 302 mn  down from eur 438 mn a year earlier,-1,14,73,5.214285714285714,6
negative,operating profit totalled eur 90 mn  down from eur 97 mn in the first half of 2008,-1,17,82,4.823529411764706,8
negative,operating profit totalled eur 96 mn  down from eur 420 mn the year before,-1,14,73,5.214285714285714,5
negative,operating profit was eur 01 mn  down from eur 13 mn,-1,11,51,4.636363636363637,4
negative,profit for the period was eur 109 mn  down from eur 143 mn in 2009,-1,15,66,4.4,10
negative,revenue was slightly down  at  x20ac 495 million  634 million  compared to  x20ac 497 million a year earlier,-1,18,108,6.0,13
negative,sales at the tiimari business went down by 8  to eur 118 million  while gallerix stores saw 29  growth to eur 2 million,-1,23,119,5.173913043478261,7
negative,sales by seppala diminished by 6 per cent,-1,8,41,5.125,1
negative,talentum s net sales in september were smaller than expected,-1,10,60,6.0,0
negative,the company s previous estimate was for a lower revenue than the yearago eur 939 million,-1,16,88,5.5,3
negative,the company s profit totaled ls 578100 in h1 2007  down 309  yearonyear,-1,13,71,5.461538461538462,14
negative,the company said that sales in the three months to the end of march slid to eur86 4 m us 1134 m from eur91 2 m last year,-1,28,120,4.285714285714286,10
negative,the operating margin came down to 24  from 57,-1,9,45,5.0,4
negative,the operating margin of aker yards cruise  ferries division went down from 83  to 64  in the first quarter of 2007,-1,21,114,5.428571428571429,8
negative,the terms of the aforementioned funding are considerably below the bank s current cds levels in the market and have a maturity ranging from 1 to 75 years,-1,28,153,5.464285714285714,3
negative,the total capital of funds managed by the bank decreased by 28  to eur 284mn by the end of september 2008,-1,21,105,5.0,9
negative,upm stock fell 3 percent to euro 1249  1724 in early afternoon trading in helsinki,-1,15,82,5.466666666666667,9
negative,yit s baltic sales in the first three quarters of 2008 totaled 1062 million euros  representing a drop of 29 percent year on year,-1,24,129,5.375,10
positive,according to the company  its operating profit  excluding nonrecurring items  in the fourth quarter of 2009 was significantly better than expected  and also better than the figures for the fourth quarter of 2008,1,33,211,6.393939393939394,8
positive,i am extremely delighted with this project and the continuation of cooperation with viking line,1,15,95,6.333333333333333,0
positive,the apartment block will be welllocated  in easy reach of the city center and close to both a school and kindergarten,1,21,117,5.571428571428571,0
neutral,the share issue  derogating from the preemptive right of the shareholders and comprising some six million new shares at market price  will be offered for subscription by shareholders  holders of capital notes and by professional clients,0,36,236,6.555555555555555,0
neutral,eb tough voip was designed to fulfill the communications needs of military units  and we continue to strive towards achieving that goal   mikko viitaniemi  eb elektrobit defense products  wireless solutions senior manager  said in a statement,0,36,242,6.722222222222222,0
neutral,low energy consumption and flexible loading are just a few of the advantages of the chf pro,0,17,91,5.352941176470588,0
neutral,the antibody  administered at repeated doses of up to 8 mgkg  was generally well tolerated  and the pharmacokinetic characteristics of btt1023 in psoriasis patients were consistent with those observed in a previously completed study in rheumatoid arthritis ra patients,0,39,268,6.871794871794871,5
positive,the antibody  given at repeated doses of up to 8 mgkg  was generally well tolerated  and the pharmacokinetic characteristics of btt1023 in psoriasis patients were consistent with those observed in a previously completed study in rheumatoid arthritis ra patients,1,39,261,6.6923076923076925,5
negative,adpnews  sep 28  2009  finnish silicon wafers maker okmetic oyj hel  okm1v said it will reduce the number of its clerical workers by 22 worldwide as a result of personnel negotiations completed today,-1,33,199,6.03030303030303,9
negative,demand for fireplace products was lower than expected  especially in germany,-1,11,76,6.909090909090909,0
negative,currently  the company foresees its pretax profit to remain below the 2009 level when it reached eur 700000 usd 934000  compared with previous projections of a slightly better pretax profit,-1,30,189,6.3,16
negative,however  the orders received during the period under review fell by 17  quarteronquarter from the eur 213 million recorded in the second quarter of 2010,-1,25,152,6.08,9
negative,the announcement pushed freenet shares down 63   or eur0 71  in frankfurt trade to eur10 65 as investors gave up hope united internet ag and drillisch would pursue their own takeover and breakup of freenet,-1,35,205,5.857142857142857,9
positive,danske bank as danske dc jumped 37 percent to 1334 kroner  rebounding from yesterday s 35 percent slide,1,18,103,5.722222222222222,8
positive,our superior customer centricity and expertise in digital services set us apart from our competitors,1,15,100,6.666666666666667,0
negative,according to the company  in addition to normal seasonal fluctuation the market situation has weakened during autumn 2008,-1,18,121,6.722222222222222,4
negative,changes in the market situation and tougher price competition have substantially reduced demand for bread packaging manufactured at the kauhava plant  according to the company,-1,25,175,7.0,0
negative,in the building and home improvement trade  sales decreased by 63   totalling eur 1541 mn,-1,15,89,5.933333333333334,6
negative,in the building and home improvement trade  net sales totalled eur 1173 mn  down from eur 1566 mn a year earlier,-1,21,112,5.333333333333333,8
negative,in the building and home improvement trade  sales decreased by 225  to eur 2014 mn,-1,15,82,5.466666666666667,7
negative,finnish suominen corporation that makes wipes  nonwovens  and flexible packaging  expects changes in the market situation to reduce sales of suominen s nonwovens and wet wipes from the previously estimated volumes,-1,31,213,6.870967741935484,0
neutral,the hull of the vessel was built one block at a time and ruukki delivered the plate material for each block as construction progressed,0,24,134,5.583333333333333,0
negative,the net sales of the whole fiscal year 2008 will be lower than in 2007 and operating profit is estimated to be negative,-1,23,119,5.173913043478261,8
negative,sales at the unit slumped last year after the industry was hit by poor snowfall in the major resorts in the winter of 200607,-1,24,124,5.166666666666667,6
negative,the steelmaker said that the drop in profit was explained by the continuing economic uncertainty  mixed with the current drought in bank lending  resulting in a decline in demand for its products as customers find it increasingly difficult to fund operations,-1,41,258,6.2926829268292686,0
negative,nokia s share price fell less than one percent to 1870 euros   2541  in helsinki  while siemens shares fell 102 percent to 9019 euros   12257  in frankfurt,-1,27,155,5.7407407407407405,20
negative,in february the elcoteq group sold its st petersburg facility  according to unconfirmed information the reason could have been supply problems because of the russian customs service,-1,27,181,6.703703703703703,0
negative,operating profit declined mainly due to the increased cost of wood and recycled fiber and the strengthened euro,-1,18,111,6.166666666666667,0
negative,operating profit in the fourth quarter went down to eur3m from eur4 2 m for the corresponding period of 2009 as it included costs of growth projects,-1,27,148,5.481481481481482,7
neutral,the manager is critical of politicians  failure to differentiate between beleaguered european financial institutions and skandinavian banks   which sailed through the crisis without issues,0,24,188,7.833333333333333,0
negative,upmkymmene corp  the world s largest maker of magazine paper  on tuesday reported a 19percent profit drop as lower paper prices  higher costs and a strong euro hurt revenue,-1,29,172,5.931034482758621,2
neutral,in finland  the launch of tiein sales of 3g mobile phones did not cause a dramatic rush in mobile retail outlets during the first few days,0,26,138,5.3076923076923075,1
neutral,i m not sure what s happening,0,7,29,4.142857142857143,0
neutral,as such  the space has blond wood floors  unlike the rest of the store  and a notably scandinavian vibe,0,19,103,5.421052631578948,0
neutral,the winner does not have to be present to win,0,10,45,4.5,0
negative,bosse added that trygvesta does not have the financial strength to acquire the entire unit,-1,15,90,6.0,0
neutral,pentikinen emphasises that the most of the internet contents media houses provide can not be free forever,0,17,105,6.176470588235294,0
negative,finnish meat company atria can no longer promise a sufficient amount of domestic beef to its customers,-1,17,102,6.0,0
negative,thanks to the internet  consumers compare products more than previously and finnish companies are not competitive,-1,16,113,7.0625,0
neutral,because expenditures must be justified to pass budget approval hurdles  we believe our rop model can help make it easier for it and it security practitioners to make the business case for acquiring enabling security technologies and related control activities,0,40,259,6.475,0
negative,capital expenditure on energy efficiency has unfortunately fallen along with the decline in the economy,-1,15,103,6.866666666666666,0
negative,due to the rapid decrease in net sales  personnel reductions have been carried out on a wider scale than initially expected,-1,21,123,5.857142857142857,0
negative,operating profit excluding nonrecurring items decreased to eur 62 mn from eur 168 mn in 2007  representing 23  of net sales,-1,21,123,5.857142857142857,11
negative,finnish waste management and cleaning group lassila  tikanoja oyj  lt  net profit went down to 322 mln euro   477 mln  for 2007 from 353 mln euro   523 mln  for 2006,-1,30,165,5.5,20
negative,qualcomm estimated a firstquarter profit between 46 and 50 cents a share  excluding certain items  below the analyst estimate of 61 cents a share,-1,24,145,6.041666666666667,6
negative,finnishswedish stora enso does not understand the decision issued by a federal judge in brazil concerning stora enso s associated pulp company veracel,-1,23,150,6.521739130434782,0
neutral,nevertheless  the development can not be allowed to ruin the print newspaper  which continues to be sanoma news  main medium,0,20,124,6.2,0
neutral,besides  as there is no depositor preference in finland  senior debt and deposits rank on a par  which is also taken into consideration  the agency added,0,26,153,5.884615384615385,0
negative,operating margin  however  slipped to 144  from 151   dragged down by a poor performance in enterprise solutions,-1,17,112,6.588235294117647,6
positive,the 2015 target for net sales has been set at eur 1bn and the target for return on investment at over 20,1,22,104,4.7272727272727275,7
neutral,it holds 38 percent of outokumpu s shares and voting rights  but in 2001 lawmakers gave it permission to reduce the stake to 10 percent,0,25,135,5.4,8
negative,as a result of these transactions  the aggregate holdings of burrill life sciences capital fund  lp has decreased below 5 per cent of the total number of shares and votes of the company,-1,33,185,5.606060606060606,1
negative,have notified that as a result of the company issuing 14432000 new shares in the directed offering  the joint holdings of pequot has decreased below 110 to 963  of total number of shares and votes in the company,-1,38,211,5.552631578947368,14
neutral,mobile communication and wireless broadband provider nokia inc nyse  nok today set new financial targets and forecasts for nokia and the mobile device industry and also for nokia siemens networks and the mobile and fixed infrastructure and related services market,0,40,263,6.575,0
negative,external net sales from the printing business fell by 437   partly due to the termination of the printing contract between ilkkayhtyma s printing house iprint oy and sector player hss media ab in december 2009 and the fall in printing prices,-1,41,241,5.878048780487805,7
negative,sevenmonth sales of ragutis  which is controlled by the finnish brewery olvi  declined by 112 percent  to 1541 million liters  and the company held 989 percent of the market,-1,29,173,5.9655172413793105,10
negative,the omx helsinki index was 033 pct lower at 936480  while the omx helsinki cap portfolio index was down 034 pct at 502925,-1,23,121,5.260869565217392,18
negative,the omx helsinki index was down 034 pct at 825602 on turnover of 813191 mln eur,-1,16,79,4.9375,15
negative,repeats sees 2008 operating profit down yy  reporting by helsinki newsroom  keywords  tecnomenresults,-1,13,101,7.769230769230769,4
negative,comparable operating profit totaled eur 47 mn  down from eur 51 mn in the corresponding period in 2005  representing 74  of net sales,-1,23,133,5.782608695652174,10
negative,in finland s hobby hall s sales decreased by 10   and international sales fell by 19,-1,16,84,5.25,4
negative,hobby hall s sales decrease 26 pct due to implementing a new information system that involved changing in the principal of posting sales,-1,23,136,5.913043478260869,2
negative,in the baltic states the company reports net sales of eur 119 mn  down from eur 142 mn  and an operative ebit of eur 22 mn  down from eur 17 mn,-1,31,143,4.612903225806452,10
negative,operating profits in the half were  08 m  down from  09 m as glisten invested in the brand and the management team,-1,22,114,5.181818181818182,4
negative,sales in finland decreased by 20   and international sales decreased by 93  in terms of euros  and by 151  in terms of local currencies,-1,24,135,5.625,7
negative,the company said that its comparable operating profit for the januaryjune period fell short of last year s corresponding performance,-1,20,132,6.6,0
negative,operating result for the 12month period decreased from the profit of eur0 4 m while turnover decreased from eur5 6 m  as compared to 2004,-1,25,137,5.48,10
negative,helsinki thomson financial  shares in cargotec fell sharply in early afternoon trade after the cargo handling group posted a surprise drop in apriljune profits  which overshadowed the large number of new orders received during the three months,-1,37,243,6.5675675675675675,0
negative,london marketwatch  share prices ended lower in london monday as a rebound in bank stocks failed to offset broader weakness for the ftse 100,-1,24,140,5.833333333333333,3
neutral,rinkuskiai s beer sales fell by 65 per cent to 416 million litres  while kauno alus  beer sales jumped by 69 per cent to 248 million litres,0,27,139,5.148148148148148,10
negative,operating profit fell to eur 354 mn from eur 688 mn in 2007  including vessel sales gain of eur 123 mn,-1,21,102,4.857142857142857,13
negative,net sales of the paper segment decreased to eur 2216 mn in the second quarter of 2009 from eur 2411 mn in the second quarter of 2008  while operating profit excluding nonrecurring items rose to eur 80 mn from eur 76 mn,-1,42,218,5.190476190476191,20
negative,sales in finland decreased by 105  in january  while sales outside finland dropped by 17,-1,15,88,5.866666666666666,5
